{
"type": "FeatureCollection",
"name": "Lumban Roads",
"crs": { "type": "name", "properties": { "name": "urn:ogc:def:crs:OGC:1.3:CRS84" } },
"features": [
{ "type": "Feature", "properties": { "full_id": "w23435099", "osm_id": "23435099", "osm_type": "way", "highway": "secondary", "motor_vehicle": null, "bus_bay": null, "embankment": null, "handrail": null, "tunnel": null, "covered": null, "horse": null, "description": null, "bridge:structure": null, "bridge:name": null, "source_ref": null, "width": null, "motorcycle": null, "service": null, "reg_name": null, "foot": null, "source:name": null, "narrow": null, "source:nat_name": null, "shoulder:surface": null, "overtaking": null, "maxweight": null, "layer": null, "bridge": null, "shoulder:line": null, "shoulder:bicycle": null, "shoulder": null, "junction": null, "railway": null, "is_in": null, "abandoned:railway": null, "sidewalk": null, "lit": null, "razed:railway": null, "old_name": null, "short_name": null, "postal_code": null, "bicycle": "yes", "access": "yes", "lanes": "2", "surface": "asphalt", "maxspeed:type": null, "maxspeed": null, "oneway": null, "name:etymology:wikidata": null, "name:etymology": null, "ref": "602-2", "nat_name": null, "name": "Caliraya-Cavinti Arterial Road", "designation": null, "Road_Class": "Provincial Road" }, "geometry": { "type": "MultiLineString", "coordinates": [ [ [ 121.464381, 14.2996144 ], [ 121.4642347, 14.2994457 ], [ 121.4639443, 14.2991969 ] ] ] } },
{ "type": "Feature", "properties": { "full_id": "w35601229", "osm_id": "35601229", "osm_type": "way", "highway": "primary_link", "motor_vehicle": null, "bus_bay": null, "embankment": null, "handrail": null, "tunnel": null, "covered": null, "horse": null, "description": null, "bridge:structure": null, "bridge:name": null, "source_ref": null, "width": null, "motorcycle": null, "service": null, "reg_name": null, "foot": null, "source:name": null, "narrow": null, "source:nat_name": null, "shoulder:surface": null, "overtaking": null, "maxweight": null, "layer": null, "bridge": null, "shoulder:line": null, "shoulder:bicycle": null, "shoulder": null, "junction": null, "railway": null, "is_in": null, "abandoned:railway": null, "sidewalk": null, "lit": null, "razed:railway": null, "old_name": null, "short_name": null, "postal_code": null, "bicycle": null, "access": null, "lanes": null, "surface": null, "maxspeed:type": null, "maxspeed": null, "oneway": null, "name:etymology:wikidata": null, "name:etymology": null, "ref": null, "nat_name": null, "name": null, "designation": null, "Road_Class": "National Road" }, "geometry": { "type": "MultiLineString", "coordinates": [ [ [ 121.4642086, 14.2997625 ], [ 121.4642838, 14.2997012 ], [ 121.4643449, 14.2996525 ], [ 121.464381, 14.2996144 ] ] ] } },
{ "type": "Feature", "properties": { "full_id": "w96027960", "osm_id": "96027960", "osm_type": "way", "highway": "unclassified", "motor_vehicle": null, "bus_bay": null, "embankment": null, "handrail": null, "tunnel": null, "covered": null, "horse": null, "description": null, "bridge:structure": null, "bridge:name": null, "source_ref": null, "width": null, "motorcycle": null, "service": null, "reg_name": null, "foot": null, "source:name": null, "narrow": null, "source:nat_name": null, "shoulder:surface": null, "overtaking": null, "maxweight": null, "layer": null, "bridge": null, "shoulder:line": null, "shoulder:bicycle": null, "shoulder": null, "junction": null, "railway": null, "is_in": null, "abandoned:railway": null, "sidewalk": null, "lit": null, "razed:railway": null, "old_name": null, "short_name": null, "postal_code": null, "bicycle": null, "access": null, "lanes": null, "surface": null, "maxspeed:type": null, "maxspeed": null, "oneway": null, "name:etymology:wikidata": null, "name:etymology": null, "ref": null, "nat_name": null, "name": "NPC Road", "designation": null, "Road_Class": "Barangay Road" }, "geometry": { "type": "MultiLineString", "coordinates": [ [ [ 121.4627664, 14.2928681 ], [ 121.4631352, 14.2928096 ], [ 121.4636904, 14.2927264 ], [ 121.4641082, 14.2926695 ], [ 121.4643167, 14.2926342 ], [ 121.4646122, 14.2926008 ], [ 121.4649725, 14.2925497 ], [ 121.4652246, 14.2925315 ], [ 121.4653668, 14.2925575 ], [ 121.465517, 14.2926173 ], [ 121.4656276, 14.292716 ], [ 121.4660186, 14.2932073 ], [ 121.4663619, 14.2936829 ], [ 121.4666376, 14.2940613 ], [ 121.4669412, 14.2944861 ], [ 121.4675233, 14.2952554 ], [ 121.4676762, 14.295475 ], [ 121.4680168, 14.2959104 ], [ 121.4684942, 14.2965914 ], [ 121.4693599, 14.2978078 ], [ 121.4695168, 14.2980014 ], [ 121.4699842, 14.2985914 ], [ 121.4701773, 14.2988435 ], [ 121.4703322, 14.2990664 ], [ 121.4703383, 14.2990969 ], [ 121.4703356, 14.2991294 ], [ 121.4703181, 14.2992412 ], [ 121.4702953, 14.2993633 ], [ 121.4702296, 14.2998624 ] ] ] } },
{ "type": "Feature", "properties": { "full_id": "w96027965", "osm_id": "96027965", "osm_type": "way", "highway": "residential", "motor_vehicle": null, "bus_bay": null, "embankment": null, "handrail": null, "tunnel": null, "covered": null, "horse": null, "description": null, "bridge:structure": null, "bridge:name": null, "source_ref": null, "width": null, "motorcycle": null, "service": null, "reg_name": null, "foot": null, "source:name": null, "narrow": null, "source:nat_name": null, "shoulder:surface": null, "overtaking": null, "maxweight": null, "layer": null, "bridge": null, "shoulder:line": null, "shoulder:bicycle": null, "shoulder": null, "junction": null, "railway": null, "is_in": null, "abandoned:railway": null, "sidewalk": null, "lit": null, "razed:railway": null, "old_name": null, "short_name": null, "postal_code": null, "bicycle": null, "access": null, "lanes": null, "surface": null, "maxspeed:type": null, "maxspeed": null, "oneway": null, "name:etymology:wikidata": null, "name:etymology": null, "ref": null, "nat_name": null, "name": "Gaza Street", "designation": null, "Road_Class": "Barangay Road" }, "geometry": { "type": "MultiLineString", "coordinates": [ [ [ 121.4613107, 14.2939286 ], [ 121.4617545, 14.2940113 ], [ 121.4625972, 14.2942323 ] ] ] } },
{ "type": "Feature", "properties": { "full_id": "w96027967", "osm_id": "96027967", "osm_type": "way", "highway": "unclassified", "motor_vehicle": null, "bus_bay": null, "embankment": null, "handrail": null, "tunnel": null, "covered": null, "horse": null, "description": null, "bridge:structure": null, "bridge:name": null, "source_ref": null, "width": null, "motorcycle": null, "service": null, "reg_name": null, "foot": null, "source:name": null, "narrow": null, "source:nat_name": null, "shoulder:surface": null, "overtaking": null, "maxweight": null, "layer": null, "bridge": null, "shoulder:line": null, "shoulder:bicycle": null, "shoulder": null, "junction": null, "railway": null, "is_in": null, "abandoned:railway": null, "sidewalk": null, "lit": null, "razed:railway": null, "old_name": null, "short_name": null, "postal_code": null, "bicycle": null, "access": null, "lanes": null, "surface": null, "maxspeed:type": null, "maxspeed": null, "oneway": null, "name:etymology:wikidata": null, "name:etymology": null, "ref": null, "nat_name": null, "name": "Trespiko Street", "designation": null, "Road_Class": "Barangay Road" }, "geometry": { "type": "MultiLineString", "coordinates": [ [ [ 121.4620764, 14.2926665 ], [ 121.4621536, 14.292679 ], [ 121.4627664, 14.2928681 ], [ 121.462408, 14.2932117 ] ] ] } },
{ "type": "Feature", "properties": { "full_id": "w96027970", "osm_id": "96027970", "osm_type": "way", "highway": "residential", "motor_vehicle": null, "bus_bay": null, "embankment": null, "handrail": null, "tunnel": null, "covered": null, "horse": null, "description": null, "bridge:structure": null, "bridge:name": null, "source_ref": null, "width": null, "motorcycle": null, "service": null, "reg_name": null, "foot": null, "source:name": null, "narrow": null, "source:nat_name": null, "shoulder:surface": null, "overtaking": null, "maxweight": null, "layer": null, "bridge": null, "shoulder:line": null, "shoulder:bicycle": null, "shoulder": null, "junction": null, "railway": null, "is_in": null, "abandoned:railway": null, "sidewalk": null, "lit": null, "razed:railway": null, "old_name": null, "short_name": null, "postal_code": null, "bicycle": "yes", "access": null, "lanes": null, "surface": null, "maxspeed:type": null, "maxspeed": null, "oneway": null, "name:etymology:wikidata": null, "name:etymology": null, "ref": null, "nat_name": null, "name": null, "designation": null, "Road_Class": "Barangay Road" }, "geometry": { "type": "MultiLineString", "coordinates": [ [ [ 121.4614819, 14.2931516 ], [ 121.4619, 14.2932567 ], [ 121.4621079, 14.2932892 ], [ 121.4622146, 14.2933071 ], [ 121.4623332, 14.2932948 ], [ 121.462415, 14.2932461 ] ] ] } },
{ "type": "Feature", "properties": { "full_id": "w96691980", "osm_id": "96691980", "osm_type": "way", "highway": "service", "motor_vehicle": null, "bus_bay": null, "embankment": null, "handrail": null, "tunnel": null, "covered": null, "horse": null, "description": null, "bridge:structure": null, "bridge:name": null, "source_ref": null, "width": null, "motorcycle": null, "service": null, "reg_name": null, "foot": null, "source:name": null, "narrow": null, "source:nat_name": null, "shoulder:surface": null, "overtaking": null, "maxweight": null, "layer": null, "bridge": null, "shoulder:line": null, "shoulder:bicycle": null, "shoulder": null, "junction": null, "railway": null, "is_in": null, "abandoned:railway": null, "sidewalk": null, "lit": null, "razed:railway": null, "old_name": null, "short_name": null, "postal_code": null, "bicycle": null, "access": null, "lanes": null, "surface": null, "maxspeed:type": null, "maxspeed": null, "oneway": null, "name:etymology:wikidata": null, "name:etymology": null, "ref": null, "nat_name": null, "name": null, "designation": null, "Road_Class": "Barangay Road" }, "geometry": { "type": "MultiLineString", "coordinates": [ [ [ 121.4625644, 14.2985435 ], [ 121.4625699, 14.2989612 ], [ 121.4626015, 14.2990564 ], [ 121.4632532, 14.2990863 ], [ 121.4634275, 14.2990943 ], [ 121.4636354, 14.299082 ], [ 121.4638661, 14.2990716 ] ] ] } },
{ "type": "Feature", "properties": { "full_id": "w96692012", "osm_id": "96692012", "osm_type": "way", "highway": "unclassified", "motor_vehicle": null, "bus_bay": null, "embankment": null, "handrail": null, "tunnel": null, "covered": null, "horse": null, "description": null, "bridge:structure": null, "bridge:name": null, "source_ref": null, "width": null, "motorcycle": null, "service": null, "reg_name": null, "foot": null, "source:name": null, "narrow": null, "source:nat_name": null, "shoulder:surface": null, "overtaking": null, "maxweight": null, "layer": null, "bridge": null, "shoulder:line": null, "shoulder:bicycle": null, "shoulder": null, "junction": null, "railway": null, "is_in": null, "abandoned:railway": null, "sidewalk": null, "lit": null, "razed:railway": null, "old_name": null, "short_name": null, "postal_code": null, "bicycle": null, "access": null, "lanes": null, "surface": null, "maxspeed:type": null, "maxspeed": null, "oneway": null, "name:etymology:wikidata": null, "name:etymology": null, "ref": null, "nat_name": null, "name": null, "designation": null, "Road_Class": "Barangay Road" }, "geometry": { "type": "MultiLineString", "coordinates": [ [ [ 121.4636081, 14.2985867 ], [ 121.4634645, 14.2985902 ], [ 121.4628184, 14.2985692 ], [ 121.4625644, 14.2985435 ], [ 121.4618557, 14.2984341 ], [ 121.4614874, 14.298361 ], [ 121.4611707, 14.2982971 ] ] ] } },
{ "type": "Feature", "properties": { "full_id": "w97661868", "osm_id": "97661868", "osm_type": "way", "highway": "residential", "motor_vehicle": null, "bus_bay": null, "embankment": null, "handrail": null, "tunnel": null, "covered": null, "horse": null, "description": null, "bridge:structure": null, "bridge:name": null, "source_ref": null, "width": null, "motorcycle": null, "service": null, "reg_name": null, "foot": null, "source:name": null, "narrow": null, "source:nat_name": null, "shoulder:surface": null, "overtaking": null, "maxweight": null, "layer": null, "bridge": null, "shoulder:line": null, "shoulder:bicycle": null, "shoulder": null, "junction": null, "railway": null, "is_in": null, "abandoned:railway": null, "sidewalk": null, "lit": null, "razed:railway": null, "old_name": null, "short_name": null, "postal_code": null, "bicycle": null, "access": null, "lanes": null, "surface": null, "maxspeed:type": null, "maxspeed": null, "oneway": null, "name:etymology:wikidata": null, "name:etymology": null, "ref": null, "nat_name": null, "name": "Pamilacan", "designation": null, "Road_Class": "Barangay Road" }, "geometry": { "type": "MultiLineString", "coordinates": [ [ [ 121.4621536, 14.292679 ], [ 121.4621692, 14.2925542 ], [ 121.4622248, 14.2923369 ], [ 121.4622608, 14.2920474 ], [ 121.4622769, 14.2919518 ], [ 121.4623171, 14.2916555 ], [ 121.4623662, 14.2913991 ] ] ] } },
{ "type": "Feature", "properties": { "full_id": "w113779803", "osm_id": "113779803", "osm_type": "way", "highway": "residential", "motor_vehicle": null, "bus_bay": null, "embankment": null, "handrail": null, "tunnel": null, "covered": null, "horse": null, "description": null, "bridge:structure": null, "bridge:name": null, "source_ref": null, "width": null, "motorcycle": null, "service": null, "reg_name": null, "foot": null, "source:name": null, "narrow": null, "source:nat_name": null, "shoulder:surface": null, "overtaking": null, "maxweight": null, "layer": null, "bridge": null, "shoulder:line": null, "shoulder:bicycle": null, "shoulder": null, "junction": null, "railway": null, "is_in": null, "abandoned:railway": null, "sidewalk": null, "lit": null, "razed:railway": null, "old_name": null, "short_name": null, "postal_code": null, "bicycle": null, "access": null, "lanes": null, "surface": null, "maxspeed:type": null, "maxspeed": null, "oneway": null, "name:etymology:wikidata": null, "name:etymology": null, "ref": null, "nat_name": null, "name": null, "designation": null, "Road_Class": "Barangay Road" }, "geometry": { "type": "MultiLineString", "coordinates": [ [ [ 121.4622248, 14.2923369 ], [ 121.4630152, 14.2924496 ] ] ] } },
{ "type": "Feature", "properties": { "full_id": "w113779807", "osm_id": "113779807", "osm_type": "way", "highway": "residential", "motor_vehicle": null, "bus_bay": null, "embankment": null, "handrail": null, "tunnel": null, "covered": null, "horse": null, "description": null, "bridge:structure": null, "bridge:name": null, "source_ref": null, "width": null, "motorcycle": null, "service": null, "reg_name": null, "foot": null, "source:name": null, "narrow": null, "source:nat_name": null, "shoulder:surface": null, "overtaking": null, "maxweight": null, "layer": null, "bridge": null, "shoulder:line": null, "shoulder:bicycle": null, "shoulder": null, "junction": null, "railway": null, "is_in": null, "abandoned:railway": null, "sidewalk": null, "lit": null, "razed:railway": null, "old_name": null, "short_name": null, "postal_code": null, "bicycle": null, "access": null, "lanes": null, "surface": null, "maxspeed:type": null, "maxspeed": null, "oneway": null, "name:etymology:wikidata": null, "name:etymology": null, "ref": null, "nat_name": null, "name": null, "designation": null, "Road_Class": "Barangay Road" }, "geometry": { "type": "MultiLineString", "coordinates": [ [ [ 121.4641082, 14.2926695 ], [ 121.4640202, 14.2933217 ], [ 121.4639773, 14.2933373 ], [ 121.4639531, 14.2934699 ] ] ] } },
{ "type": "Feature", "properties": { "full_id": "w113779808", "osm_id": "113779808", "osm_type": "way", "highway": "track", "motor_vehicle": null, "bus_bay": null, "embankment": null, "handrail": null, "tunnel": null, "covered": null, "horse": null, "description": null, "bridge:structure": null, "bridge:name": null, "source_ref": null, "width": null, "motorcycle": null, "service": null, "reg_name": null, "foot": null, "source:name": null, "narrow": null, "source:nat_name": null, "shoulder:surface": null, "overtaking": null, "maxweight": null, "layer": null, "bridge": null, "shoulder:line": null, "shoulder:bicycle": null, "shoulder": null, "junction": null, "railway": null, "is_in": null, "abandoned:railway": null, "sidewalk": null, "lit": null, "razed:railway": null, "old_name": null, "short_name": null, "postal_code": null, "bicycle": null, "access": null, "lanes": null, "surface": null, "maxspeed:type": null, "maxspeed": null, "oneway": null, "name:etymology:wikidata": null, "name:etymology": null, "ref": null, "nat_name": null, "name": null, "designation": null, "Road_Class": "Other" }, "geometry": { "type": "MultiLineString", "coordinates": [ [ [ 121.4666376, 14.2940613 ], [ 121.4664905, 14.2941561 ], [ 121.4661847, 14.2942107 ], [ 121.4661794, 14.294247 ], [ 121.4660372, 14.2942626 ], [ 121.466056, 14.2943848 ], [ 121.4659862, 14.2944524 ], [ 121.4659138, 14.2944472 ], [ 121.4658065, 14.2945174 ], [ 121.4655812, 14.2946005 ], [ 121.4655115, 14.294481 ], [ 121.4654525, 14.2944628 ], [ 121.4654498, 14.2944134 ], [ 121.4653425, 14.2943822 ], [ 121.4652996, 14.29426 ] ] ] } },
{ "type": "Feature", "properties": { "full_id": "w113779811", "osm_id": "113779811", "osm_type": "way", "highway": "residential", "motor_vehicle": null, "bus_bay": null, "embankment": null, "handrail": null, "tunnel": null, "covered": null, "horse": null, "description": null, "bridge:structure": null, "bridge:name": null, "source_ref": null, "width": null, "motorcycle": null, "service": null, "reg_name": null, "foot": null, "source:name": null, "narrow": null, "source:nat_name": null, "shoulder:surface": null, "overtaking": null, "maxweight": null, "layer": null, "bridge": null, "shoulder:line": null, "shoulder:bicycle": null, "shoulder": null, "junction": null, "railway": null, "is_in": null, "abandoned:railway": null, "sidewalk": null, "lit": null, "razed:railway": null, "old_name": null, "short_name": null, "postal_code": null, "bicycle": null, "access": null, "lanes": null, "surface": null, "maxspeed:type": null, "maxspeed": null, "oneway": null, "name:etymology:wikidata": null, "name:etymology": null, "ref": null, "nat_name": null, "name": "Robledo", "designation": null, "Road_Class": "Barangay Road" }, "geometry": { "type": "MultiLineString", "coordinates": [ [ [ 121.462494, 14.2935844 ], [ 121.4629575, 14.2936225 ], [ 121.4629897, 14.2935094 ], [ 121.463434, 14.2935841 ], [ 121.4635213, 14.2935583 ], [ 121.463634, 14.2934775 ], [ 121.4637762, 14.2934567 ], [ 121.4639531, 14.2934699 ] ] ] } },
{ "type": "Feature", "properties": { "full_id": "w115584227", "osm_id": "115584227", "osm_type": "way", "highway": "residential", "motor_vehicle": null, "bus_bay": null, "embankment": null, "handrail": null, "tunnel": null, "covered": null, "horse": null, "description": null, "bridge:structure": null, "bridge:name": null, "source_ref": null, "width": null, "motorcycle": null, "service": null, "reg_name": null, "foot": null, "source:name": null, "narrow": null, "source:nat_name": null, "shoulder:surface": null, "overtaking": null, "maxweight": null, "layer": null, "bridge": null, "shoulder:line": null, "shoulder:bicycle": null, "shoulder": null, "junction": null, "railway": null, "is_in": null, "abandoned:railway": null, "sidewalk": null, "lit": null, "razed:railway": null, "old_name": null, "short_name": null, "postal_code": null, "bicycle": null, "access": null, "lanes": null, "surface": null, "maxspeed:type": null, "maxspeed": null, "oneway": null, "name:etymology:wikidata": null, "name:etymology": null, "ref": null, "nat_name": null, "name": null, "designation": null, "Road_Class": "Barangay Road" }, "geometry": { "type": "MultiLineString", "coordinates": [ [ [ 121.4646122, 14.2926008 ], [ 121.4647847, 14.2923885 ], [ 121.4648705, 14.2920376 ], [ 121.4649, 14.2918687 ], [ 121.4649591, 14.2917556 ], [ 121.465067, 14.2917367 ] ] ] } },
{ "type": "Feature", "properties": { "full_id": "w122100737", "osm_id": "122100737", "osm_type": "way", "highway": "residential", "motor_vehicle": null, "bus_bay": null, "embankment": null, "handrail": null, "tunnel": null, "covered": null, "horse": null, "description": null, "bridge:structure": null, "bridge:name": null, "source_ref": null, "width": null, "motorcycle": null, "service": null, "reg_name": null, "foot": null, "source:name": null, "narrow": null, "source:nat_name": null, "shoulder:surface": null, "overtaking": null, "maxweight": null, "layer": "1", "bridge": "yes", "shoulder:line": null, "shoulder:bicycle": null, "shoulder": null, "junction": null, "railway": null, "is_in": null, "abandoned:railway": null, "sidewalk": null, "lit": null, "razed:railway": null, "old_name": null, "short_name": null, "postal_code": null, "bicycle": null, "access": null, "lanes": null, "surface": null, "maxspeed:type": null, "maxspeed": null, "oneway": null, "name:etymology:wikidata": null, "name:etymology": null, "ref": null, "nat_name": null, "name": "Pamilacan", "designation": null, "Road_Class": "Barangay Road" }, "geometry": { "type": "MultiLineString", "coordinates": [ [ [ 121.4623662, 14.2913991 ], [ 121.4623833, 14.2912632 ] ] ] } },
{ "type": "Feature", "properties": { "full_id": "w143793196", "osm_id": "143793196", "osm_type": "way", "highway": "tertiary", "motor_vehicle": null, "bus_bay": null, "embankment": null, "handrail": null, "tunnel": null, "covered": null, "horse": null, "description": null, "bridge:structure": null, "bridge:name": null, "source_ref": null, "width": null, "motorcycle": null, "service": null, "reg_name": null, "foot": null, "source:name": null, "narrow": null, "source:nat_name": null, "shoulder:surface": null, "overtaking": null, "maxweight": null, "layer": null, "bridge": null, "shoulder:line": null, "shoulder:bicycle": null, "shoulder": null, "junction": null, "railway": null, "is_in": null, "abandoned:railway": null, "sidewalk": null, "lit": null, "razed:railway": null, "old_name": null, "short_name": null, "postal_code": null, "bicycle": null, "access": null, "lanes": "2", "surface": "concrete", "maxspeed:type": null, "maxspeed": null, "oneway": null, "name:etymology:wikidata": null, "name:etymology": null, "ref": null, "nat_name": null, "name": "E. Jacinto Street", "designation": null, "Road_Class": "Municipal Road" }, "geometry": { "type": "MultiLineString", "coordinates": [ [ [ 121.459577, 14.2953713 ], [ 121.45984, 14.2954254 ], [ 121.4601187, 14.2954754 ], [ 121.4603918, 14.2955268 ], [ 121.460632, 14.2955668 ], [ 121.4610458, 14.2956176 ], [ 121.4614809, 14.2956829 ], [ 121.4629198, 14.2959035 ] ] ] } },
{ "type": "Feature", "properties": { "full_id": "w159015399", "osm_id": "159015399", "osm_type": "way", "highway": "service", "motor_vehicle": null, "bus_bay": null, "embankment": null, "handrail": null, "tunnel": null, "covered": null, "horse": null, "description": null, "bridge:structure": null, "bridge:name": null, "source_ref": null, "width": null, "motorcycle": null, "service": null, "reg_name": null, "foot": null, "source:name": null, "narrow": null, "source:nat_name": null, "shoulder:surface": null, "overtaking": null, "maxweight": null, "layer": null, "bridge": null, "shoulder:line": null, "shoulder:bicycle": null, "shoulder": null, "junction": null, "railway": null, "is_in": null, "abandoned:railway": null, "sidewalk": null, "lit": null, "razed:railway": null, "old_name": null, "short_name": null, "postal_code": null, "bicycle": null, "access": null, "lanes": null, "surface": null, "maxspeed:type": null, "maxspeed": null, "oneway": null, "name:etymology:wikidata": null, "name:etymology": null, "ref": null, "nat_name": null, "name": null, "designation": null, "Road_Class": "Barangay Road" }, "geometry": { "type": "MultiLineString", "coordinates": [ [ [ 121.4641108, 14.2946167 ], [ 121.4641025, 14.2949735 ], [ 121.464094, 14.2955653 ], [ 121.4640818, 14.2956427 ], [ 121.4640988, 14.2957635 ], [ 121.4640284, 14.2958194 ], [ 121.4639048, 14.2958299 ], [ 121.4637975, 14.2958403 ], [ 121.4636461, 14.2958363 ], [ 121.4630185, 14.295835 ], [ 121.4629112, 14.2958454 ] ] ] } },
{ "type": "Feature", "properties": { "full_id": "w159015408", "osm_id": "159015408", "osm_type": "way", "highway": "residential", "motor_vehicle": null, "bus_bay": null, "embankment": null, "handrail": null, "tunnel": null, "covered": null, "horse": null, "description": null, "bridge:structure": null, "bridge:name": null, "source_ref": null, "width": null, "motorcycle": null, "service": null, "reg_name": null, "foot": null, "source:name": null, "narrow": null, "source:nat_name": null, "shoulder:surface": null, "overtaking": null, "maxweight": null, "layer": null, "bridge": null, "shoulder:line": null, "shoulder:bicycle": null, "shoulder": null, "junction": null, "railway": null, "is_in": null, "abandoned:railway": null, "sidewalk": null, "lit": null, "razed:railway": null, "old_name": null, "short_name": null, "postal_code": null, "bicycle": null, "access": null, "lanes": null, "surface": null, "maxspeed:type": null, "maxspeed": null, "oneway": null, "name:etymology:wikidata": null, "name:etymology": null, "ref": null, "nat_name": null, "name": null, "designation": null, "Road_Class": "Barangay Road" }, "geometry": { "type": "MultiLineString", "coordinates": [ [ [ 121.4630879, 14.2921226 ], [ 121.4622608, 14.2920474 ] ] ] } },
{ "type": "Feature", "properties": { "full_id": "w159015413", "osm_id": "159015413", "osm_type": "way", "highway": "service", "motor_vehicle": null, "bus_bay": null, "embankment": null, "handrail": null, "tunnel": null, "covered": null, "horse": null, "description": null, "bridge:structure": null, "bridge:name": null, "source_ref": null, "width": null, "motorcycle": null, "service": null, "reg_name": null, "foot": null, "source:name": null, "narrow": null, "source:nat_name": null, "shoulder:surface": null, "overtaking": null, "maxweight": null, "layer": null, "bridge": null, "shoulder:line": null, "shoulder:bicycle": null, "shoulder": null, "junction": null, "railway": null, "is_in": null, "abandoned:railway": null, "sidewalk": null, "lit": null, "razed:railway": null, "old_name": null, "short_name": null, "postal_code": null, "bicycle": null, "access": null, "lanes": null, "surface": null, "maxspeed:type": null, "maxspeed": null, "oneway": null, "name:etymology:wikidata": null, "name:etymology": null, "ref": null, "nat_name": null, "name": null, "designation": null, "Road_Class": "Barangay Road" }, "geometry": { "type": "MultiLineString", "coordinates": [ [ [ 121.4636354, 14.299082 ], [ 121.4634645, 14.2985902 ] ] ] } },
{ "type": "Feature", "properties": { "full_id": "w159015420", "osm_id": "159015420", "osm_type": "way", "highway": "track", "motor_vehicle": null, "bus_bay": null, "embankment": null, "handrail": null, "tunnel": null, "covered": null, "horse": null, "description": null, "bridge:structure": null, "bridge:name": null, "source_ref": null, "width": null, "motorcycle": null, "service": null, "reg_name": null, "foot": null, "source:name": null, "narrow": null, "source:nat_name": null, "shoulder:surface": null, "overtaking": null, "maxweight": null, "layer": null, "bridge": null, "shoulder:line": null, "shoulder:bicycle": null, "shoulder": null, "junction": null, "railway": null, "is_in": null, "abandoned:railway": null, "sidewalk": null, "lit": null, "razed:railway": null, "old_name": null, "short_name": null, "postal_code": null, "bicycle": null, "access": null, "lanes": null, "surface": null, "maxspeed:type": null, "maxspeed": null, "oneway": null, "name:etymology:wikidata": null, "name:etymology": null, "ref": null, "nat_name": null, "name": null, "designation": null, "Road_Class": "Other" }, "geometry": { "type": "MultiLineString", "coordinates": [ [ [ 121.4635213, 14.2935583 ], [ 121.4635374, 14.2936025 ], [ 121.4636286, 14.2936596 ], [ 121.4636956, 14.2936414 ], [ 121.4638002, 14.2938286 ], [ 121.4640256, 14.2938208 ], [ 121.4640765, 14.2938598 ], [ 121.4643447, 14.293735 ], [ 121.4644145, 14.2937298 ], [ 121.464562, 14.2938676 ], [ 121.4645888, 14.2938832 ], [ 121.4647658, 14.2938364 ], [ 121.4647712, 14.293865 ], [ 121.4647856, 14.2939286 ], [ 121.4647953, 14.2940001 ], [ 121.464849, 14.2940079 ], [ 121.464822, 14.2941249 ], [ 121.4649134, 14.2941301 ], [ 121.4649616, 14.2941431 ], [ 121.4650314, 14.2941171 ], [ 121.4651306, 14.2941535 ], [ 121.4652594, 14.2941769 ], [ 121.4652996, 14.29426 ] ] ] } },
{ "type": "Feature", "properties": { "full_id": "w159015430", "osm_id": "159015430", "osm_type": "way", "highway": "residential", "motor_vehicle": null, "bus_bay": null, "embankment": null, "handrail": null, "tunnel": null, "covered": null, "horse": null, "description": null, "bridge:structure": null, "bridge:name": null, "source_ref": null, "width": null, "motorcycle": null, "service": null, "reg_name": null, "foot": null, "source:name": null, "narrow": null, "source:nat_name": null, "shoulder:surface": null, "overtaking": null, "maxweight": null, "layer": null, "bridge": null, "shoulder:line": null, "shoulder:bicycle": null, "shoulder": null, "junction": null, "railway": null, "is_in": null, "abandoned:railway": null, "sidewalk": null, "lit": null, "razed:railway": null, "old_name": null, "short_name": null, "postal_code": null, "bicycle": null, "access": null, "lanes": null, "surface": null, "maxspeed:type": null, "maxspeed": null, "oneway": null, "name:etymology:wikidata": null, "name:etymology": null, "ref": null, "nat_name": null, "name": null, "designation": null, "Road_Class": "Barangay Road" }, "geometry": { "type": "MultiLineString", "coordinates": [ [ [ 121.4630152, 14.2924496 ], [ 121.4630879, 14.2921226 ], [ 121.4632209, 14.2918922 ] ] ] } },
{ "type": "Feature", "properties": { "full_id": "w671008647", "osm_id": "671008647", "osm_type": "way", "highway": "path", "motor_vehicle": null, "bus_bay": null, "embankment": null, "handrail": null, "tunnel": null, "covered": null, "horse": null, "description": null, "bridge:structure": null, "bridge:name": null, "source_ref": null, "width": null, "motorcycle": null, "service": null, "reg_name": null, "foot": null, "source:name": null, "narrow": null, "source:nat_name": null, "shoulder:surface": null, "overtaking": null, "maxweight": null, "layer": null, "bridge": null, "shoulder:line": null, "shoulder:bicycle": null, "shoulder": null, "junction": null, "railway": null, "is_in": null, "abandoned:railway": null, "sidewalk": null, "lit": null, "razed:railway": null, "old_name": null, "short_name": null, "postal_code": null, "bicycle": null, "access": null, "lanes": null, "surface": null, "maxspeed:type": null, "maxspeed": null, "oneway": null, "name:etymology:wikidata": null, "name:etymology": null, "ref": null, "nat_name": null, "name": null, "designation": null, "Road_Class": "Other" }, "geometry": { "type": "MultiLineString", "coordinates": [ [ [ 121.4822593, 14.287281 ], [ 121.4819965, 14.2873304 ], [ 121.4817524, 14.2872083 ], [ 121.4815754, 14.2868886 ], [ 121.4813608, 14.2863999 ], [ 121.48076, 14.2860152 ], [ 121.4802879, 14.2860256 ], [ 121.4798212, 14.286218 ], [ 121.479435, 14.2865091 ], [ 121.4790648, 14.286743 ], [ 121.4788985, 14.2871433 ], [ 121.4788368, 14.2877203 ], [ 121.4787161, 14.2879309 ], [ 121.4785284, 14.2880686 ], [ 121.4784372, 14.2881466 ], [ 121.4782669, 14.2881271 ], [ 121.4781113, 14.2881544 ], [ 121.4779128, 14.2883818 ], [ 121.477835, 14.2886093 ], [ 121.4776728, 14.2887626 ], [ 121.4774045, 14.2888471 ], [ 121.4771229, 14.2888185 ], [ 121.4768131, 14.2888939 ], [ 121.4765449, 14.2890082 ], [ 121.4763799, 14.289081 ], [ 121.4760876, 14.2890511 ], [ 121.4758314, 14.2891317 ], [ 121.4754774, 14.2893033 ], [ 121.4751314, 14.2893708 ], [ 121.4748095, 14.2894449 ], [ 121.4745842, 14.2894189 ], [ 121.4743321, 14.2893604 ], [ 121.4741497, 14.2893799 ], [ 121.4738506, 14.2894553 ], [ 121.4735006, 14.2895567 ], [ 121.473278, 14.2896892 ], [ 121.4730768, 14.2898478 ], [ 121.4729641, 14.2898686 ], [ 121.4725886, 14.2898348 ], [ 121.4722614, 14.2897061 ], [ 121.4719771, 14.2895359 ], [ 121.4718591, 14.2895502 ], [ 121.4717706, 14.2896697 ], [ 121.4717223, 14.2897711 ], [ 121.4716619, 14.2900128 ], [ 121.471623, 14.2903455 ], [ 121.4715305, 14.29056 ], [ 121.4712489, 14.2908212 ], [ 121.4710638, 14.2909564 ], [ 121.470868, 14.2909719 ], [ 121.4706641, 14.291137 ], [ 121.4704335, 14.2912878 ], [ 121.4701344, 14.2913267 ], [ 121.4699708, 14.2912306 ], [ 121.4697066, 14.2911773 ], [ 121.469488, 14.2912423 ], [ 121.4693123, 14.2912449 ], [ 121.4691165, 14.2912345 ], [ 121.468863, 14.291137 ], [ 121.468627, 14.290946 ], [ 121.4684258, 14.2909278 ], [ 121.4681442, 14.291072 ], [ 121.4676654, 14.291124 ], [ 121.4673838, 14.2912241 ], [ 121.4672054, 14.2914112 ], [ 121.4671303, 14.2916295 ], [ 121.4670753, 14.2916776 ], [ 121.4670324, 14.2918206 ], [ 121.4668058, 14.2918102 ], [ 121.4663833, 14.2919077 ], [ 121.4657597, 14.2919466 ], [ 121.465525, 14.291944 ], [ 121.4655076, 14.2919324 ], [ 121.465517, 14.2918518 ], [ 121.4655519, 14.2916036 ], [ 121.465572, 14.291471 ], [ 121.465521, 14.2914112 ], [ 121.4652662, 14.2913527 ], [ 121.4649269, 14.2913176 ], [ 121.4645259, 14.2911786 ], [ 121.4641719, 14.2911266 ], [ 121.4639439, 14.2911292 ], [ 121.4636689, 14.2911774 ] ] ] } },
{ "type": "Feature", "properties": { "full_id": "w671008648", "osm_id": "671008648", "osm_type": "way", "highway": "path", "motor_vehicle": null, "bus_bay": null, "embankment": null, "handrail": null, "tunnel": null, "covered": null, "horse": null, "description": null, "bridge:structure": null, "bridge:name": null, "source_ref": null, "width": null, "motorcycle": null, "service": null, "reg_name": null, "foot": null, "source:name": null, "narrow": null, "source:nat_name": null, "shoulder:surface": null, "overtaking": null, "maxweight": null, "layer": null, "bridge": null, "shoulder:line": null, "shoulder:bicycle": null, "shoulder": null, "junction": null, "railway": null, "is_in": null, "abandoned:railway": null, "sidewalk": null, "lit": null, "razed:railway": null, "old_name": null, "short_name": null, "postal_code": null, "bicycle": null, "access": null, "lanes": null, "surface": null, "maxspeed:type": null, "maxspeed": null, "oneway": null, "name:etymology:wikidata": null, "name:etymology": null, "ref": null, "nat_name": null, "name": null, "designation": null, "Road_Class": "Other" }, "geometry": { "type": "MultiLineString", "coordinates": [ [ [ 121.4780561, 14.2945096 ], [ 121.4778082, 14.2946056 ], [ 121.4774287, 14.29472 ], [ 121.4769204, 14.294807 ], [ 121.4765033, 14.2947226 ], [ 121.4762257, 14.2945822 ], [ 121.475991, 14.2945809 ], [ 121.475763, 14.2947096 ], [ 121.475354, 14.2950124 ], [ 121.4751166, 14.2952762 ], [ 121.475016, 14.2953035 ], [ 121.4747626, 14.2952697 ], [ 121.4745413, 14.2953139 ], [ 121.4743401, 14.2954036 ], [ 121.4742301, 14.2953815 ], [ 121.4739633, 14.295375 ], [ 121.4737567, 14.2952879 ], [ 121.4736427, 14.2950865 ], [ 121.4735368, 14.2948681 ], [ 121.4734952, 14.2946758 ], [ 121.473404, 14.2945679 ], [ 121.4731103, 14.2944964 ], [ 121.4729641, 14.2943834 ], [ 121.4729373, 14.2942092 ], [ 121.4728783, 14.2941261 ], [ 121.4726007, 14.2939857 ], [ 121.4725055, 14.2939818 ], [ 121.4723539, 14.2940429 ], [ 121.4720522, 14.2940962 ], [ 121.4718671, 14.2940689 ], [ 121.4714688, 14.2940403 ], [ 121.4712609, 14.2939948 ], [ 121.4711456, 14.2938402 ], [ 121.4709069, 14.293488 ], [ 121.4707942, 14.2931904 ], [ 121.4707459, 14.2929512 ], [ 121.4705488, 14.2927316 ], [ 121.4702806, 14.2924847 ], [ 121.4700365, 14.2922767 ], [ 121.4695591, 14.2920753 ], [ 121.4691809, 14.2918895 ], [ 121.4691594, 14.2918466 ], [ 121.4691876, 14.291753 ], [ 121.4692627, 14.2915893 ], [ 121.4693056, 14.2912943 ], [ 121.4693123, 14.2912449 ] ] ] } },
{ "type": "Feature", "properties": { "full_id": "w671008649", "osm_id": "671008649", "osm_type": "way", "highway": "path", "motor_vehicle": null, "bus_bay": null, "embankment": null, "handrail": null, "tunnel": null, "covered": null, "horse": null, "description": null, "bridge:structure": null, "bridge:name": null, "source_ref": null, "width": null, "motorcycle": null, "service": null, "reg_name": null, "foot": null, "source:name": null, "narrow": null, "source:nat_name": null, "shoulder:surface": null, "overtaking": null, "maxweight": null, "layer": null, "bridge": null, "shoulder:line": null, "shoulder:bicycle": null, "shoulder": null, "junction": null, "railway": null, "is_in": null, "abandoned:railway": null, "sidewalk": null, "lit": null, "razed:railway": null, "old_name": null, "short_name": null, "postal_code": null, "bicycle": null, "access": null, "lanes": null, "surface": null, "maxspeed:type": null, "maxspeed": null, "oneway": null, "name:etymology:wikidata": null, "name:etymology": null, "ref": null, "nat_name": null, "name": null, "designation": null, "Road_Class": "Other" }, "geometry": { "type": "MultiLineString", "coordinates": [ [ [ 121.4695168, 14.2980014 ], [ 121.4697589, 14.2978636 ], [ 121.4698166, 14.2978662 ], [ 121.4698595, 14.2978792 ], [ 121.4699171, 14.2978675 ], [ 121.4699534, 14.2978169 ], [ 121.4700204, 14.2977506 ], [ 121.4710423, 14.2971372 ], [ 121.4713401, 14.2970579 ], [ 121.4716297, 14.2970475 ], [ 121.4718081, 14.2969851 ], [ 121.4720321, 14.2968734 ], [ 121.4721823, 14.2968409 ], [ 121.4723204, 14.2968942 ], [ 121.472531, 14.2970813 ], [ 121.4727107, 14.2972074 ], [ 121.4730003, 14.297284 ], [ 121.4733021, 14.2973035 ], [ 121.4734992, 14.297362 ], [ 121.4735958, 14.2974868 ], [ 121.4737943, 14.2977688 ], [ 121.4738104, 14.2979559 ], [ 121.473856, 14.2983913 ], [ 121.4739364, 14.2985303 ], [ 121.4741202, 14.2986161 ], [ 121.4743267, 14.2986564 ], [ 121.4745399, 14.2988006 ], [ 121.4746177, 14.2988773 ], [ 121.4747103, 14.2989059 ], [ 121.4748001, 14.2988721 ], [ 121.4751206, 14.2987032 ], [ 121.4753017, 14.2986668 ], [ 121.4755096, 14.2987214 ], [ 121.4755779, 14.2988032 ], [ 121.4756651, 14.2988565 ], [ 121.4757845, 14.2988409 ], [ 121.4758837, 14.298811 ], [ 121.4759669, 14.2987707 ], [ 121.4760514, 14.2987876 ], [ 121.4761586, 14.2989072 ], [ 121.4762914, 14.2989254 ], [ 121.4764564, 14.2989644 ], [ 121.4766066, 14.2990579 ], [ 121.4766857, 14.2992178 ], [ 121.4767005, 14.2993958 ], [ 121.4767849, 14.2995596 ], [ 121.4768949, 14.299657 ], [ 121.4770639, 14.2997129 ], [ 121.4772809, 14.2997183 ] ] ] } },
{ "type": "Feature", "properties": { "full_id": "w684551122", "osm_id": "684551122", "osm_type": "way", "highway": "secondary", "motor_vehicle": null, "bus_bay": null, "embankment": null, "handrail": null, "tunnel": null, "covered": null, "horse": null, "description": null, "bridge:structure": null, "bridge:name": null, "source_ref": null, "width": null, "motorcycle": null, "service": null, "reg_name": null, "foot": null, "source:name": null, "narrow": null, "source:nat_name": null, "shoulder:surface": null, "overtaking": null, "maxweight": null, "layer": null, "bridge": null, "shoulder:line": null, "shoulder:bicycle": null, "shoulder": null, "junction": null, "railway": null, "is_in": null, "abandoned:railway": null, "sidewalk": null, "lit": null, "razed:railway": null, "old_name": null, "short_name": null, "postal_code": null, "bicycle": null, "access": null, "lanes": "2", "surface": "asphalt", "maxspeed:type": null, "maxspeed": null, "oneway": null, "name:etymology:wikidata": null, "name:etymology": null, "ref": "602-2", "nat_name": null, "name": "Caliraya-Cavinti Arterial Road", "designation": null, "Road_Class": "Provincial Road" }, "geometry": { "type": "MultiLineString", "coordinates": [ [ [ 121.464381, 14.2996144 ], [ 121.4644953, 14.2997425 ], [ 121.464587, 14.2998571 ], [ 121.4646664, 14.3000016 ], [ 121.4650628, 14.3007912 ], [ 121.4651583, 14.3009669 ], [ 121.4652079, 14.3010359 ], [ 121.4652824, 14.3011133 ], [ 121.4653911, 14.3012073 ], [ 121.4654649, 14.3012711 ], [ 121.4655444, 14.3013565 ], [ 121.4656121, 14.3014607 ], [ 121.4656885, 14.3016304 ], [ 121.4657373, 14.3017835 ], [ 121.4657854, 14.3020242 ], [ 121.4658233, 14.3022778 ], [ 121.4658534, 14.3024141 ], [ 121.4659016, 14.3025487 ], [ 121.4661565, 14.3030513 ], [ 121.4662486, 14.3031502 ], [ 121.4663697, 14.303211 ], [ 121.4666174, 14.3033139 ], [ 121.4667137, 14.3033832 ], [ 121.466767, 14.3034435 ], [ 121.4668822, 14.3037688 ], [ 121.466945, 14.3039859 ], [ 121.467011, 14.3041863 ], [ 121.4670753, 14.3042838 ], [ 121.4671465, 14.3043548 ], [ 121.4672324, 14.3044212 ], [ 121.4673478, 14.3044594 ], [ 121.4674833, 14.3044894 ], [ 121.4677607, 14.304505 ], [ 121.4679037, 14.3044728 ], [ 121.4680396, 14.3043971 ], [ 121.4681524, 14.3042794 ], [ 121.468266, 14.3041398 ], [ 121.4683563, 14.3040832 ], [ 121.4684806, 14.304037 ], [ 121.4685963, 14.304025 ], [ 121.4687408, 14.3040499 ], [ 121.4688988, 14.3041156 ], [ 121.4690434, 14.3042009 ], [ 121.4691517, 14.304288 ], [ 121.4692424, 14.3043854 ], [ 121.4693648, 14.3045613 ], [ 121.4694223, 14.3046771 ], [ 121.4694774, 14.3048091 ], [ 121.469488, 14.3048344 ], [ 121.4695358, 14.3049365 ], [ 121.4695725, 14.3049994 ], [ 121.4696131, 14.3050565 ], [ 121.4697252, 14.3051954 ], [ 121.469779, 14.3052749 ], [ 121.4698198, 14.3053602 ], [ 121.4698434, 14.3054094 ], [ 121.4698635, 14.3054634 ], [ 121.4699051, 14.3055946 ], [ 121.4699399, 14.3056882 ], [ 121.4699644, 14.3057447 ], [ 121.4699949, 14.3058064 ], [ 121.4700311, 14.3058675 ], [ 121.4709237, 14.3072879 ], [ 121.4709478, 14.3073178 ], [ 121.4709786, 14.3073457 ], [ 121.4710113, 14.3073752 ], [ 121.4710329, 14.3073912 ], [ 121.4710611, 14.3074055 ], [ 121.4710945, 14.3074164 ], [ 121.4711262, 14.3074204 ], [ 121.471159, 14.3074224 ], [ 121.4711945, 14.3074204 ], [ 121.4712284, 14.3074125 ], [ 121.4712609, 14.3074035 ], [ 121.4715521, 14.3072867 ], [ 121.4717833, 14.3072143 ], [ 121.4718289, 14.3072086 ], [ 121.4718738, 14.3072106 ], [ 121.47191, 14.3072154 ], [ 121.4719476, 14.3072301 ], [ 121.4719731, 14.3072482 ], [ 121.4719996, 14.3072696 ], [ 121.4720247, 14.3072976 ], [ 121.4720428, 14.3073308 ], [ 121.4720558, 14.3073665 ], [ 121.4720596, 14.3073977 ], [ 121.4720541, 14.3074342 ], [ 121.4720374, 14.3074653 ], [ 121.4720093, 14.307493 ], [ 121.4719865, 14.3075114 ], [ 121.471921, 14.3075521 ], [ 121.4717293, 14.3076636 ], [ 121.4717034, 14.3076869 ], [ 121.471683, 14.3077171 ], [ 121.4716659, 14.3077492 ], [ 121.4716592, 14.3077817 ], [ 121.4716586, 14.3078142 ], [ 121.4716629, 14.3078567 ], [ 121.4716713, 14.3079058 ], [ 121.471698, 14.308036 ], [ 121.4717189, 14.3081326 ], [ 121.4717221, 14.3081759 ], [ 121.4717183, 14.308217 ], [ 121.4717095, 14.3082593 ], [ 121.4716989, 14.3082895 ], [ 121.4716841, 14.308319 ], [ 121.4716592, 14.308345 ], [ 121.4715928, 14.3083958 ], [ 121.471497, 14.308466 ], [ 121.4714199, 14.3085263 ], [ 121.4713941, 14.3085534 ], [ 121.4713768, 14.3085759 ], [ 121.4713669, 14.3086004 ], [ 121.4713649, 14.3086264 ], [ 121.4713676, 14.308655 ], [ 121.4713754, 14.308686 ], [ 121.4713836, 14.3087154 ], [ 121.4713944, 14.3087427 ], [ 121.4714071, 14.3087732 ], [ 121.4714257, 14.3088069 ], [ 121.4715009, 14.308939 ], [ 121.4715874, 14.3090943 ], [ 121.4716311, 14.309176 ], [ 121.4720892, 14.3099524 ], [ 121.4725721, 14.3105272 ], [ 121.472986, 14.3109459 ], [ 121.473242, 14.3112215 ], [ 121.4733515, 14.3113126 ] ] ] } },
{ "type": "Feature", "properties": { "full_id": "w778552505", "osm_id": "778552505", "osm_type": "way", "highway": "primary", "motor_vehicle": null, "bus_bay": null, "embankment": null, "handrail": null, "tunnel": null, "covered": null, "horse": null, "description": null, "bridge:structure": null, "bridge:name": null, "source_ref": null, "width": null, "motorcycle": null, "service": null, "reg_name": null, "foot": null, "source:name": null, "narrow": null, "source:nat_name": null, "shoulder:surface": null, "overtaking": null, "maxweight": null, "layer": null, "bridge": null, "shoulder:line": null, "shoulder:bicycle": null, "shoulder": null, "junction": null, "railway": null, "is_in": null, "abandoned:railway": null, "sidewalk": null, "lit": null, "razed:railway": null, "old_name": null, "short_name": null, "postal_code": null, "bicycle": null, "access": null, "lanes": "2", "surface": "asphalt", "maxspeed:type": null, "maxspeed": null, "oneway": null, "name:etymology:wikidata": null, "name:etymology": null, "ref": "66", "nat_name": "Calamba-Santa Cruz-Famy Junction Road", "name": "National Highway", "designation": "national_secondary_road", "Road_Class": "National Road" }, "geometry": { "type": "MultiLineString", "coordinates": [ [ [ 121.4626887, 14.2946408 ], [ 121.4625972, 14.2942323 ], [ 121.462494, 14.2935844 ], [ 121.462415, 14.2932461 ], [ 121.462408, 14.2932117 ], [ 121.4623435, 14.2930248 ], [ 121.4622664, 14.292871 ], [ 121.4620764, 14.2926665 ], [ 121.4618716, 14.2925806 ], [ 121.461652, 14.2925075 ] ] ] } },
{ "type": "Feature", "properties": { "full_id": "w778552506", "osm_id": "778552506", "osm_type": "way", "highway": "primary", "motor_vehicle": null, "bus_bay": null, "embankment": null, "handrail": null, "tunnel": null, "covered": null, "horse": null, "description": null, "bridge:structure": null, "bridge:name": null, "source_ref": null, "width": null, "motorcycle": null, "service": null, "reg_name": null, "foot": null, "source:name": null, "narrow": null, "source:nat_name": null, "shoulder:surface": null, "overtaking": null, "maxweight": null, "layer": null, "bridge": null, "shoulder:line": null, "shoulder:bicycle": null, "shoulder": null, "junction": null, "railway": null, "is_in": null, "abandoned:railway": null, "sidewalk": null, "lit": null, "razed:railway": null, "old_name": null, "short_name": null, "postal_code": null, "bicycle": null, "access": null, "lanes": "2", "surface": "asphalt", "maxspeed:type": null, "maxspeed": null, "oneway": null, "name:etymology:wikidata": null, "name:etymology": null, "ref": "66", "nat_name": "Calamba-Santa Cruz-Famy Junction Road", "name": "National Highway", "designation": "national_secondary_road", "Road_Class": "National Road" }, "geometry": { "type": "MultiLineString", "coordinates": [ [ [ 121.4639443, 14.2991969 ], [ 121.4638854, 14.2991002 ], [ 121.4638661, 14.2990716 ], [ 121.4637356, 14.2988428 ], [ 121.4636081, 14.2985867 ], [ 121.4635835, 14.2985232 ], [ 121.4635321, 14.2984082 ], [ 121.4633552, 14.2979943 ], [ 121.4632323, 14.2975098 ], [ 121.4630922, 14.2967993 ], [ 121.4629198, 14.2959035 ], [ 121.4629112, 14.2958454 ], [ 121.4628094, 14.2953025 ], [ 121.4627241, 14.2948131 ], [ 121.4626887, 14.2946408 ] ] ] } },
{ "type": "Feature", "properties": { "full_id": "w961552947", "osm_id": "961552947", "osm_type": "way", "highway": "service", "motor_vehicle": null, "bus_bay": null, "embankment": null, "handrail": null, "tunnel": null, "covered": null, "horse": null, "description": null, "bridge:structure": null, "bridge:name": null, "source_ref": null, "width": null, "motorcycle": null, "service": null, "reg_name": null, "foot": null, "source:name": null, "narrow": null, "source:nat_name": null, "shoulder:surface": null, "overtaking": null, "maxweight": null, "layer": null, "bridge": null, "shoulder:line": null, "shoulder:bicycle": null, "shoulder": null, "junction": null, "railway": null, "is_in": null, "abandoned:railway": null, "sidewalk": null, "lit": null, "razed:railway": null, "old_name": null, "short_name": null, "postal_code": null, "bicycle": null, "access": null, "lanes": null, "surface": null, "maxspeed:type": null, "maxspeed": null, "oneway": null, "name:etymology:wikidata": null, "name:etymology": null, "ref": null, "nat_name": null, "name": null, "designation": null, "Road_Class": "Barangay Road" }, "geometry": { "type": "MultiLineString", "coordinates": [ [ [ 121.4638854, 14.2991002 ], [ 121.4636112, 14.2991771 ], [ 121.4635578, 14.2991914 ], [ 121.463497, 14.2992065 ], [ 121.4634555, 14.2992128 ], [ 121.4633947, 14.2992208 ], [ 121.4633486, 14.2992244 ], [ 121.4633302, 14.2992199 ], [ 121.4633007, 14.2991985 ], [ 121.463286, 14.2991762 ], [ 121.4632721, 14.2991449 ], [ 121.4632532, 14.2990863 ] ] ] } },
{ "type": "Feature", "properties": { "full_id": "w962427616", "osm_id": "962427616", "osm_type": "way", "highway": "service", "motor_vehicle": null, "bus_bay": null, "embankment": null, "handrail": null, "tunnel": null, "covered": null, "horse": null, "description": null, "bridge:structure": null, "bridge:name": null, "source_ref": null, "width": null, "motorcycle": null, "service": null, "reg_name": null, "foot": null, "source:name": null, "narrow": null, "source:nat_name": null, "shoulder:surface": null, "overtaking": null, "maxweight": null, "layer": null, "bridge": null, "shoulder:line": null, "shoulder:bicycle": null, "shoulder": null, "junction": null, "railway": null, "is_in": null, "abandoned:railway": null, "sidewalk": null, "lit": null, "razed:railway": null, "old_name": null, "short_name": null, "postal_code": null, "bicycle": null, "access": null, "lanes": null, "surface": null, "maxspeed:type": null, "maxspeed": null, "oneway": null, "name:etymology:wikidata": null, "name:etymology": null, "ref": null, "nat_name": null, "name": null, "designation": null, "Road_Class": "Barangay Road" }, "geometry": { "type": "MultiLineString", "coordinates": [ [ [ 121.4701773, 14.2988435 ], [ 121.4700754, 14.2988844 ], [ 121.4700305, 14.2989163 ], [ 121.4699728, 14.2989865 ] ] ] } },
{ "type": "Feature", "properties": { "full_id": "w962427617", "osm_id": "962427617", "osm_type": "way", "highway": "service", "motor_vehicle": null, "bus_bay": null, "embankment": null, "handrail": null, "tunnel": null, "covered": null, "horse": null, "description": null, "bridge:structure": null, "bridge:name": null, "source_ref": null, "width": null, "motorcycle": null, "service": null, "reg_name": null, "foot": null, "source:name": null, "narrow": null, "source:nat_name": null, "shoulder:surface": null, "overtaking": null, "maxweight": null, "layer": null, "bridge": null, "shoulder:line": null, "shoulder:bicycle": null, "shoulder": null, "junction": null, "railway": null, "is_in": null, "abandoned:railway": null, "sidewalk": null, "lit": null, "razed:railway": null, "old_name": null, "short_name": null, "postal_code": null, "bicycle": null, "access": null, "lanes": null, "surface": null, "maxspeed:type": null, "maxspeed": null, "oneway": null, "name:etymology:wikidata": null, "name:etymology": null, "ref": null, "nat_name": null, "name": null, "designation": null, "Road_Class": "Barangay Road" }, "geometry": { "type": "MultiLineString", "coordinates": [ [ [ 121.4699842, 14.2985914 ], [ 121.4699265, 14.2986525 ], [ 121.469885, 14.2986941 ], [ 121.4698568, 14.2987227 ], [ 121.4698434, 14.2987447 ] ] ] } },
{ "type": "Feature", "properties": { "full_id": "w962506502", "osm_id": "962506502", "osm_type": "way", "highway": "service", "motor_vehicle": null, "bus_bay": null, "embankment": null, "handrail": null, "tunnel": null, "covered": null, "horse": null, "description": null, "bridge:structure": null, "bridge:name": null, "source_ref": null, "width": null, "motorcycle": null, "service": null, "reg_name": null, "foot": null, "source:name": null, "narrow": null, "source:nat_name": null, "shoulder:surface": null, "overtaking": null, "maxweight": null, "layer": "1", "bridge": "yes", "shoulder:line": null, "shoulder:bicycle": null, "shoulder": null, "junction": null, "railway": null, "is_in": null, "abandoned:railway": null, "sidewalk": null, "lit": null, "razed:railway": null, "old_name": null, "short_name": null, "postal_code": null, "bicycle": null, "access": null, "lanes": null, "surface": null, "maxspeed:type": null, "maxspeed": null, "oneway": null, "name:etymology:wikidata": null, "name:etymology": null, "ref": null, "nat_name": null, "name": null, "designation": null, "Road_Class": "Barangay Road" }, "geometry": { "type": "MultiLineString", "coordinates": [ [ [ 121.4676332, 14.2954841 ], [ 121.4675944, 14.2954932 ] ] ] } },
{ "type": "Feature", "properties": { "full_id": "w962506503", "osm_id": "962506503", "osm_type": "way", "highway": "service", "motor_vehicle": null, "bus_bay": null, "embankment": null, "handrail": null, "tunnel": null, "covered": null, "horse": null, "description": null, "bridge:structure": null, "bridge:name": null, "source_ref": null, "width": null, "motorcycle": null, "service": null, "reg_name": null, "foot": null, "source:name": null, "narrow": null, "source:nat_name": null, "shoulder:surface": null, "overtaking": null, "maxweight": null, "layer": null, "bridge": null, "shoulder:line": null, "shoulder:bicycle": null, "shoulder": null, "junction": null, "railway": null, "is_in": null, "abandoned:railway": null, "sidewalk": null, "lit": null, "razed:railway": null, "old_name": null, "short_name": null, "postal_code": null, "bicycle": null, "access": null, "lanes": null, "surface": null, "maxspeed:type": null, "maxspeed": null, "oneway": null, "name:etymology:wikidata": null, "name:etymology": null, "ref": null, "nat_name": null, "name": null, "designation": null, "Road_Class": "Barangay Road" }, "geometry": { "type": "MultiLineString", "coordinates": [ [ [ 121.4676762, 14.295475 ], [ 121.4676332, 14.2954841 ] ] ] } },
{ "type": "Feature", "properties": { "full_id": "w962506504", "osm_id": "962506504", "osm_type": "way", "highway": "service", "motor_vehicle": null, "bus_bay": null, "embankment": null, "handrail": null, "tunnel": null, "covered": null, "horse": null, "description": null, "bridge:structure": null, "bridge:name": null, "source_ref": null, "width": null, "motorcycle": null, "service": null, "reg_name": null, "foot": null, "source:name": null, "narrow": null, "source:nat_name": null, "shoulder:surface": null, "overtaking": null, "maxweight": null, "layer": null, "bridge": null, "shoulder:line": null, "shoulder:bicycle": null, "shoulder": null, "junction": null, "railway": null, "is_in": null, "abandoned:railway": null, "sidewalk": null, "lit": null, "razed:railway": null, "old_name": null, "short_name": null, "postal_code": null, "bicycle": null, "access": null, "lanes": null, "surface": null, "maxspeed:type": null, "maxspeed": null, "oneway": null, "name:etymology:wikidata": null, "name:etymology": null, "ref": null, "nat_name": null, "name": null, "designation": null, "Road_Class": "Barangay Road" }, "geometry": { "type": "MultiLineString", "coordinates": [ [ [ 121.4675944, 14.2954932 ], [ 121.4675179, 14.2955062 ], [ 121.4674897, 14.295527 ], [ 121.467475, 14.2955829 ], [ 121.4674965, 14.2956869 ] ] ] } },
{ "type": "Feature", "properties": { "full_id": "w1259361928", "osm_id": "1259361928", "osm_type": "way", "highway": "primary", "motor_vehicle": null, "bus_bay": null, "embankment": null, "handrail": null, "tunnel": null, "covered": null, "horse": null, "description": null, "bridge:structure": null, "bridge:name": null, "source_ref": null, "width": null, "motorcycle": null, "service": null, "reg_name": null, "foot": null, "source:name": null, "narrow": null, "source:nat_name": null, "shoulder:surface": null, "overtaking": null, "maxweight": null, "layer": null, "bridge": null, "shoulder:line": null, "shoulder:bicycle": null, "shoulder": null, "junction": null, "railway": null, "is_in": null, "abandoned:railway": null, "sidewalk": null, "lit": null, "razed:railway": null, "old_name": null, "short_name": null, "postal_code": null, "bicycle": null, "access": null, "lanes": "2", "surface": "asphalt", "maxspeed:type": null, "maxspeed": null, "oneway": null, "name:etymology:wikidata": null, "name:etymology": null, "ref": "66", "nat_name": "Calamba-Santa Cruz-Famy Junction Road", "name": "National Highway", "designation": "national_secondary_road", "Road_Class": "National Road" }, "geometry": { "type": "MultiLineString", "coordinates": [ [ [ 121.4666871, 14.3060541 ], [ 121.4666054, 14.305934 ], [ 121.4665537, 14.3058208 ], [ 121.4665329, 14.3057532 ], [ 121.4664643, 14.3055304 ], [ 121.4661882, 14.3043409 ], [ 121.4660976, 14.3040504 ], [ 121.4658777, 14.30344 ], [ 121.4655666, 14.302837 ], [ 121.4654674, 14.3026089 ], [ 121.4653748, 14.3023477 ], [ 121.4652602, 14.3018923 ], [ 121.4651109, 14.3014656 ], [ 121.4649132, 14.3010627 ], [ 121.4642086, 14.2997625 ], [ 121.4641105, 14.2995407 ], [ 121.4639443, 14.2991969 ] ] ] } },
{ "type": "Feature", "properties": { "full_id": "w1390418749", "osm_id": "1390418749", "osm_type": "way", "highway": "residential", "motor_vehicle": null, "bus_bay": null, "embankment": null, "handrail": null, "tunnel": null, "covered": null, "horse": null, "description": null, "bridge:structure": null, "bridge:name": null, "source_ref": null, "width": null, "motorcycle": null, "service": null, "reg_name": null, "foot": null, "source:name": null, "narrow": null, "source:nat_name": null, "shoulder:surface": null, "overtaking": null, "maxweight": null, "layer": null, "bridge": null, "shoulder:line": null, "shoulder:bicycle": null, "shoulder": null, "junction": null, "railway": null, "is_in": null, "abandoned:railway": null, "sidewalk": null, "lit": null, "razed:railway": null, "old_name": null, "short_name": null, "postal_code": null, "bicycle": null, "access": null, "lanes": null, "surface": null, "maxspeed:type": null, "maxspeed": null, "oneway": null, "name:etymology:wikidata": null, "name:etymology": null, "ref": null, "nat_name": null, "name": null, "designation": null, "Road_Class": "Barangay Road" }, "geometry": { "type": "MultiLineString", "coordinates": [ [ [ 121.4623171, 14.2916555 ], [ 121.4625585, 14.2916815 ], [ 121.4627302, 14.2917309 ], [ 121.4629233, 14.2918297 ] ] ] } },
{ "type": "Feature", "properties": { "full_id": "w96027957", "osm_id": "96027957", "osm_type": "way", "highway": "pedestrian", "motor_vehicle": null, "bus_bay": null, "embankment": null, "handrail": null, "tunnel": null, "covered": null, "horse": null, "description": null, "bridge:structure": null, "bridge:name": null, "source_ref": null, "width": null, "motorcycle": null, "service": null, "reg_name": null, "foot": null, "source:name": null, "narrow": null, "source:nat_name": null, "shoulder:surface": null, "overtaking": null, "maxweight": null, "layer": null, "bridge": null, "shoulder:line": null, "shoulder:bicycle": null, "shoulder": null, "junction": null, "railway": null, "is_in": null, "abandoned:railway": null, "sidewalk": null, "lit": null, "razed:railway": null, "old_name": null, "short_name": null, "postal_code": null, "bicycle": null, "access": null, "lanes": null, "surface": null, "maxspeed:type": null, "maxspeed": null, "oneway": null, "name:etymology:wikidata": null, "name:etymology": null, "ref": null, "nat_name": null, "name": null, "designation": null, "Road_Class": "Other" }, "geometry": { "type": "MultiLineString", "coordinates": [ [ [ 121.4596517, 14.3001527 ], [ 121.4591872, 14.3001571 ], [ 121.4584185, 14.3001505 ] ] ] } },
{ "type": "Feature", "properties": { "full_id": "w97661911", "osm_id": "97661911", "osm_type": "way", "highway": "residential", "motor_vehicle": null, "bus_bay": null, "embankment": null, "handrail": null, "tunnel": null, "covered": null, "horse": null, "description": null, "bridge:structure": null, "bridge:name": null, "source_ref": null, "width": null, "motorcycle": null, "service": null, "reg_name": null, "foot": null, "source:name": null, "narrow": null, "source:nat_name": null, "shoulder:surface": null, "overtaking": null, "maxweight": null, "layer": null, "bridge": null, "shoulder:line": null, "shoulder:bicycle": null, "shoulder": null, "junction": null, "railway": null, "is_in": null, "abandoned:railway": null, "sidewalk": null, "lit": null, "razed:railway": null, "old_name": null, "short_name": null, "postal_code": null, "bicycle": null, "access": null, "lanes": null, "surface": null, "maxspeed:type": null, "maxspeed": null, "oneway": null, "name:etymology:wikidata": null, "name:etymology": null, "ref": null, "nat_name": null, "name": "San Roque", "designation": null, "Road_Class": "Barangay Road" }, "geometry": { "type": "MultiLineString", "coordinates": [ [ [ 121.4606461, 14.2996271 ], [ 121.4603268, 14.2996427 ], [ 121.4599901, 14.299621 ] ] ] } },
{ "type": "Feature", "properties": { "full_id": "w110163139", "osm_id": "110163139", "osm_type": "way", "highway": "pedestrian", "motor_vehicle": null, "bus_bay": null, "embankment": null, "handrail": null, "tunnel": null, "covered": null, "horse": null, "description": null, "bridge:structure": null, "bridge:name": null, "source_ref": null, "width": null, "motorcycle": null, "service": null, "reg_name": null, "foot": null, "source:name": null, "narrow": null, "source:nat_name": null, "shoulder:surface": null, "overtaking": null, "maxweight": null, "layer": null, "bridge": null, "shoulder:line": null, "shoulder:bicycle": null, "shoulder": null, "junction": null, "railway": null, "is_in": null, "abandoned:railway": null, "sidewalk": null, "lit": null, "razed:railway": null, "old_name": null, "short_name": null, "postal_code": null, "bicycle": null, "access": null, "lanes": null, "surface": null, "maxspeed:type": null, "maxspeed": null, "oneway": null, "name:etymology:wikidata": null, "name:etymology": null, "ref": null, "nat_name": null, "name": null, "designation": null, "Road_Class": "Other" }, "geometry": { "type": "MultiLineString", "coordinates": [ [ [ 121.4599901, 14.299621 ], [ 121.4596512, 14.2996122 ], [ 121.4591718, 14.2996069 ], [ 121.4591386, 14.2996116 ], [ 121.4584982, 14.2996917 ] ] ] } },
{ "type": "Feature", "properties": { "full_id": "w110164025", "osm_id": "110164025", "osm_type": "way", "highway": "tertiary", "motor_vehicle": null, "bus_bay": null, "embankment": null, "handrail": null, "tunnel": null, "covered": null, "horse": null, "description": null, "bridge:structure": null, "bridge:name": null, "source_ref": null, "width": null, "motorcycle": null, "service": null, "reg_name": null, "foot": null, "source:name": null, "narrow": null, "source:nat_name": null, "shoulder:surface": null, "overtaking": null, "maxweight": null, "layer": null, "bridge": null, "shoulder:line": null, "shoulder:bicycle": null, "shoulder": null, "junction": null, "railway": null, "is_in": null, "abandoned:railway": null, "sidewalk": null, "lit": null, "razed:railway": null, "old_name": null, "short_name": null, "postal_code": null, "bicycle": null, "access": null, "lanes": null, "surface": null, "maxspeed:type": null, "maxspeed": null, "oneway": null, "name:etymology:wikidata": null, "name:etymology": null, "ref": null, "nat_name": null, "name": "General Luna Street", "designation": null, "Road_Class": "Municipal Road" }, "geometry": { "type": "MultiLineString", "coordinates": [ [ [ 121.4597837, 14.2979554 ], [ 121.459723, 14.2984023 ], [ 121.4596877, 14.2987379 ], [ 121.4596656, 14.2989861 ], [ 121.4596589, 14.2992785 ], [ 121.4596512, 14.2996122 ], [ 121.4596517, 14.3001527 ], [ 121.4596484, 14.3004564 ], [ 121.4596356, 14.3009757 ], [ 121.4596353, 14.3015875 ], [ 121.4596341, 14.3016342 ], [ 121.4596235, 14.3020318 ], [ 121.4596111, 14.3024945 ], [ 121.4596007, 14.3028841 ] ] ] } },
{ "type": "Feature", "properties": { "full_id": "w110164217", "osm_id": "110164217", "osm_type": "way", "highway": "residential", "motor_vehicle": null, "bus_bay": null, "embankment": null, "handrail": null, "tunnel": null, "covered": null, "horse": null, "description": null, "bridge:structure": null, "bridge:name": null, "source_ref": null, "width": null, "motorcycle": null, "service": null, "reg_name": null, "foot": null, "source:name": null, "narrow": null, "source:nat_name": null, "shoulder:surface": null, "overtaking": null, "maxweight": null, "layer": null, "bridge": null, "shoulder:line": null, "shoulder:bicycle": null, "shoulder": null, "junction": null, "railway": null, "is_in": null, "abandoned:railway": null, "sidewalk": null, "lit": null, "razed:railway": null, "old_name": null, "short_name": null, "postal_code": null, "bicycle": null, "access": null, "lanes": null, "surface": null, "maxspeed:type": null, "maxspeed": null, "oneway": null, "name:etymology:wikidata": "Q1500", "name:etymology": "José Rizal", "ref": null, "nat_name": null, "name": "J. P. Rizal Extension", "designation": null, "Road_Class": "Barangay Road" }, "geometry": { "type": "MultiLineString", "coordinates": [ [ [ 121.4591776, 14.2978706 ], [ 121.4591662, 14.2983833 ], [ 121.459169, 14.2987293 ], [ 121.4591702, 14.298993 ], [ 121.4591703, 14.299281 ], [ 121.4591718, 14.2996069 ], [ 121.4591872, 14.3001571 ], [ 121.4591925, 14.3004641 ], [ 121.4592008, 14.3009868 ], [ 121.4592205, 14.3016082 ], [ 121.4592215, 14.301693 ], [ 121.4592232, 14.301844 ], [ 121.4592251, 14.3020106 ], [ 121.4592284, 14.3024888 ], [ 121.4592307, 14.3028329 ], [ 121.4591805, 14.3032469 ], [ 121.4591262, 14.3034686 ], [ 121.4590531, 14.3037675 ], [ 121.458679, 14.3048881 ] ] ] } },
{ "type": "Feature", "properties": { "full_id": "w118023112", "osm_id": "118023112", "osm_type": "way", "highway": "pedestrian", "motor_vehicle": null, "bus_bay": null, "embankment": null, "handrail": null, "tunnel": null, "covered": null, "horse": null, "description": null, "bridge:structure": null, "bridge:name": null, "source_ref": null, "width": null, "motorcycle": null, "service": null, "reg_name": null, "foot": null, "source:name": null, "narrow": null, "source:nat_name": null, "shoulder:surface": null, "overtaking": null, "maxweight": null, "layer": null, "bridge": null, "shoulder:line": null, "shoulder:bicycle": null, "shoulder": null, "junction": null, "railway": null, "is_in": null, "abandoned:railway": null, "sidewalk": null, "lit": null, "razed:railway": null, "old_name": null, "short_name": null, "postal_code": null, "bicycle": null, "access": null, "lanes": null, "surface": null, "maxspeed:type": null, "maxspeed": null, "oneway": null, "name:etymology:wikidata": null, "name:etymology": null, "ref": null, "nat_name": null, "name": null, "designation": null, "Road_Class": "Other" }, "geometry": { "type": "MultiLineString", "coordinates": [ [ [ 121.4606916, 14.3004821 ], [ 121.4599426, 14.3004669 ], [ 121.4596484, 14.3004564 ], [ 121.4591925, 14.3004641 ], [ 121.4585834, 14.3004588 ] ] ] } },
{ "type": "Feature", "properties": { "full_id": "w159015387", "osm_id": "159015387", "osm_type": "way", "highway": "residential", "motor_vehicle": null, "bus_bay": null, "embankment": null, "handrail": null, "tunnel": null, "covered": null, "horse": null, "description": null, "bridge:structure": null, "bridge:name": null, "source_ref": null, "width": null, "motorcycle": null, "service": null, "reg_name": null, "foot": null, "source:name": null, "narrow": null, "source:nat_name": null, "shoulder:surface": null, "overtaking": null, "maxweight": null, "layer": null, "bridge": null, "shoulder:line": null, "shoulder:bicycle": null, "shoulder": null, "junction": null, "railway": null, "is_in": null, "abandoned:railway": null, "sidewalk": null, "lit": null, "razed:railway": null, "old_name": null, "short_name": null, "postal_code": null, "bicycle": null, "access": null, "lanes": null, "surface": null, "maxspeed:type": null, "maxspeed": null, "oneway": null, "name:etymology:wikidata": null, "name:etymology": null, "ref": null, "nat_name": null, "name": "San Roque", "designation": null, "Road_Class": "Barangay Road" }, "geometry": { "type": "MultiLineString", "coordinates": [ [ [ 121.4603268, 14.2996427 ], [ 121.4603, 14.3002743 ] ] ] } },
{ "type": "Feature", "properties": { "full_id": "w333926336", "osm_id": "333926336", "osm_type": "way", "highway": "residential", "motor_vehicle": null, "bus_bay": null, "embankment": null, "handrail": null, "tunnel": null, "covered": null, "horse": null, "description": null, "bridge:structure": null, "bridge:name": null, "source_ref": null, "width": null, "motorcycle": null, "service": null, "reg_name": null, "foot": null, "source:name": null, "narrow": null, "source:nat_name": null, "shoulder:surface": null, "overtaking": null, "maxweight": null, "layer": null, "bridge": null, "shoulder:line": null, "shoulder:bicycle": null, "shoulder": null, "junction": null, "railway": null, "is_in": null, "abandoned:railway": null, "sidewalk": "no", "lit": "yes", "razed:railway": null, "old_name": null, "short_name": null, "postal_code": null, "bicycle": null, "access": null, "lanes": "2", "surface": "asphalt", "maxspeed:type": null, "maxspeed": null, "oneway": null, "name:etymology:wikidata": null, "name:etymology": null, "ref": null, "nat_name": null, "name": "Bonifacio Street", "designation": null, "Road_Class": "Barangay Road" }, "geometry": { "type": "MultiLineString", "coordinates": [ [ [ 121.4602035, 14.2980028 ], [ 121.4601142, 14.2984344 ], [ 121.46007, 14.2987627 ], [ 121.4600365, 14.298988 ], [ 121.4600145, 14.2991584 ], [ 121.4600085, 14.2992715 ], [ 121.4599901, 14.299621 ], [ 121.4599426, 14.3004669 ], [ 121.4599125, 14.3010027 ], [ 121.4598991, 14.301325 ], [ 121.4598819, 14.3016435 ], [ 121.4598696, 14.3020341 ], [ 121.4598361, 14.3029254 ] ] ] } },
{ "type": "Feature", "properties": { "full_id": "w33621635", "osm_id": "33621635", "osm_type": "way", "highway": "primary", "motor_vehicle": null, "bus_bay": null, "embankment": null, "handrail": null, "tunnel": null, "covered": null, "horse": null, "description": null, "bridge:structure": null, "bridge:name": null, "source_ref": null, "width": null, "motorcycle": null, "service": null, "reg_name": null, "foot": null, "source:name": null, "narrow": null, "source:nat_name": "DPWH-RBI", "shoulder:surface": "concrete", "overtaking": "no", "maxweight": "20", "layer": "1", "bridge": "yes", "shoulder:line": "solid_line", "shoulder:bicycle": "yes", "shoulder": "both", "junction": null, "railway": null, "is_in": null, "abandoned:railway": null, "sidewalk": null, "lit": "yes", "razed:railway": null, "old_name": null, "short_name": null, "postal_code": null, "bicycle": null, "access": null, "lanes": "2", "surface": "asphalt", "maxspeed:type": null, "maxspeed": null, "oneway": null, "name:etymology:wikidata": null, "name:etymology": null, "ref": "66", "nat_name": "Calamba – Santa Cruz – Famy Junction Road", "name": "National Highway", "designation": "national_secondary_road", "Road_Class": "National Road" }, "geometry": { "type": "MultiLineString", "coordinates": [ [ [ 121.4602017, 14.2920075 ], [ 121.4590276, 14.2916118 ] ] ] } },
{ "type": "Feature", "properties": { "full_id": "w97661858", "osm_id": "97661858", "osm_type": "way", "highway": "residential", "motor_vehicle": null, "bus_bay": null, "embankment": null, "handrail": null, "tunnel": null, "covered": null, "horse": null, "description": null, "bridge:structure": null, "bridge:name": null, "source_ref": null, "width": null, "motorcycle": null, "service": null, "reg_name": null, "foot": null, "source:name": null, "narrow": null, "source:nat_name": null, "shoulder:surface": null, "overtaking": null, "maxweight": null, "layer": null, "bridge": null, "shoulder:line": null, "shoulder:bicycle": null, "shoulder": null, "junction": null, "railway": null, "is_in": null, "abandoned:railway": null, "sidewalk": null, "lit": null, "razed:railway": null, "old_name": null, "short_name": null, "postal_code": null, "bicycle": null, "access": null, "lanes": null, "surface": null, "maxspeed:type": null, "maxspeed": null, "oneway": null, "name:etymology:wikidata": null, "name:etymology": null, "ref": null, "nat_name": null, "name": null, "designation": null, "Road_Class": "Barangay Road" }, "geometry": { "type": "MultiLineString", "coordinates": [ [ [ 121.4625275, 14.2900356 ], [ 121.4625962, 14.2895851 ], [ 121.4626148, 14.2893786 ], [ 121.4626417, 14.2891707 ], [ 121.4626792, 14.2889472 ], [ 121.4627086, 14.2887184 ], [ 121.4632895, 14.2887771 ] ] ] } },
{ "type": "Feature", "properties": { "full_id": "w97661865", "osm_id": "97661865", "osm_type": "way", "highway": "residential", "motor_vehicle": null, "bus_bay": null, "embankment": null, "handrail": null, "tunnel": null, "covered": null, "horse": null, "description": null, "bridge:structure": null, "bridge:name": null, "source_ref": null, "width": null, "motorcycle": null, "service": null, "reg_name": null, "foot": null, "source:name": null, "narrow": null, "source:nat_name": null, "shoulder:surface": null, "overtaking": null, "maxweight": null, "layer": null, "bridge": null, "shoulder:line": null, "shoulder:bicycle": null, "shoulder": null, "junction": null, "railway": null, "is_in": null, "abandoned:railway": null, "sidewalk": null, "lit": null, "razed:railway": null, "old_name": null, "short_name": null, "postal_code": null, "bicycle": null, "access": null, "lanes": null, "surface": null, "maxspeed:type": null, "maxspeed": null, "oneway": null, "name:etymology:wikidata": null, "name:etymology": null, "ref": null, "nat_name": null, "name": null, "designation": null, "Road_Class": "Barangay Road" }, "geometry": { "type": "MultiLineString", "coordinates": [ [ [ 121.4608644, 14.2907652 ], [ 121.4610491, 14.2903905 ], [ 121.4611711, 14.2901811 ], [ 121.4613301, 14.2897877 ], [ 121.4621991, 14.2876865 ], [ 121.4624671, 14.2871118 ], [ 121.4625541, 14.2869421 ] ] ] } },
{ "type": "Feature", "properties": { "full_id": "w97661867", "osm_id": "97661867", "osm_type": "way", "highway": "residential", "motor_vehicle": null, "bus_bay": null, "embankment": null, "handrail": null, "tunnel": null, "covered": null, "horse": null, "description": null, "bridge:structure": null, "bridge:name": null, "source_ref": null, "width": null, "motorcycle": null, "service": null, "reg_name": null, "foot": null, "source:name": null, "narrow": null, "source:nat_name": null, "shoulder:surface": null, "overtaking": null, "maxweight": null, "layer": null, "bridge": null, "shoulder:line": null, "shoulder:bicycle": null, "shoulder": null, "junction": null, "railway": null, "is_in": null, "abandoned:railway": null, "sidewalk": null, "lit": null, "razed:railway": null, "old_name": null, "short_name": null, "postal_code": null, "bicycle": null, "access": null, "lanes": null, "surface": null, "maxspeed:type": null, "maxspeed": null, "oneway": null, "name:etymology:wikidata": null, "name:etymology": null, "ref": null, "nat_name": null, "name": null, "designation": null, "Road_Class": "Barangay Road" }, "geometry": { "type": "MultiLineString", "coordinates": [ [ [ 121.4577034, 14.2840219 ], [ 121.4590848, 14.2842452 ], [ 121.4591814, 14.2843128 ], [ 121.4598251, 14.2844428 ], [ 121.4600021, 14.2845416 ], [ 121.4601998, 14.2845497 ], [ 121.4604342, 14.2845592 ], [ 121.4606342, 14.2845674 ], [ 121.4608652, 14.2845768 ], [ 121.4610947, 14.2845882 ] ] ] } },
{ "type": "Feature", "properties": { "full_id": "w97661908", "osm_id": "97661908", "osm_type": "way", "highway": "residential", "motor_vehicle": null, "bus_bay": null, "embankment": null, "handrail": null, "tunnel": null, "covered": null, "horse": null, "description": null, "bridge:structure": null, "bridge:name": null, "source_ref": null, "width": null, "motorcycle": null, "service": null, "reg_name": null, "foot": null, "source:name": null, "narrow": null, "source:nat_name": null, "shoulder:surface": null, "overtaking": null, "maxweight": null, "layer": null, "bridge": null, "shoulder:line": null, "shoulder:bicycle": null, "shoulder": null, "junction": null, "railway": null, "is_in": null, "abandoned:railway": null, "sidewalk": null, "lit": null, "razed:railway": null, "old_name": null, "short_name": null, "postal_code": null, "bicycle": null, "access": null, "lanes": null, "surface": null, "maxspeed:type": null, "maxspeed": null, "oneway": null, "name:etymology:wikidata": null, "name:etymology": null, "ref": null, "nat_name": null, "name": null, "designation": null, "Road_Class": "Barangay Road" }, "geometry": { "type": "MultiLineString", "coordinates": [ [ [ 121.4603453, 14.292057 ], [ 121.4607283, 14.2911005 ] ] ] } },
{ "type": "Feature", "properties": { "full_id": "w97661910", "osm_id": "97661910", "osm_type": "way", "highway": "residential", "motor_vehicle": null, "bus_bay": null, "embankment": null, "handrail": null, "tunnel": null, "covered": null, "horse": null, "description": null, "bridge:structure": null, "bridge:name": null, "source_ref": null, "width": null, "motorcycle": null, "service": null, "reg_name": null, "foot": null, "source:name": null, "narrow": null, "source:nat_name": null, "shoulder:surface": null, "overtaking": null, "maxweight": null, "layer": null, "bridge": null, "shoulder:line": null, "shoulder:bicycle": null, "shoulder": null, "junction": null, "railway": null, "is_in": null, "abandoned:railway": null, "sidewalk": null, "lit": null, "razed:railway": null, "old_name": null, "short_name": null, "postal_code": null, "bicycle": null, "access": null, "lanes": null, "surface": null, "maxspeed:type": null, "maxspeed": null, "oneway": null, "name:etymology:wikidata": null, "name:etymology": null, "ref": null, "nat_name": null, "name": null, "designation": null, "Road_Class": "Barangay Road" }, "geometry": { "type": "MultiLineString", "coordinates": [ [ [ 121.4621025, 14.2908784 ], [ 121.4618987, 14.2908797 ], [ 121.4617679, 14.2908641 ], [ 121.4616405, 14.2908335 ], [ 121.4614347, 14.2908121 ], [ 121.4611192, 14.2907977 ] ] ] } },
{ "type": "Feature", "properties": { "full_id": "w97661925", "osm_id": "97661925", "osm_type": "way", "highway": "residential", "motor_vehicle": null, "bus_bay": null, "embankment": null, "handrail": null, "tunnel": null, "covered": null, "horse": null, "description": null, "bridge:structure": null, "bridge:name": null, "source_ref": null, "width": null, "motorcycle": null, "service": null, "reg_name": null, "foot": null, "source:name": null, "narrow": null, "source:nat_name": null, "shoulder:surface": null, "overtaking": null, "maxweight": null, "layer": null, "bridge": null, "shoulder:line": null, "shoulder:bicycle": null, "shoulder": null, "junction": null, "railway": null, "is_in": null, "abandoned:railway": null, "sidewalk": null, "lit": null, "razed:railway": null, "old_name": null, "short_name": null, "postal_code": null, "bicycle": null, "access": null, "lanes": null, "surface": null, "maxspeed:type": null, "maxspeed": null, "oneway": null, "name:etymology:wikidata": null, "name:etymology": null, "ref": null, "nat_name": null, "name": null, "designation": null, "Road_Class": "Barangay Road" }, "geometry": { "type": "MultiLineString", "coordinates": [ [ [ 121.4587779, 14.2865533 ], [ 121.4588976, 14.2865931 ], [ 121.4589723, 14.2866105 ], [ 121.4590394, 14.2865949 ], [ 121.4590716, 14.2865455 ], [ 121.4591976, 14.286062 ], [ 121.4593881, 14.2860906 ], [ 121.4594363, 14.2860594 ], [ 121.4594632, 14.2859632 ], [ 121.4596268, 14.285919 ], [ 121.4597287, 14.2858827 ], [ 121.4604298, 14.2860158 ], [ 121.4606916, 14.2860542 ], [ 121.4611208, 14.2861348 ] ] ] } },
{ "type": "Feature", "properties": { "full_id": "w113531703", "osm_id": "113531703", "osm_type": "way", "highway": "residential", "motor_vehicle": null, "bus_bay": null, "embankment": null, "handrail": null, "tunnel": null, "covered": null, "horse": null, "description": null, "bridge:structure": null, "bridge:name": null, "source_ref": null, "width": null, "motorcycle": null, "service": null, "reg_name": null, "foot": null, "source:name": null, "narrow": null, "source:nat_name": null, "shoulder:surface": null, "overtaking": null, "maxweight": null, "layer": null, "bridge": null, "shoulder:line": null, "shoulder:bicycle": null, "shoulder": null, "junction": null, "railway": null, "is_in": null, "abandoned:railway": null, "sidewalk": null, "lit": null, "razed:railway": null, "old_name": null, "short_name": null, "postal_code": null, "bicycle": null, "access": null, "lanes": null, "surface": null, "maxspeed:type": null, "maxspeed": null, "oneway": null, "name:etymology:wikidata": null, "name:etymology": null, "ref": null, "nat_name": null, "name": null, "designation": null, "Road_Class": "Barangay Road" }, "geometry": { "type": "MultiLineString", "coordinates": [ [ [ 121.4999195, 14.2900288 ], [ 121.5003731, 14.2886009 ], [ 121.5004554, 14.2885319 ], [ 121.5005881, 14.2884331 ], [ 121.5007899, 14.2883043 ], [ 121.5008255, 14.2882564 ], [ 121.500846, 14.2881756 ], [ 121.5008266, 14.2880535 ], [ 121.5007644, 14.2877752 ], [ 121.5006929, 14.2875274 ], [ 121.5007719, 14.2873824 ], [ 121.5008577, 14.2873382 ], [ 121.5009596, 14.2872603 ], [ 121.5010642, 14.2871511 ], [ 121.5010669, 14.2870159 ], [ 121.5010079, 14.286899 ], [ 121.5009953, 14.2868881 ], [ 121.5008094, 14.2867274 ], [ 121.5006485, 14.2865922 ], [ 121.5005432, 14.2864807 ], [ 121.5004916, 14.2863499 ], [ 121.5005083, 14.286231 ] ] ] } },
{ "type": "Feature", "properties": { "full_id": "w113656316", "osm_id": "113656316", "osm_type": "way", "highway": "residential", "motor_vehicle": null, "bus_bay": null, "embankment": null, "handrail": null, "tunnel": null, "covered": null, "horse": null, "description": null, "bridge:structure": null, "bridge:name": null, "source_ref": null, "width": null, "motorcycle": null, "service": null, "reg_name": null, "foot": null, "source:name": null, "narrow": null, "source:nat_name": null, "shoulder:surface": null, "overtaking": null, "maxweight": null, "layer": null, "bridge": null, "shoulder:line": null, "shoulder:bicycle": null, "shoulder": null, "junction": null, "railway": null, "is_in": null, "abandoned:railway": null, "sidewalk": null, "lit": null, "razed:railway": null, "old_name": null, "short_name": null, "postal_code": null, "bicycle": null, "access": null, "lanes": null, "surface": null, "maxspeed:type": null, "maxspeed": null, "oneway": null, "name:etymology:wikidata": null, "name:etymology": null, "ref": null, "nat_name": null, "name": null, "designation": null, "Road_Class": "Barangay Road" }, "geometry": { "type": "MultiLineString", "coordinates": [ [ [ 121.4610947, 14.2845882 ], [ 121.4612174, 14.2844816 ], [ 121.4613166, 14.2844557 ], [ 121.4613273, 14.2843465 ], [ 121.4613459, 14.2842376 ] ] ] } },
{ "type": "Feature", "properties": { "full_id": "w113656317", "osm_id": "113656317", "osm_type": "way", "highway": "residential", "motor_vehicle": null, "bus_bay": null, "embankment": null, "handrail": null, "tunnel": null, "covered": null, "horse": null, "description": null, "bridge:structure": null, "bridge:name": null, "source_ref": null, "width": null, "motorcycle": null, "service": null, "reg_name": null, "foot": null, "source:name": null, "narrow": null, "source:nat_name": null, "shoulder:surface": null, "overtaking": null, "maxweight": null, "layer": null, "bridge": null, "shoulder:line": null, "shoulder:bicycle": null, "shoulder": null, "junction": null, "railway": null, "is_in": null, "abandoned:railway": null, "sidewalk": null, "lit": null, "razed:railway": null, "old_name": null, "short_name": null, "postal_code": null, "bicycle": null, "access": null, "lanes": null, "surface": null, "maxspeed:type": null, "maxspeed": null, "oneway": null, "name:etymology:wikidata": null, "name:etymology": null, "ref": null, "nat_name": null, "name": null, "designation": null, "Road_Class": "Barangay Road" }, "geometry": { "type": "MultiLineString", "coordinates": [ [ [ 121.4601713, 14.284804 ], [ 121.4601998, 14.2845497 ], [ 121.4602225, 14.2841225 ] ] ] } },
{ "type": "Feature", "properties": { "full_id": "w113779799", "osm_id": "113779799", "osm_type": "way", "highway": "residential", "motor_vehicle": null, "bus_bay": null, "embankment": null, "handrail": null, "tunnel": null, "covered": null, "horse": null, "description": null, "bridge:structure": null, "bridge:name": null, "source_ref": null, "width": null, "motorcycle": null, "service": null, "reg_name": null, "foot": null, "source:name": null, "narrow": null, "source:nat_name": null, "shoulder:surface": null, "overtaking": null, "maxweight": null, "layer": null, "bridge": null, "shoulder:line": null, "shoulder:bicycle": null, "shoulder": null, "junction": null, "railway": null, "is_in": null, "abandoned:railway": null, "sidewalk": null, "lit": null, "razed:railway": null, "old_name": null, "short_name": null, "postal_code": null, "bicycle": null, "access": null, "lanes": null, "surface": null, "maxspeed:type": null, "maxspeed": null, "oneway": null, "name:etymology:wikidata": null, "name:etymology": null, "ref": null, "nat_name": null, "name": null, "designation": null, "Road_Class": "Barangay Road" }, "geometry": { "type": "MultiLineString", "coordinates": [ [ [ 121.4636689, 14.2911774 ], [ 121.4631413, 14.2910912 ], [ 121.4624431, 14.2909512 ] ] ] } },
{ "type": "Feature", "properties": { "full_id": "w113779800", "osm_id": "113779800", "osm_type": "way", "highway": "residential", "motor_vehicle": null, "bus_bay": null, "embankment": null, "handrail": null, "tunnel": null, "covered": null, "horse": null, "description": null, "bridge:structure": null, "bridge:name": null, "source_ref": null, "width": null, "motorcycle": null, "service": null, "reg_name": null, "foot": null, "source:name": null, "narrow": null, "source:nat_name": null, "shoulder:surface": null, "overtaking": null, "maxweight": null, "layer": null, "bridge": null, "shoulder:line": null, "shoulder:bicycle": null, "shoulder": null, "junction": null, "railway": null, "is_in": null, "abandoned:railway": null, "sidewalk": null, "lit": null, "razed:railway": null, "old_name": null, "short_name": null, "postal_code": null, "bicycle": null, "access": null, "lanes": null, "surface": null, "maxspeed:type": null, "maxspeed": null, "oneway": null, "name:etymology:wikidata": null, "name:etymology": null, "ref": null, "nat_name": null, "name": null, "designation": null, "Road_Class": "Barangay Road" }, "geometry": { "type": "MultiLineString", "coordinates": [ [ [ 121.4638786, 14.287023 ], [ 121.4637524, 14.2870264 ], [ 121.4634502, 14.286981 ], [ 121.4632826, 14.2869134 ], [ 121.4626844, 14.2866911 ], [ 121.462596, 14.2868549 ], [ 121.4625541, 14.2869421 ] ] ] } },
{ "type": "Feature", "properties": { "full_id": "w114061088", "osm_id": "114061088", "osm_type": "way", "highway": "residential", "motor_vehicle": null, "bus_bay": null, "embankment": null, "handrail": null, "tunnel": null, "covered": null, "horse": null, "description": null, "bridge:structure": null, "bridge:name": null, "source_ref": null, "width": null, "motorcycle": null, "service": null, "reg_name": null, "foot": null, "source:name": null, "narrow": null, "source:nat_name": null, "shoulder:surface": null, "overtaking": null, "maxweight": null, "layer": null, "bridge": null, "shoulder:line": null, "shoulder:bicycle": null, "shoulder": null, "junction": null, "railway": null, "is_in": null, "abandoned:railway": null, "sidewalk": null, "lit": null, "razed:railway": null, "old_name": null, "short_name": null, "postal_code": null, "bicycle": null, "access": null, "lanes": null, "surface": null, "maxspeed:type": null, "maxspeed": null, "oneway": null, "name:etymology:wikidata": null, "name:etymology": null, "ref": null, "nat_name": null, "name": null, "designation": null, "Road_Class": "Barangay Road" }, "geometry": { "type": "MultiLineString", "coordinates": [ [ [ 121.49983, 14.2901573 ], [ 121.4997769, 14.2901311 ], [ 121.4997265, 14.2901669 ], [ 121.4996005, 14.2902117 ], [ 121.4994771, 14.2901954 ], [ 121.4993263, 14.2901489 ], [ 121.49921, 14.2900406 ], [ 121.4991898, 14.2899349 ], [ 121.4992055, 14.2898748 ], [ 121.4993095, 14.2897503 ], [ 121.499463, 14.2895719 ], [ 121.4996229, 14.2893832 ], [ 121.4996824, 14.2893414 ], [ 121.4997566, 14.2893163 ], [ 121.4999201, 14.2892667 ], [ 121.5000262, 14.2891499 ], [ 121.500129, 14.2889914 ], [ 121.5001932, 14.288808 ], [ 121.5003731, 14.2886009 ] ] ] } },
{ "type": "Feature", "properties": { "full_id": "w114626695", "osm_id": "114626695", "osm_type": "way", "highway": "residential", "motor_vehicle": null, "bus_bay": null, "embankment": null, "handrail": null, "tunnel": null, "covered": null, "horse": null, "description": null, "bridge:structure": null, "bridge:name": null, "source_ref": null, "width": null, "motorcycle": null, "service": null, "reg_name": null, "foot": null, "source:name": null, "narrow": null, "source:nat_name": null, "shoulder:surface": null, "overtaking": null, "maxweight": null, "layer": null, "bridge": null, "shoulder:line": null, "shoulder:bicycle": null, "shoulder": null, "junction": null, "railway": null, "is_in": null, "abandoned:railway": null, "sidewalk": null, "lit": null, "razed:railway": null, "old_name": null, "short_name": null, "postal_code": null, "bicycle": null, "access": null, "lanes": null, "surface": null, "maxspeed:type": null, "maxspeed": null, "oneway": null, "name:etymology:wikidata": null, "name:etymology": null, "ref": null, "nat_name": null, "name": null, "designation": null, "Road_Class": "Barangay Road" }, "geometry": { "type": "MultiLineString", "coordinates": [ [ [ 121.5005083, 14.286231 ], [ 121.5006163, 14.286166 ], [ 121.500788, 14.2861582 ], [ 121.5009484, 14.2861473 ], [ 121.5010453, 14.2860562 ], [ 121.501104, 14.2860068 ], [ 121.5011769, 14.2859476 ], [ 121.5013807, 14.2859398 ] ] ] } },
{ "type": "Feature", "properties": { "full_id": "w114626701", "osm_id": "114626701", "osm_type": "way", "highway": "residential", "motor_vehicle": null, "bus_bay": null, "embankment": null, "handrail": null, "tunnel": null, "covered": null, "horse": null, "description": null, "bridge:structure": null, "bridge:name": null, "source_ref": null, "width": null, "motorcycle": null, "service": null, "reg_name": null, "foot": null, "source:name": null, "narrow": null, "source:nat_name": null, "shoulder:surface": null, "overtaking": null, "maxweight": null, "layer": null, "bridge": null, "shoulder:line": null, "shoulder:bicycle": null, "shoulder": null, "junction": null, "railway": null, "is_in": null, "abandoned:railway": null, "sidewalk": null, "lit": null, "razed:railway": null, "old_name": null, "short_name": null, "postal_code": null, "bicycle": null, "access": null, "lanes": null, "surface": null, "maxspeed:type": null, "maxspeed": null, "oneway": null, "name:etymology:wikidata": null, "name:etymology": null, "ref": null, "nat_name": null, "name": null, "designation": null, "Road_Class": "Barangay Road" }, "geometry": { "type": "MultiLineString", "coordinates": [ [ [ 121.5013807, 14.2859398 ], [ 121.5015819, 14.2859828 ] ] ] } },
{ "type": "Feature", "properties": { "full_id": "w114626702", "osm_id": "114626702", "osm_type": "way", "highway": "residential", "motor_vehicle": null, "bus_bay": null, "embankment": null, "handrail": null, "tunnel": null, "covered": null, "horse": null, "description": null, "bridge:structure": null, "bridge:name": null, "source_ref": null, "width": null, "motorcycle": null, "service": null, "reg_name": null, "foot": null, "source:name": null, "narrow": null, "source:nat_name": null, "shoulder:surface": null, "overtaking": null, "maxweight": null, "layer": null, "bridge": null, "shoulder:line": null, "shoulder:bicycle": null, "shoulder": null, "junction": null, "railway": null, "is_in": null, "abandoned:railway": null, "sidewalk": null, "lit": null, "razed:railway": null, "old_name": null, "short_name": null, "postal_code": null, "bicycle": null, "access": null, "lanes": null, "surface": null, "maxspeed:type": null, "maxspeed": null, "oneway": null, "name:etymology:wikidata": null, "name:etymology": null, "ref": null, "nat_name": null, "name": null, "designation": null, "Road_Class": "Barangay Road" }, "geometry": { "type": "MultiLineString", "coordinates": [ [ [ 121.4996849, 14.2856467 ], [ 121.5001844, 14.2858671 ], [ 121.5004547, 14.2860086 ], [ 121.5004983, 14.2860698 ], [ 121.5005083, 14.286231 ] ] ] } },
{ "type": "Feature", "properties": { "full_id": "w114626710", "osm_id": "114626710", "osm_type": "way", "highway": "secondary", "motor_vehicle": null, "bus_bay": null, "embankment": null, "handrail": null, "tunnel": null, "covered": null, "horse": null, "description": null, "bridge:structure": null, "bridge:name": null, "source_ref": null, "width": null, "motorcycle": null, "service": null, "reg_name": null, "foot": null, "source:name": null, "narrow": null, "source:nat_name": null, "shoulder:surface": null, "overtaking": null, "maxweight": null, "layer": null, "bridge": null, "shoulder:line": null, "shoulder:bicycle": null, "shoulder": null, "junction": null, "railway": null, "is_in": null, "abandoned:railway": null, "sidewalk": null, "lit": null, "razed:railway": null, "old_name": null, "short_name": null, "postal_code": null, "bicycle": null, "access": null, "lanes": "2", "surface": "asphalt", "maxspeed:type": null, "maxspeed": null, "oneway": null, "name:etymology:wikidata": null, "name:etymology": null, "ref": "602-2", "nat_name": null, "name": "Caliraya-Cavinti Arterial Road", "designation": null, "Road_Class": "Provincial Road" }, "geometry": { "type": "MultiLineString", "coordinates": [ [ [ 121.4744511, 14.3116789 ], [ 121.4746346, 14.3121838 ], [ 121.4747693, 14.3126507 ], [ 121.4748701, 14.3130839 ], [ 121.4748951, 14.3131777 ], [ 121.4749374, 14.3132657 ], [ 121.4749978, 14.3133469 ], [ 121.4751973, 14.3135567 ], [ 121.4754466, 14.3137898 ], [ 121.4755207, 14.313847 ], [ 121.475612, 14.3138897 ], [ 121.475755, 14.3138785 ], [ 121.4758585, 14.3138327 ], [ 121.4759836, 14.3137584 ], [ 121.4764, 14.3134475 ], [ 121.4765677, 14.3133331 ], [ 121.4767121, 14.313262 ], [ 121.4767367, 14.3132499 ], [ 121.4768949, 14.313185 ], [ 121.4770679, 14.3131499 ], [ 121.477304, 14.3131213 ], [ 121.4777166, 14.3130823 ], [ 121.4778262, 14.3130555 ], [ 121.4784128, 14.3128732 ], [ 121.4789522, 14.312688 ], [ 121.4791947, 14.3126104 ], [ 121.4793575, 14.3125267 ], [ 121.4794656, 14.3124191 ], [ 121.4795458, 14.3123006 ], [ 121.4795897, 14.312201 ], [ 121.479622, 14.3120341 ], [ 121.4796196, 14.3118911 ], [ 121.4794947, 14.3111604 ], [ 121.4794767, 14.3110573 ], [ 121.4794807, 14.3109433 ], [ 121.479542, 14.3103491 ], [ 121.4795823, 14.3100476 ], [ 121.4796294, 14.3096959 ], [ 121.4796211, 14.3096247 ], [ 121.4795657, 14.3095259 ], [ 121.4795041, 14.3094582 ], [ 121.4793174, 14.3092912 ], [ 121.4792183, 14.3091559 ], [ 121.4791854, 14.3090531 ], [ 121.4791628, 14.3089378 ], [ 121.4792006, 14.3086041 ], [ 121.4792096, 14.3084684 ], [ 121.4792079, 14.3083413 ], [ 121.4791887, 14.3082113 ], [ 121.4791272, 14.3080473 ], [ 121.4787641, 14.307376 ], [ 121.4786235, 14.3070839 ], [ 121.4783098, 14.3062049 ], [ 121.4779785, 14.3052645 ], [ 121.4779187, 14.3050607 ], [ 121.4778378, 14.3045819 ], [ 121.4778129, 14.3043558 ], [ 121.4777823, 14.3041129 ], [ 121.4777553, 14.3039649 ], [ 121.4777154, 14.3038197 ], [ 121.4776555, 14.3036631 ], [ 121.4775702, 14.3034253 ], [ 121.4775649, 14.3032074 ], [ 121.4776075, 14.3030677 ], [ 121.4777212, 14.3029189 ], [ 121.4778464, 14.3028366 ], [ 121.4779531, 14.3027974 ], [ 121.4780999, 14.302781 ], [ 121.4782589, 14.3028199 ], [ 121.4783571, 14.3028928 ], [ 121.4784443, 14.3029955 ], [ 121.4785039, 14.3031126 ], [ 121.4785244, 14.3032409 ], [ 121.4785041, 14.3033923 ], [ 121.4784168, 14.3035248 ], [ 121.4783721, 14.3035873 ], [ 121.4783196, 14.3036731 ], [ 121.4782775, 14.3037806 ], [ 121.4782588, 14.3038877 ], [ 121.4782482, 14.3039876 ], [ 121.4782495, 14.3041028 ], [ 121.4782729, 14.3041903 ], [ 121.4783026, 14.3042463 ], [ 121.4783496, 14.3043248 ], [ 121.478401, 14.304386 ], [ 121.4784842, 14.3044719 ], [ 121.4788509, 14.3047733 ], [ 121.4791056, 14.3050057 ], [ 121.4793401, 14.3052417 ], [ 121.4798681, 14.3057243 ], [ 121.4799711, 14.3058458 ], [ 121.4800138, 14.305934 ], [ 121.4800407, 14.3060577 ], [ 121.4800403, 14.306538 ], [ 121.480053, 14.3066625 ], [ 121.480093, 14.3067808 ], [ 121.4803965, 14.3073113 ], [ 121.4804731, 14.3074359 ], [ 121.4805395, 14.3075141 ], [ 121.4806345, 14.3075908 ], [ 121.4807319, 14.307649 ], [ 121.481133, 14.3078205 ], [ 121.4813187, 14.307878 ], [ 121.481475, 14.3078886 ], [ 121.48163, 14.3078823 ], [ 121.4817644, 14.3078314 ], [ 121.4818727, 14.3077487 ], [ 121.4819291, 14.3076918 ], [ 121.481982, 14.3075624 ], [ 121.4820538, 14.3072077 ], [ 121.4821026, 14.307068 ], [ 121.4821811, 14.3069534 ], [ 121.4822638, 14.306884 ], [ 121.4823919, 14.3068349 ], [ 121.4827226, 14.3067824 ], [ 121.4831413, 14.306693 ], [ 121.4841916, 14.3064589 ], [ 121.4845183, 14.3063554 ], [ 121.4846779, 14.3063222 ], [ 121.4847788, 14.3063098 ], [ 121.4852473, 14.3063658 ], [ 121.4853612, 14.3063691 ], [ 121.4854625, 14.3063677 ], [ 121.485524, 14.3063257 ], [ 121.4856169, 14.3062617 ], [ 121.4856985, 14.3061912 ], [ 121.4874059, 14.3042001 ], [ 121.4875413, 14.3040149 ], [ 121.4877556, 14.3037707 ], [ 121.4878771, 14.3036692 ], [ 121.4880221, 14.3035715 ], [ 121.4885918, 14.3032793 ], [ 121.4887567, 14.3032167 ], [ 121.4888845, 14.3031058 ], [ 121.488983, 14.3030017 ], [ 121.4890744, 14.3029016 ], [ 121.4896926, 14.3021053 ], [ 121.4897937, 14.3019737 ], [ 121.489892, 14.3018056 ], [ 121.4899884, 14.3015613 ], [ 121.490022, 14.3014897 ], [ 121.4900954, 14.3013839 ], [ 121.490199, 14.3012884 ], [ 121.4907808, 14.3008543 ], [ 121.4909362, 14.300714 ], [ 121.4910606, 14.3006014 ], [ 121.4911983, 14.300438 ], [ 121.4919353, 14.2995495 ], [ 121.4920852, 14.2993546 ], [ 121.4921797, 14.299206 ], [ 121.4922749, 14.2990141 ], [ 121.4925852, 14.2983664 ], [ 121.4926723, 14.2982126 ], [ 121.4927334, 14.2981457 ], [ 121.4927937, 14.2980904 ], [ 121.4928829, 14.2980371 ], [ 121.4929848, 14.2980176 ], [ 121.4931169, 14.2980365 ], [ 121.4936406, 14.298262 ], [ 121.4937888, 14.2982905 ], [ 121.4939558, 14.2982957 ], [ 121.4940885, 14.2982561 ], [ 121.4942113, 14.2981782 ], [ 121.494336, 14.2980521 ], [ 121.4950977, 14.2970605 ], [ 121.4960378, 14.2958461 ], [ 121.496131, 14.2957246 ], [ 121.4962659, 14.2955489 ], [ 121.496323, 14.2954628 ], [ 121.4964247, 14.2952939 ], [ 121.49649, 14.2951575 ], [ 121.4965949, 14.2948841 ], [ 121.4966505, 14.2947447 ], [ 121.4967336, 14.2945755 ], [ 121.4968261, 14.2944423 ], [ 121.4976069, 14.2934703 ], [ 121.4977162, 14.2933111 ], [ 121.4978369, 14.2931064 ], [ 121.4979178, 14.2929884 ], [ 121.4979965, 14.2928912 ], [ 121.4980742, 14.2928376 ], [ 121.4981883, 14.292795 ], [ 121.4983419, 14.2927804 ], [ 121.4985995, 14.2927968 ], [ 121.4988715, 14.2928021 ], [ 121.4989684, 14.2927821 ], [ 121.4990727, 14.2927324 ], [ 121.4991543, 14.2926528 ], [ 121.4992509, 14.2925095 ], [ 121.4993575, 14.2923321 ], [ 121.4994432, 14.2921458 ], [ 121.4994921, 14.2919473 ], [ 121.4995372, 14.2915716 ], [ 121.4996107, 14.2907606 ], [ 121.4996328, 14.2906037 ], [ 121.4996736, 14.2904753 ], [ 121.4997319, 14.2903188 ], [ 121.499786, 14.2902254 ], [ 121.49983, 14.2901573 ], [ 121.4999195, 14.2900288 ], [ 121.5013094, 14.288669 ], [ 121.5014412, 14.2885873 ], [ 121.5015716, 14.2885469 ], [ 121.503274437584452, 14.288158071809892 ] ] ] } },
{ "type": "Feature", "properties": { "full_id": "w114626711", "osm_id": "114626711", "osm_type": "way", "highway": "residential", "motor_vehicle": null, "bus_bay": null, "embankment": null, "handrail": null, "tunnel": null, "covered": null, "horse": null, "description": null, "bridge:structure": null, "bridge:name": null, "source_ref": null, "width": null, "motorcycle": null, "service": null, "reg_name": null, "foot": null, "source:name": null, "narrow": null, "source:nat_name": null, "shoulder:surface": null, "overtaking": null, "maxweight": null, "layer": null, "bridge": null, "shoulder:line": null, "shoulder:bicycle": null, "shoulder": null, "junction": null, "railway": null, "is_in": null, "abandoned:railway": null, "sidewalk": null, "lit": null, "razed:railway": null, "old_name": null, "short_name": null, "postal_code": null, "bicycle": null, "access": null, "lanes": null, "surface": null, "maxspeed:type": null, "maxspeed": null, "oneway": null, "name:etymology:wikidata": null, "name:etymology": null, "ref": null, "nat_name": null, "name": null, "designation": null, "Road_Class": "Barangay Road" }, "geometry": { "type": "MultiLineString", "coordinates": [ [ [ 121.5006929, 14.2875274 ], [ 121.4991937, 14.2868645 ], [ 121.499168, 14.2868366 ], [ 121.4991787, 14.2867794 ], [ 121.4992994, 14.2865169 ] ] ] } },
{ "type": "Feature", "properties": { "full_id": "w118023054", "osm_id": "118023054", "osm_type": "way", "highway": "residential", "motor_vehicle": null, "bus_bay": null, "embankment": null, "handrail": null, "tunnel": null, "covered": null, "horse": null, "description": null, "bridge:structure": null, "bridge:name": null, "source_ref": null, "width": null, "motorcycle": null, "service": null, "reg_name": null, "foot": null, "source:name": null, "narrow": null, "source:nat_name": null, "shoulder:surface": null, "overtaking": null, "maxweight": null, "layer": null, "bridge": null, "shoulder:line": null, "shoulder:bicycle": null, "shoulder": null, "junction": null, "railway": null, "is_in": null, "abandoned:railway": null, "sidewalk": null, "lit": null, "razed:railway": null, "old_name": null, "short_name": null, "postal_code": null, "bicycle": null, "access": null, "lanes": null, "surface": null, "maxspeed:type": null, "maxspeed": null, "oneway": null, "name:etymology:wikidata": null, "name:etymology": null, "ref": null, "nat_name": null, "name": null, "designation": null, "Road_Class": "Barangay Road" }, "geometry": { "type": "MultiLineString", "coordinates": [ [ [ 121.4608636, 14.2842525 ], [ 121.4608652, 14.2845768 ], [ 121.4608419, 14.2848637 ] ] ] } },
{ "type": "Feature", "properties": { "full_id": "w118023055", "osm_id": "118023055", "osm_type": "way", "highway": "residential", "motor_vehicle": null, "bus_bay": null, "embankment": null, "handrail": null, "tunnel": null, "covered": null, "horse": null, "description": null, "bridge:structure": null, "bridge:name": null, "source_ref": null, "width": null, "motorcycle": null, "service": null, "reg_name": null, "foot": null, "source:name": null, "narrow": null, "source:nat_name": null, "shoulder:surface": null, "overtaking": null, "maxweight": null, "layer": null, "bridge": null, "shoulder:line": null, "shoulder:bicycle": null, "shoulder": null, "junction": null, "railway": null, "is_in": null, "abandoned:railway": null, "sidewalk": null, "lit": null, "razed:railway": null, "old_name": null, "short_name": null, "postal_code": null, "bicycle": null, "access": null, "lanes": null, "surface": "dirt", "maxspeed:type": null, "maxspeed": null, "oneway": null, "name:etymology:wikidata": null, "name:etymology": null, "ref": null, "nat_name": null, "name": null, "designation": null, "Road_Class": "Barangay Road" }, "geometry": { "type": "MultiLineString", "coordinates": [ [ [ 121.4600055, 14.2879388 ], [ 121.4602598, 14.2879699 ] ] ] } },
{ "type": "Feature", "properties": { "full_id": "w118023067", "osm_id": "118023067", "osm_type": "way", "highway": "residential", "motor_vehicle": null, "bus_bay": null, "embankment": null, "handrail": null, "tunnel": null, "covered": null, "horse": null, "description": null, "bridge:structure": null, "bridge:name": null, "source_ref": null, "width": null, "motorcycle": null, "service": null, "reg_name": null, "foot": null, "source:name": null, "narrow": null, "source:nat_name": null, "shoulder:surface": null, "overtaking": null, "maxweight": null, "layer": null, "bridge": null, "shoulder:line": null, "shoulder:bicycle": null, "shoulder": null, "junction": null, "railway": null, "is_in": null, "abandoned:railway": null, "sidewalk": null, "lit": null, "razed:railway": null, "old_name": null, "short_name": null, "postal_code": null, "bicycle": null, "access": null, "lanes": null, "surface": "dirt", "maxspeed:type": null, "maxspeed": null, "oneway": null, "name:etymology:wikidata": null, "name:etymology": null, "ref": null, "nat_name": null, "name": null, "designation": null, "Road_Class": "Barangay Road" }, "geometry": { "type": "MultiLineString", "coordinates": [ [ [ 121.4602598, 14.2879699 ], [ 121.4601525, 14.2883987 ] ] ] } },
{ "type": "Feature", "properties": { "full_id": "w118023069", "osm_id": "118023069", "osm_type": "way", "highway": "residential", "motor_vehicle": null, "bus_bay": null, "embankment": null, "handrail": null, "tunnel": null, "covered": null, "horse": null, "description": null, "bridge:structure": null, "bridge:name": null, "source_ref": null, "width": null, "motorcycle": null, "service": null, "reg_name": null, "foot": null, "source:name": null, "narrow": null, "source:nat_name": null, "shoulder:surface": null, "overtaking": null, "maxweight": null, "layer": null, "bridge": null, "shoulder:line": null, "shoulder:bicycle": null, "shoulder": null, "junction": null, "railway": null, "is_in": null, "abandoned:railway": null, "sidewalk": null, "lit": null, "razed:railway": null, "old_name": null, "short_name": null, "postal_code": null, "bicycle": null, "access": null, "lanes": null, "surface": null, "maxspeed:type": null, "maxspeed": null, "oneway": null, "name:etymology:wikidata": null, "name:etymology": null, "ref": null, "nat_name": null, "name": null, "designation": null, "Road_Class": "Barangay Road" }, "geometry": { "type": "MultiLineString", "coordinates": [ [ [ 121.4606356, 14.2842161 ], [ 121.4606342, 14.2845674 ], [ 121.4606139, 14.2848325 ] ] ] } },
{ "type": "Feature", "properties": { "full_id": "w118023085", "osm_id": "118023085", "osm_type": "way", "highway": "residential", "motor_vehicle": null, "bus_bay": null, "embankment": null, "handrail": null, "tunnel": null, "covered": null, "horse": null, "description": null, "bridge:structure": null, "bridge:name": null, "source_ref": null, "width": null, "motorcycle": null, "service": null, "reg_name": null, "foot": null, "source:name": null, "narrow": null, "source:nat_name": null, "shoulder:surface": null, "overtaking": null, "maxweight": null, "layer": null, "bridge": null, "shoulder:line": null, "shoulder:bicycle": null, "shoulder": null, "junction": null, "railway": null, "is_in": null, "abandoned:railway": null, "sidewalk": null, "lit": null, "razed:railway": null, "old_name": null, "short_name": null, "postal_code": null, "bicycle": null, "access": null, "lanes": null, "surface": "unpaved", "maxspeed:type": null, "maxspeed": null, "oneway": null, "name:etymology:wikidata": null, "name:etymology": null, "ref": null, "nat_name": null, "name": null, "designation": null, "Road_Class": "Barangay Road" }, "geometry": { "type": "MultiLineString", "coordinates": [ [ [ 121.4601525, 14.2883987 ], [ 121.4599199, 14.2883474 ] ] ] } },
{ "type": "Feature", "properties": { "full_id": "w118023087", "osm_id": "118023087", "osm_type": "way", "highway": "residential", "motor_vehicle": null, "bus_bay": null, "embankment": null, "handrail": null, "tunnel": null, "covered": null, "horse": null, "description": null, "bridge:structure": null, "bridge:name": null, "source_ref": null, "width": null, "motorcycle": null, "service": null, "reg_name": null, "foot": null, "source:name": null, "narrow": null, "source:nat_name": null, "shoulder:surface": null, "overtaking": null, "maxweight": null, "layer": null, "bridge": null, "shoulder:line": null, "shoulder:bicycle": null, "shoulder": null, "junction": null, "railway": null, "is_in": null, "abandoned:railway": null, "sidewalk": null, "lit": null, "razed:railway": null, "old_name": null, "short_name": null, "postal_code": null, "bicycle": null, "access": null, "lanes": null, "surface": null, "maxspeed:type": null, "maxspeed": null, "oneway": null, "name:etymology:wikidata": null, "name:etymology": null, "ref": null, "nat_name": null, "name": null, "designation": null, "Road_Class": "Barangay Road" }, "geometry": { "type": "MultiLineString", "coordinates": [ [ [ 121.4610947, 14.2845882 ], [ 121.4610663, 14.2847662 ], [ 121.4610591, 14.2850067 ] ] ] } },
{ "type": "Feature", "properties": { "full_id": "w118127479", "osm_id": "118127479", "osm_type": "way", "highway": "residential", "motor_vehicle": null, "bus_bay": null, "embankment": null, "handrail": null, "tunnel": null, "covered": null, "horse": null, "description": null, "bridge:structure": null, "bridge:name": null, "source_ref": null, "width": null, "motorcycle": null, "service": null, "reg_name": null, "foot": null, "source:name": null, "narrow": null, "source:nat_name": null, "shoulder:surface": null, "overtaking": null, "maxweight": null, "layer": null, "bridge": null, "shoulder:line": null, "shoulder:bicycle": null, "shoulder": null, "junction": null, "railway": null, "is_in": null, "abandoned:railway": null, "sidewalk": null, "lit": null, "razed:railway": null, "old_name": null, "short_name": null, "postal_code": null, "bicycle": null, "access": null, "lanes": null, "surface": null, "maxspeed:type": null, "maxspeed": null, "oneway": null, "name:etymology:wikidata": null, "name:etymology": null, "ref": null, "nat_name": null, "name": null, "designation": null, "Road_Class": "Barangay Road" }, "geometry": { "type": "MultiLineString", "coordinates": [ [ [ 121.4618516, 14.2894813 ], [ 121.4625962, 14.2895851 ], [ 121.4630476, 14.2896524 ], [ 121.4634126, 14.2897022 ] ] ] } },
{ "type": "Feature", "properties": { "full_id": "w122100731", "osm_id": "122100731", "osm_type": "way", "highway": "residential", "motor_vehicle": null, "bus_bay": null, "embankment": null, "handrail": null, "tunnel": null, "covered": null, "horse": null, "description": null, "bridge:structure": null, "bridge:name": null, "source_ref": null, "width": null, "motorcycle": null, "service": null, "reg_name": null, "foot": null, "source:name": null, "narrow": null, "source:nat_name": null, "shoulder:surface": null, "overtaking": null, "maxweight": null, "layer": null, "bridge": null, "shoulder:line": null, "shoulder:bicycle": null, "shoulder": null, "junction": null, "railway": null, "is_in": null, "abandoned:railway": null, "sidewalk": null, "lit": null, "razed:railway": null, "old_name": null, "short_name": null, "postal_code": null, "bicycle": null, "access": null, "lanes": null, "surface": null, "maxspeed:type": null, "maxspeed": null, "oneway": null, "name:etymology:wikidata": null, "name:etymology": null, "ref": null, "nat_name": null, "name": "Pamilacan", "designation": null, "Road_Class": "Barangay Road" }, "geometry": { "type": "MultiLineString", "coordinates": [ [ [ 121.4623833, 14.2912632 ], [ 121.4624431, 14.2909512 ], [ 121.4621025, 14.2908784 ], [ 121.4620783, 14.2908264 ], [ 121.4621643, 14.290433 ], [ 121.4621937, 14.2902988 ], [ 121.4621561, 14.2902312 ], [ 121.4620354, 14.2900791 ], [ 121.4620288, 14.2900349 ], [ 121.4620515, 14.2899739 ], [ 121.4621132, 14.2899674 ], [ 121.4625275, 14.2900356 ], [ 121.4629835, 14.2900713 ], [ 121.4629983, 14.2900154 ], [ 121.4630476, 14.2896524 ], [ 121.4630967, 14.2894414 ], [ 121.4631404, 14.289246 ], [ 121.4632161, 14.2890079 ], [ 121.4632895, 14.2887771 ], [ 121.4634811, 14.2881882 ], [ 121.4637469, 14.2874379 ], [ 121.4637842, 14.2873382 ], [ 121.4638786, 14.287023 ], [ 121.4639505, 14.2868522 ], [ 121.4640229, 14.2867144 ], [ 121.4641249, 14.2865429 ], [ 121.4642831, 14.286153 ], [ 121.4642804, 14.2860074 ], [ 121.4642804, 14.2857735 ], [ 121.4643341, 14.285264 ], [ 121.4643448, 14.2851237 ], [ 121.4643502, 14.2849183 ], [ 121.4643582, 14.2847364 ], [ 121.4643515, 14.2844998 ], [ 121.4643475, 14.2841853 ], [ 121.4643716, 14.2836109 ], [ 121.4643905, 14.2832132 ], [ 121.4644387, 14.2831378 ], [ 121.4645888, 14.2830312 ], [ 121.4646667, 14.2829364 ], [ 121.4646935, 14.2828753 ], [ 121.4648276, 14.2826205 ], [ 121.464841, 14.2825322 ], [ 121.464833, 14.2820461 ], [ 121.464841, 14.2819187 ], [ 121.4648597, 14.281794 ], [ 121.4647739, 14.2802877 ], [ 121.4646814, 14.2802383 ], [ 121.4642482, 14.2803124 ], [ 121.4642321, 14.2801954 ], [ 121.4642147, 14.2801135 ], [ 121.4641396, 14.2793441 ], [ 121.4641865, 14.2792466 ], [ 121.4642562, 14.2791972 ] ] ] } },
{ "type": "Feature", "properties": { "full_id": "w130105475", "osm_id": "130105475", "osm_type": "way", "highway": "track", "motor_vehicle": null, "bus_bay": null, "embankment": null, "handrail": null, "tunnel": null, "covered": null, "horse": null, "description": null, "bridge:structure": null, "bridge:name": null, "source_ref": null, "width": null, "motorcycle": null, "service": null, "reg_name": null, "foot": null, "source:name": null, "narrow": null, "source:nat_name": null, "shoulder:surface": null, "overtaking": null, "maxweight": null, "layer": null, "bridge": null, "shoulder:line": null, "shoulder:bicycle": null, "shoulder": null, "junction": null, "railway": null, "is_in": null, "abandoned:railway": null, "sidewalk": null, "lit": null, "razed:railway": null, "old_name": null, "short_name": null, "postal_code": null, "bicycle": null, "access": null, "lanes": null, "surface": null, "maxspeed:type": null, "maxspeed": null, "oneway": null, "name:etymology:wikidata": null, "name:etymology": null, "ref": null, "nat_name": null, "name": null, "designation": null, "Road_Class": "Other" }, "geometry": { "type": "MultiLineString", "coordinates": [ [ [ 121.4617997, 14.2842005 ], [ 121.4613459, 14.2842376 ], [ 121.4611962, 14.2842499 ], [ 121.4611962, 14.2842785 ], [ 121.4608636, 14.2842525 ] ] ] } },
{ "type": "Feature", "properties": { "full_id": "w434896249", "osm_id": "434896249", "osm_type": "way", "highway": "residential", "motor_vehicle": null, "bus_bay": null, "embankment": null, "handrail": null, "tunnel": null, "covered": null, "horse": null, "description": null, "bridge:structure": null, "bridge:name": null, "source_ref": null, "width": null, "motorcycle": null, "service": null, "reg_name": null, "foot": null, "source:name": null, "narrow": null, "source:nat_name": null, "shoulder:surface": null, "overtaking": null, "maxweight": null, "layer": null, "bridge": null, "shoulder:line": null, "shoulder:bicycle": null, "shoulder": null, "junction": null, "railway": null, "is_in": null, "abandoned:railway": null, "sidewalk": null, "lit": null, "razed:railway": null, "old_name": null, "short_name": null, "postal_code": null, "bicycle": null, "access": null, "lanes": null, "surface": null, "maxspeed:type": null, "maxspeed": null, "oneway": null, "name:etymology:wikidata": null, "name:etymology": null, "ref": null, "nat_name": null, "name": null, "designation": null, "Road_Class": "Barangay Road" }, "geometry": { "type": "MultiLineString", "coordinates": [ [ [ 121.4648597, 14.281794 ], [ 121.4656379, 14.2818066 ], [ 121.4662694, 14.2818135 ], [ 121.4662586, 14.2821358 ], [ 121.4664598, 14.2821449 ], [ 121.4666234, 14.2821384 ], [ 121.4668127, 14.2821463 ], [ 121.46705, 14.282162 ], [ 121.4674991, 14.2821865 ], [ 121.46777, 14.2821709 ], [ 121.4679846, 14.2821189 ] ] ] } },
{ "type": "Feature", "properties": { "full_id": "w671008646", "osm_id": "671008646", "osm_type": "way", "highway": "path", "motor_vehicle": null, "bus_bay": null, "embankment": null, "handrail": null, "tunnel": null, "covered": null, "horse": null, "description": null, "bridge:structure": null, "bridge:name": null, "source_ref": null, "width": null, "motorcycle": null, "service": null, "reg_name": null, "foot": null, "source:name": null, "narrow": null, "source:nat_name": null, "shoulder:surface": null, "overtaking": null, "maxweight": null, "layer": null, "bridge": null, "shoulder:line": null, "shoulder:bicycle": null, "shoulder": null, "junction": null, "railway": null, "is_in": null, "abandoned:railway": null, "sidewalk": null, "lit": null, "razed:railway": null, "old_name": null, "short_name": null, "postal_code": null, "bicycle": null, "access": null, "lanes": null, "surface": null, "maxspeed:type": null, "maxspeed": null, "oneway": null, "name:etymology:wikidata": null, "name:etymology": null, "ref": null, "nat_name": null, "name": null, "designation": null, "Road_Class": "Other" }, "geometry": { "type": "MultiLineString", "coordinates": [ [ [ 121.4788368, 14.2877203 ], [ 121.4794712, 14.2872187 ], [ 121.4798641, 14.2868782 ], [ 121.4801216, 14.2867378 ], [ 121.4806125, 14.2868808 ], [ 121.4810657, 14.2872239 ], [ 121.4814681, 14.2873772 ], [ 121.4819965, 14.2873304 ] ] ] } },
{ "type": "Feature", "properties": { "full_id": "w884994108", "osm_id": "884994108", "osm_type": "way", "highway": "residential", "motor_vehicle": null, "bus_bay": null, "embankment": null, "handrail": null, "tunnel": null, "covered": null, "horse": null, "description": null, "bridge:structure": null, "bridge:name": null, "source_ref": null, "width": null, "motorcycle": null, "service": null, "reg_name": null, "foot": null, "source:name": null, "narrow": null, "source:nat_name": null, "shoulder:surface": null, "overtaking": null, "maxweight": null, "layer": null, "bridge": null, "shoulder:line": null, "shoulder:bicycle": null, "shoulder": null, "junction": null, "railway": null, "is_in": null, "abandoned:railway": null, "sidewalk": null, "lit": null, "razed:railway": null, "old_name": null, "short_name": null, "postal_code": null, "bicycle": null, "access": null, "lanes": null, "surface": null, "maxspeed:type": null, "maxspeed": null, "oneway": null, "name:etymology:wikidata": null, "name:etymology": null, "ref": null, "nat_name": null, "name": null, "designation": null, "Road_Class": "Barangay Road" }, "geometry": { "type": "MultiLineString", "coordinates": [ [ [ 121.4995247, 14.2859554 ], [ 121.4996849, 14.2856467 ] ] ] } },
{ "type": "Feature", "properties": { "full_id": "w884994109", "osm_id": "884994109", "osm_type": "way", "highway": "residential", "motor_vehicle": null, "bus_bay": null, "embankment": null, "handrail": null, "tunnel": null, "covered": null, "horse": null, "description": null, "bridge:structure": null, "bridge:name": null, "source_ref": null, "width": null, "motorcycle": null, "service": null, "reg_name": null, "foot": null, "source:name": null, "narrow": null, "source:nat_name": null, "shoulder:surface": null, "overtaking": null, "maxweight": null, "layer": null, "bridge": null, "shoulder:line": null, "shoulder:bicycle": null, "shoulder": null, "junction": null, "railway": null, "is_in": null, "abandoned:railway": null, "sidewalk": null, "lit": null, "razed:railway": null, "old_name": null, "short_name": null, "postal_code": null, "bicycle": null, "access": null, "lanes": null, "surface": null, "maxspeed:type": null, "maxspeed": null, "oneway": null, "name:etymology:wikidata": null, "name:etymology": null, "ref": null, "nat_name": null, "name": null, "designation": null, "Road_Class": "Barangay Road" }, "geometry": { "type": "MultiLineString", "coordinates": [ [ [ 121.498028, 14.2855259 ], [ 121.4984317, 14.2855187 ], [ 121.4988032, 14.2855194 ], [ 121.4992826, 14.2855265 ], [ 121.4994007, 14.2855376 ], [ 121.4995126, 14.2855707 ], [ 121.4996849, 14.2856467 ] ] ] } },
{ "type": "Feature", "properties": { "full_id": "w886870589", "osm_id": "886870589", "osm_type": "way", "highway": "residential", "motor_vehicle": null, "bus_bay": null, "embankment": null, "handrail": null, "tunnel": null, "covered": null, "horse": null, "description": null, "bridge:structure": null, "bridge:name": null, "source_ref": null, "width": null, "motorcycle": null, "service": null, "reg_name": null, "foot": null, "source:name": null, "narrow": null, "source:nat_name": null, "shoulder:surface": null, "overtaking": null, "maxweight": null, "layer": null, "bridge": null, "shoulder:line": null, "shoulder:bicycle": null, "shoulder": null, "junction": null, "railway": null, "is_in": null, "abandoned:railway": null, "sidewalk": null, "lit": null, "razed:railway": null, "old_name": null, "short_name": null, "postal_code": null, "bicycle": null, "access": null, "lanes": null, "surface": null, "maxspeed:type": null, "maxspeed": null, "oneway": null, "name:etymology:wikidata": null, "name:etymology": null, "ref": null, "nat_name": null, "name": null, "designation": null, "Road_Class": "Barangay Road" }, "geometry": { "type": "MultiLineString", "coordinates": [ [ [ 121.4642482, 14.2803124 ], [ 121.4642188, 14.2803539 ], [ 121.4638808, 14.2804787 ], [ 121.4636287, 14.2805801 ], [ 121.4634221, 14.2807698 ], [ 121.4633578, 14.2808634 ], [ 121.4632451, 14.2809128 ], [ 121.4630735, 14.2809206 ], [ 121.462368, 14.280931 ], [ 121.4621669, 14.2808738 ], [ 121.4619523, 14.2807205 ], [ 121.4616626, 14.280133 ] ] ] } },
{ "type": "Feature", "properties": { "full_id": "w886870591", "osm_id": "886870591", "osm_type": "way", "highway": "residential", "motor_vehicle": null, "bus_bay": null, "embankment": null, "handrail": null, "tunnel": null, "covered": null, "horse": null, "description": null, "bridge:structure": null, "bridge:name": null, "source_ref": null, "width": null, "motorcycle": null, "service": null, "reg_name": null, "foot": null, "source:name": null, "narrow": null, "source:nat_name": null, "shoulder:surface": null, "overtaking": null, "maxweight": null, "layer": null, "bridge": null, "shoulder:line": null, "shoulder:bicycle": null, "shoulder": null, "junction": null, "railway": null, "is_in": null, "abandoned:railway": null, "sidewalk": null, "lit": null, "razed:railway": null, "old_name": null, "short_name": null, "postal_code": null, "bicycle": null, "access": null, "lanes": null, "surface": null, "maxspeed:type": null, "maxspeed": null, "oneway": null, "name:etymology:wikidata": null, "name:etymology": null, "ref": null, "nat_name": null, "name": null, "designation": null, "Road_Class": "Barangay Road" }, "geometry": { "type": "MultiLineString", "coordinates": [ [ [ 121.4604298, 14.2860158 ], [ 121.4604919, 14.2856136 ], [ 121.4605201, 14.2856006 ], [ 121.4609948, 14.2856994 ], [ 121.461373, 14.2857371 ], [ 121.4614039, 14.2857176 ], [ 121.4614173, 14.2855369 ], [ 121.4614428, 14.2855162 ], [ 121.4616265, 14.2855317 ], [ 121.4616479, 14.2855175 ], [ 121.4617297, 14.2848559 ], [ 121.4617217, 14.2847858 ], [ 121.4616654, 14.2847663 ], [ 121.4610663, 14.2847662 ] ] ] } },
{ "type": "Feature", "properties": { "full_id": "w886870592", "osm_id": "886870592", "osm_type": "way", "highway": "residential", "motor_vehicle": null, "bus_bay": null, "embankment": null, "handrail": null, "tunnel": null, "covered": null, "horse": null, "description": null, "bridge:structure": null, "bridge:name": null, "source_ref": null, "width": null, "motorcycle": null, "service": null, "reg_name": null, "foot": null, "source:name": null, "narrow": null, "source:nat_name": null, "shoulder:surface": null, "overtaking": null, "maxweight": null, "layer": null, "bridge": null, "shoulder:line": null, "shoulder:bicycle": null, "shoulder": null, "junction": null, "railway": null, "is_in": null, "abandoned:railway": null, "sidewalk": null, "lit": null, "razed:railway": null, "old_name": null, "short_name": null, "postal_code": null, "bicycle": null, "access": null, "lanes": null, "surface": null, "maxspeed:type": null, "maxspeed": null, "oneway": null, "name:etymology:wikidata": null, "name:etymology": null, "ref": null, "nat_name": null, "name": null, "designation": null, "Road_Class": "Barangay Road" }, "geometry": { "type": "MultiLineString", "coordinates": [ [ [ 121.4624671, 14.2871118 ], [ 121.462985, 14.2872745 ], [ 121.4633913, 14.2873499 ], [ 121.4637469, 14.2874379 ] ] ] } },
{ "type": "Feature", "properties": { "full_id": "w886873185", "osm_id": "886873185", "osm_type": "way", "highway": "residential", "motor_vehicle": null, "bus_bay": null, "embankment": null, "handrail": null, "tunnel": null, "covered": null, "horse": null, "description": null, "bridge:structure": null, "bridge:name": null, "source_ref": null, "width": null, "motorcycle": null, "service": null, "reg_name": null, "foot": null, "source:name": null, "narrow": null, "source:nat_name": null, "shoulder:surface": null, "overtaking": null, "maxweight": null, "layer": null, "bridge": null, "shoulder:line": null, "shoulder:bicycle": null, "shoulder": null, "junction": null, "railway": null, "is_in": null, "abandoned:railway": null, "sidewalk": null, "lit": null, "razed:railway": null, "old_name": null, "short_name": null, "postal_code": null, "bicycle": null, "access": null, "lanes": null, "surface": null, "maxspeed:type": null, "maxspeed": null, "oneway": null, "name:etymology:wikidata": null, "name:etymology": null, "ref": null, "nat_name": null, "name": null, "designation": null, "Road_Class": "Barangay Road" }, "geometry": { "type": "MultiLineString", "coordinates": [ [ [ 121.4626844, 14.2866911 ], [ 121.4629957, 14.2858645 ] ] ] } },
{ "type": "Feature", "properties": { "full_id": "w886875212", "osm_id": "886875212", "osm_type": "way", "highway": "residential", "motor_vehicle": null, "bus_bay": null, "embankment": null, "handrail": null, "tunnel": null, "covered": null, "horse": null, "description": null, "bridge:structure": null, "bridge:name": null, "source_ref": null, "width": null, "motorcycle": null, "service": null, "reg_name": null, "foot": null, "source:name": null, "narrow": null, "source:nat_name": null, "shoulder:surface": null, "overtaking": null, "maxweight": null, "layer": null, "bridge": null, "shoulder:line": null, "shoulder:bicycle": null, "shoulder": null, "junction": null, "railway": null, "is_in": null, "abandoned:railway": null, "sidewalk": null, "lit": null, "razed:railway": null, "old_name": null, "short_name": null, "postal_code": null, "bicycle": null, "access": null, "lanes": null, "surface": null, "maxspeed:type": null, "maxspeed": null, "oneway": null, "name:etymology:wikidata": null, "name:etymology": null, "ref": null, "nat_name": null, "name": null, "designation": null, "Road_Class": "Barangay Road" }, "geometry": { "type": "MultiLineString", "coordinates": [ [ [ 121.4612335, 14.2834809 ], [ 121.4605388, 14.2834965 ], [ 121.4605013, 14.2835134 ], [ 121.4604798, 14.2835641 ], [ 121.4604691, 14.2836629 ], [ 121.4604557, 14.283707 ], [ 121.4604181, 14.2838695 ], [ 121.4604141, 14.2839332 ], [ 121.4604235, 14.2841385 ] ] ] } },
{ "type": "Feature", "properties": { "full_id": "w886875213", "osm_id": "886875213", "osm_type": "way", "highway": "residential", "motor_vehicle": null, "bus_bay": null, "embankment": null, "handrail": null, "tunnel": null, "covered": null, "horse": null, "description": null, "bridge:structure": null, "bridge:name": null, "source_ref": null, "width": null, "motorcycle": null, "service": null, "reg_name": null, "foot": null, "source:name": null, "narrow": null, "source:nat_name": null, "shoulder:surface": null, "overtaking": null, "maxweight": null, "layer": null, "bridge": null, "shoulder:line": null, "shoulder:bicycle": null, "shoulder": null, "junction": null, "railway": null, "is_in": null, "abandoned:railway": null, "sidewalk": null, "lit": null, "razed:railway": null, "old_name": null, "short_name": null, "postal_code": null, "bicycle": null, "access": null, "lanes": null, "surface": null, "maxspeed:type": null, "maxspeed": null, "oneway": null, "name:etymology:wikidata": null, "name:etymology": null, "ref": null, "nat_name": null, "name": null, "designation": null, "Road_Class": "Barangay Road" }, "geometry": { "type": "MultiLineString", "coordinates": [ [ [ 121.4604047, 14.2848325 ], [ 121.4604342, 14.2845592 ], [ 121.4604235, 14.2841385 ] ] ] } },
{ "type": "Feature", "properties": { "full_id": "w962505584", "osm_id": "962505584", "osm_type": "way", "highway": "residential", "motor_vehicle": null, "bus_bay": null, "embankment": null, "handrail": null, "tunnel": null, "covered": null, "horse": null, "description": null, "bridge:structure": null, "bridge:name": null, "source_ref": null, "width": null, "motorcycle": null, "service": null, "reg_name": null, "foot": null, "source:name": null, "narrow": null, "source:nat_name": null, "shoulder:surface": null, "overtaking": null, "maxweight": null, "layer": null, "bridge": null, "shoulder:line": null, "shoulder:bicycle": null, "shoulder": null, "junction": null, "railway": null, "is_in": null, "abandoned:railway": null, "sidewalk": null, "lit": null, "razed:railway": null, "old_name": null, "short_name": null, "postal_code": null, "bicycle": null, "access": null, "lanes": null, "surface": null, "maxspeed:type": null, "maxspeed": null, "oneway": null, "name:etymology:wikidata": null, "name:etymology": null, "ref": null, "nat_name": null, "name": null, "designation": null, "Road_Class": "Barangay Road" }, "geometry": { "type": "MultiLineString", "coordinates": [ [ [ 121.5006512, 14.2856175 ], [ 121.5004018, 14.2855499 ], [ 121.4998198, 14.2854512 ], [ 121.4997688, 14.2854668 ], [ 121.4997393, 14.2855084 ], [ 121.4996849, 14.2856467 ] ] ] } },
{ "type": "Feature", "properties": { "full_id": "w962543159", "osm_id": "962543159", "osm_type": "way", "highway": "service", "motor_vehicle": null, "bus_bay": null, "embankment": null, "handrail": null, "tunnel": null, "covered": null, "horse": null, "description": null, "bridge:structure": null, "bridge:name": null, "source_ref": null, "width": null, "motorcycle": null, "service": null, "reg_name": null, "foot": null, "source:name": null, "narrow": null, "source:nat_name": null, "shoulder:surface": null, "overtaking": null, "maxweight": null, "layer": null, "bridge": null, "shoulder:line": null, "shoulder:bicycle": null, "shoulder": null, "junction": null, "railway": null, "is_in": null, "abandoned:railway": null, "sidewalk": null, "lit": null, "razed:railway": null, "old_name": null, "short_name": null, "postal_code": null, "bicycle": null, "access": null, "lanes": null, "surface": null, "maxspeed:type": null, "maxspeed": null, "oneway": null, "name:etymology:wikidata": null, "name:etymology": null, "ref": null, "nat_name": null, "name": null, "designation": null, "Road_Class": "Barangay Road" }, "geometry": { "type": "MultiLineString", "coordinates": [ [ [ 121.5012185, 14.2865637 ], [ 121.5009953, 14.2868881 ] ] ] } },
{ "type": "Feature", "properties": { "full_id": "w1023118737", "osm_id": "1023118737", "osm_type": "way", "highway": "residential", "motor_vehicle": null, "bus_bay": null, "embankment": null, "handrail": null, "tunnel": null, "covered": null, "horse": null, "description": null, "bridge:structure": null, "bridge:name": null, "source_ref": null, "width": null, "motorcycle": null, "service": null, "reg_name": null, "foot": null, "source:name": null, "narrow": null, "source:nat_name": null, "shoulder:surface": null, "overtaking": null, "maxweight": null, "layer": null, "bridge": null, "shoulder:line": null, "shoulder:bicycle": null, "shoulder": null, "junction": null, "railway": null, "is_in": null, "abandoned:railway": null, "sidewalk": null, "lit": null, "razed:railway": null, "old_name": null, "short_name": null, "postal_code": null, "bicycle": null, "access": null, "lanes": null, "surface": null, "maxspeed:type": null, "maxspeed": null, "oneway": null, "name:etymology:wikidata": null, "name:etymology": null, "ref": null, "nat_name": null, "name": null, "designation": null, "Road_Class": "Barangay Road" }, "geometry": { "type": "MultiLineString", "coordinates": [ [ [ 121.4643475, 14.2841853 ], [ 121.4642134, 14.2841944 ], [ 121.4641464, 14.2842022 ], [ 121.4641021, 14.2842139 ], [ 121.4640632, 14.284236 ], [ 121.464019, 14.2842685 ], [ 121.4639774, 14.2843049 ], [ 121.4638942, 14.2843673 ], [ 121.4638352, 14.2843998 ], [ 121.463799, 14.2844089 ], [ 121.4637668, 14.2844076 ] ] ] } },
{ "type": "Feature", "properties": { "full_id": "w1148137268", "osm_id": "1148137268", "osm_type": "way", "highway": "service", "motor_vehicle": null, "bus_bay": null, "embankment": null, "handrail": null, "tunnel": null, "covered": null, "horse": null, "description": null, "bridge:structure": null, "bridge:name": null, "source_ref": null, "width": null, "motorcycle": null, "service": null, "reg_name": null, "foot": null, "source:name": null, "narrow": null, "source:nat_name": null, "shoulder:surface": null, "overtaking": null, "maxweight": null, "layer": null, "bridge": null, "shoulder:line": null, "shoulder:bicycle": null, "shoulder": null, "junction": null, "railway": null, "is_in": null, "abandoned:railway": null, "sidewalk": null, "lit": null, "razed:railway": null, "old_name": null, "short_name": null, "postal_code": null, "bicycle": null, "access": null, "lanes": null, "surface": null, "maxspeed:type": null, "maxspeed": null, "oneway": null, "name:etymology:wikidata": null, "name:etymology": null, "ref": null, "nat_name": null, "name": null, "designation": null, "Road_Class": "Barangay Road" }, "geometry": { "type": "MultiLineString", "coordinates": [ [ [ 121.4624787, 14.2904878 ], [ 121.4621643, 14.290433 ] ] ] } },
{ "type": "Feature", "properties": { "full_id": "w1390418750", "osm_id": "1390418750", "osm_type": "way", "highway": "service", "motor_vehicle": null, "bus_bay": null, "embankment": null, "handrail": null, "tunnel": null, "covered": null, "horse": null, "description": null, "bridge:structure": null, "bridge:name": null, "source_ref": null, "width": null, "motorcycle": null, "service": null, "reg_name": null, "foot": null, "source:name": null, "narrow": null, "source:nat_name": null, "shoulder:surface": null, "overtaking": null, "maxweight": null, "layer": null, "bridge": null, "shoulder:line": null, "shoulder:bicycle": null, "shoulder": null, "junction": null, "railway": null, "is_in": null, "abandoned:railway": null, "sidewalk": null, "lit": null, "razed:railway": null, "old_name": null, "short_name": null, "postal_code": null, "bicycle": null, "access": null, "lanes": null, "surface": null, "maxspeed:type": null, "maxspeed": null, "oneway": null, "name:etymology:wikidata": null, "name:etymology": null, "ref": null, "nat_name": null, "name": null, "designation": null, "Road_Class": "Barangay Road" }, "geometry": { "type": "MultiLineString", "coordinates": [ [ [ 121.4621561, 14.2902312 ], [ 121.4624619, 14.2902884 ] ] ] } },
{ "type": "Feature", "properties": { "full_id": "w1390418751", "osm_id": "1390418751", "osm_type": "way", "highway": "residential", "motor_vehicle": null, "bus_bay": null, "embankment": null, "handrail": null, "tunnel": null, "covered": null, "horse": null, "description": null, "bridge:structure": null, "bridge:name": null, "source_ref": null, "width": null, "motorcycle": null, "service": null, "reg_name": null, "foot": null, "source:name": null, "narrow": null, "source:nat_name": null, "shoulder:surface": null, "overtaking": null, "maxweight": null, "layer": null, "bridge": null, "shoulder:line": null, "shoulder:bicycle": null, "shoulder": null, "junction": null, "railway": null, "is_in": null, "abandoned:railway": null, "sidewalk": null, "lit": null, "razed:railway": null, "old_name": null, "short_name": null, "postal_code": null, "bicycle": null, "access": null, "lanes": null, "surface": null, "maxspeed:type": null, "maxspeed": null, "oneway": null, "name:etymology:wikidata": null, "name:etymology": null, "ref": null, "nat_name": null, "name": null, "designation": null, "Road_Class": "Barangay Road" }, "geometry": { "type": "MultiLineString", "coordinates": [ [ [ 121.4629835, 14.2900713 ], [ 121.4633203, 14.2901064 ] ] ] } },
{ "type": "Feature", "properties": { "full_id": "w1390418752", "osm_id": "1390418752", "osm_type": "way", "highway": "residential", "motor_vehicle": null, "bus_bay": null, "embankment": null, "handrail": null, "tunnel": null, "covered": null, "horse": null, "description": null, "bridge:structure": null, "bridge:name": null, "source_ref": null, "width": null, "motorcycle": null, "service": null, "reg_name": null, "foot": null, "source:name": null, "narrow": null, "source:nat_name": null, "shoulder:surface": null, "overtaking": null, "maxweight": null, "layer": null, "bridge": null, "shoulder:line": null, "shoulder:bicycle": null, "shoulder": null, "junction": null, "railway": null, "is_in": null, "abandoned:railway": null, "sidewalk": null, "lit": null, "razed:railway": null, "old_name": null, "short_name": null, "postal_code": null, "bicycle": null, "access": null, "lanes": null, "surface": null, "maxspeed:type": null, "maxspeed": null, "oneway": null, "name:etymology:wikidata": null, "name:etymology": null, "ref": null, "nat_name": null, "name": null, "designation": null, "Road_Class": "Barangay Road" }, "geometry": { "type": "MultiLineString", "coordinates": [ [ [ 121.4634811, 14.2881882 ], [ 121.463103, 14.2881284 ] ] ] } },
{ "type": "Feature", "properties": { "full_id": "w1390418753", "osm_id": "1390418753", "osm_type": "way", "highway": "residential", "motor_vehicle": null, "bus_bay": null, "embankment": null, "handrail": null, "tunnel": null, "covered": null, "horse": null, "description": null, "bridge:structure": null, "bridge:name": null, "source_ref": null, "width": null, "motorcycle": null, "service": null, "reg_name": null, "foot": null, "source:name": null, "narrow": null, "source:nat_name": null, "shoulder:surface": null, "overtaking": null, "maxweight": null, "layer": null, "bridge": null, "shoulder:line": null, "shoulder:bicycle": null, "shoulder": null, "junction": null, "railway": null, "is_in": null, "abandoned:railway": null, "sidewalk": null, "lit": null, "razed:railway": null, "old_name": null, "short_name": null, "postal_code": null, "bicycle": null, "access": null, "lanes": null, "surface": null, "maxspeed:type": null, "maxspeed": null, "oneway": null, "name:etymology:wikidata": null, "name:etymology": null, "ref": null, "nat_name": null, "name": null, "designation": null, "Road_Class": "Barangay Road" }, "geometry": { "type": "MultiLineString", "coordinates": [ [ [ 121.4621991, 14.2876865 ], [ 121.4628455, 14.2878945 ] ] ] } },
{ "type": "Feature", "properties": { "full_id": "w1390418754", "osm_id": "1390418754", "osm_type": "way", "highway": "residential", "motor_vehicle": null, "bus_bay": null, "embankment": null, "handrail": null, "tunnel": null, "covered": null, "horse": null, "description": null, "bridge:structure": null, "bridge:name": null, "source_ref": null, "width": null, "motorcycle": null, "service": null, "reg_name": null, "foot": null, "source:name": null, "narrow": null, "source:nat_name": null, "shoulder:surface": null, "overtaking": null, "maxweight": null, "layer": null, "bridge": null, "shoulder:line": null, "shoulder:bicycle": null, "shoulder": null, "junction": null, "railway": null, "is_in": null, "abandoned:railway": null, "sidewalk": null, "lit": null, "razed:railway": null, "old_name": null, "short_name": null, "postal_code": null, "bicycle": null, "access": null, "lanes": null, "surface": null, "maxspeed:type": null, "maxspeed": null, "oneway": null, "name:etymology:wikidata": null, "name:etymology": null, "ref": null, "nat_name": null, "name": null, "designation": null, "Road_Class": "Barangay Road" }, "geometry": { "type": "MultiLineString", "coordinates": [ [ [ 121.4627086, 14.2887184 ], [ 121.4623117, 14.2886742 ] ] ] } },
{ "type": "Feature", "properties": { "full_id": "w1390418755", "osm_id": "1390418755", "osm_type": "way", "highway": "residential", "motor_vehicle": null, "bus_bay": null, "embankment": null, "handrail": null, "tunnel": null, "covered": null, "horse": null, "description": null, "bridge:structure": null, "bridge:name": null, "source_ref": null, "width": null, "motorcycle": null, "service": null, "reg_name": null, "foot": null, "source:name": null, "narrow": null, "source:nat_name": null, "shoulder:surface": null, "overtaking": null, "maxweight": null, "layer": null, "bridge": null, "shoulder:line": null, "shoulder:bicycle": null, "shoulder": null, "junction": null, "railway": null, "is_in": null, "abandoned:railway": null, "sidewalk": null, "lit": null, "razed:railway": null, "old_name": null, "short_name": null, "postal_code": null, "bicycle": null, "access": null, "lanes": null, "surface": null, "maxspeed:type": null, "maxspeed": null, "oneway": null, "name:etymology:wikidata": null, "name:etymology": null, "ref": null, "nat_name": null, "name": null, "designation": null, "Road_Class": "Barangay Road" }, "geometry": { "type": "MultiLineString", "coordinates": [ [ [ 121.4620784, 14.2893033 ], [ 121.4626148, 14.2893786 ], [ 121.4630967, 14.2894414 ] ] ] } },
{ "type": "Feature", "properties": { "full_id": "w1390418756", "osm_id": "1390418756", "osm_type": "way", "highway": "residential", "motor_vehicle": null, "bus_bay": null, "embankment": null, "handrail": null, "tunnel": null, "covered": null, "horse": null, "description": null, "bridge:structure": null, "bridge:name": null, "source_ref": null, "width": null, "motorcycle": null, "service": null, "reg_name": null, "foot": null, "source:name": null, "narrow": null, "source:nat_name": null, "shoulder:surface": null, "overtaking": null, "maxweight": null, "layer": null, "bridge": null, "shoulder:line": null, "shoulder:bicycle": null, "shoulder": null, "junction": null, "railway": null, "is_in": null, "abandoned:railway": null, "sidewalk": null, "lit": null, "razed:railway": null, "old_name": null, "short_name": null, "postal_code": null, "bicycle": null, "access": null, "lanes": null, "surface": null, "maxspeed:type": null, "maxspeed": null, "oneway": null, "name:etymology:wikidata": null, "name:etymology": null, "ref": null, "nat_name": null, "name": null, "designation": null, "Road_Class": "Barangay Road" }, "geometry": { "type": "MultiLineString", "coordinates": [ [ [ 121.4622152, 14.2888796 ], [ 121.4626792, 14.2889472 ], [ 121.4632161, 14.2890079 ] ] ] } },
{ "type": "Feature", "properties": { "full_id": "w1390418757", "osm_id": "1390418757", "osm_type": "way", "highway": "residential", "motor_vehicle": null, "bus_bay": null, "embankment": null, "handrail": null, "tunnel": null, "covered": null, "horse": null, "description": null, "bridge:structure": null, "bridge:name": null, "source_ref": null, "width": null, "motorcycle": null, "service": null, "reg_name": null, "foot": null, "source:name": null, "narrow": null, "source:nat_name": null, "shoulder:surface": null, "overtaking": null, "maxweight": null, "layer": null, "bridge": null, "shoulder:line": null, "shoulder:bicycle": null, "shoulder": null, "junction": null, "railway": null, "is_in": null, "abandoned:railway": null, "sidewalk": null, "lit": null, "razed:railway": null, "old_name": null, "short_name": null, "postal_code": null, "bicycle": null, "access": null, "lanes": null, "surface": null, "maxspeed:type": null, "maxspeed": null, "oneway": null, "name:etymology:wikidata": null, "name:etymology": null, "ref": null, "nat_name": null, "name": null, "designation": null, "Road_Class": "Barangay Road" }, "geometry": { "type": "MultiLineString", "coordinates": [ [ [ 121.4621267, 14.2891122 ], [ 121.4626417, 14.2891707 ], [ 121.4631404, 14.289246 ] ] ] } },
{ "type": "Feature", "properties": { "full_id": "w1476194348", "osm_id": "1476194348", "osm_type": "way", "highway": "residential", "motor_vehicle": null, "bus_bay": null, "embankment": null, "handrail": null, "tunnel": null, "covered": null, "horse": null, "description": null, "bridge:structure": null, "bridge:name": null, "source_ref": null, "width": null, "motorcycle": null, "service": null, "reg_name": null, "foot": null, "source:name": null, "narrow": null, "source:nat_name": null, "shoulder:surface": null, "overtaking": null, "maxweight": null, "layer": null, "bridge": null, "shoulder:line": null, "shoulder:bicycle": null, "shoulder": null, "junction": null, "railway": null, "is_in": null, "abandoned:railway": null, "sidewalk": null, "lit": null, "razed:railway": null, "old_name": null, "short_name": null, "postal_code": null, "bicycle": null, "access": null, "lanes": null, "surface": null, "maxspeed:type": null, "maxspeed": null, "oneway": null, "name:etymology:wikidata": null, "name:etymology": null, "ref": null, "nat_name": null, "name": null, "designation": null, "Road_Class": "Barangay Road" }, "geometry": { "type": "MultiLineString", "coordinates": [ [ [ 121.46705, 14.282162 ], [ 121.4670472, 14.2822489 ], [ 121.4670606, 14.2824165 ], [ 121.4670995, 14.2826114 ], [ 121.4672363, 14.2827427 ], [ 121.4674911, 14.2830026 ], [ 121.4677057, 14.283312 ], [ 121.4680356, 14.2836993 ], [ 121.4681134, 14.2837564 ], [ 121.4681616, 14.2837642 ], [ 121.4683843, 14.2837824 ], [ 121.4686686, 14.2837538 ], [ 121.4689046, 14.2837408 ], [ 121.4690039, 14.283746 ], [ 121.4691031, 14.2838292 ], [ 121.4693713, 14.2841541 ], [ 121.4696074, 14.2843283 ], [ 121.4696851, 14.2844115 ], [ 121.469897, 14.2847676 ], [ 121.4700459, 14.2850444 ], [ 121.4701398, 14.2854148 ], [ 121.4702685, 14.2859528 ], [ 121.4702846, 14.2860139 ], [ 121.4702846, 14.2861348 ], [ 121.4702323, 14.287025 ], [ 121.4702082, 14.2870965 ], [ 121.4701653, 14.2871615 ], [ 121.4699037, 14.2873746 ], [ 121.4698662, 14.2874279 ], [ 121.4698394, 14.2875319 ], [ 121.4697844, 14.2881076 ], [ 121.4697428, 14.2881388 ], [ 121.4696851, 14.2881557 ], [ 121.4695081, 14.2881375 ] ] ] } },
{ "type": "Feature", "properties": { "full_id": "w96691950", "osm_id": "96691950", "osm_type": "way", "highway": "service", "motor_vehicle": null, "bus_bay": null, "embankment": null, "handrail": null, "tunnel": null, "covered": null, "horse": null, "description": null, "bridge:structure": null, "bridge:name": null, "source_ref": null, "width": null, "motorcycle": null, "service": null, "reg_name": null, "foot": null, "source:name": null, "narrow": null, "source:nat_name": null, "shoulder:surface": null, "overtaking": null, "maxweight": null, "layer": null, "bridge": null, "shoulder:line": null, "shoulder:bicycle": null, "shoulder": null, "junction": null, "railway": null, "is_in": null, "abandoned:railway": null, "sidewalk": null, "lit": null, "razed:railway": null, "old_name": null, "short_name": null, "postal_code": null, "bicycle": null, "access": null, "lanes": null, "surface": null, "maxspeed:type": null, "maxspeed": null, "oneway": null, "name:etymology:wikidata": null, "name:etymology": null, "ref": null, "nat_name": null, "name": null, "designation": null, "Road_Class": "Barangay Road" }, "geometry": { "type": "MultiLineString", "coordinates": [ [ [ 121.5177603, 14.3096718 ], [ 121.5174285, 14.309753 ], [ 121.5170878, 14.3098466 ], [ 121.5163395, 14.3100298 ], [ 121.5160002, 14.3100805 ], [ 121.5154812, 14.3100961 ], [ 121.5150091, 14.3100831 ], [ 121.5146108, 14.3100376 ], [ 121.5139443, 14.3099155 ] ] ] } },
{ "type": "Feature", "properties": { "full_id": "w96692014", "osm_id": "96692014", "osm_type": "way", "highway": "service", "motor_vehicle": null, "bus_bay": null, "embankment": null, "handrail": null, "tunnel": null, "covered": null, "horse": null, "description": null, "bridge:structure": null, "bridge:name": null, "source_ref": null, "width": null, "motorcycle": null, "service": null, "reg_name": null, "foot": null, "source:name": null, "narrow": null, "source:nat_name": null, "shoulder:surface": null, "overtaking": null, "maxweight": null, "layer": null, "bridge": null, "shoulder:line": null, "shoulder:bicycle": null, "shoulder": null, "junction": null, "railway": null, "is_in": null, "abandoned:railway": null, "sidewalk": null, "lit": null, "razed:railway": null, "old_name": null, "short_name": null, "postal_code": null, "bicycle": null, "access": null, "lanes": null, "surface": null, "maxspeed:type": null, "maxspeed": null, "oneway": null, "name:etymology:wikidata": null, "name:etymology": null, "ref": null, "nat_name": null, "name": null, "designation": null, "Road_Class": "Barangay Road" }, "geometry": { "type": "MultiLineString", "coordinates": [ [ [ 121.5180534, 14.3093294 ], [ 121.5180809, 14.3093612 ], [ 121.5180916, 14.3093976 ], [ 121.5180843, 14.3094782 ], [ 121.5180421, 14.3096556 ], [ 121.5180085, 14.3097407 ], [ 121.5179448, 14.3097832 ], [ 121.5178794, 14.3097865 ], [ 121.5178144, 14.3097651 ], [ 121.5177728, 14.3097296 ], [ 121.5177603, 14.3096718 ] ] ] } },
{ "type": "Feature", "properties": { "full_id": "w96692018", "osm_id": "96692018", "osm_type": "way", "highway": "unclassified", "motor_vehicle": null, "bus_bay": null, "embankment": null, "handrail": null, "tunnel": null, "covered": null, "horse": null, "description": null, "bridge:structure": null, "bridge:name": null, "source_ref": null, "width": null, "motorcycle": null, "service": null, "reg_name": null, "foot": null, "source:name": null, "narrow": null, "source:nat_name": null, "shoulder:surface": null, "overtaking": null, "maxweight": null, "layer": null, "bridge": null, "shoulder:line": null, "shoulder:bicycle": null, "shoulder": null, "junction": null, "railway": null, "is_in": null, "abandoned:railway": null, "sidewalk": null, "lit": null, "razed:railway": null, "old_name": null, "short_name": null, "postal_code": null, "bicycle": null, "access": null, "lanes": null, "surface": null, "maxspeed:type": null, "maxspeed": null, "oneway": null, "name:etymology:wikidata": null, "name:etymology": null, "ref": null, "nat_name": null, "name": null, "designation": null, "Road_Class": "Barangay Road" }, "geometry": { "type": "MultiLineString", "coordinates": [ [ [ 121.4837136, 14.3121115 ], [ 121.4838229, 14.3123493 ], [ 121.4839195, 14.3123961 ], [ 121.4841234, 14.3123545 ], [ 121.4858507, 14.3119855 ], [ 121.4860277, 14.3119803 ], [ 121.486194, 14.3120998 ], [ 121.4862852, 14.3122454 ], [ 121.4863657, 14.3124689 ], [ 121.48665, 14.3138619 ], [ 121.4868217, 14.3142674 ], [ 121.4869772, 14.3144857 ], [ 121.4871328, 14.3145636 ], [ 121.4873366, 14.314548 ], [ 121.4882379, 14.3144181 ], [ 121.4884632, 14.3143401 ], [ 121.488694, 14.3142388 ], [ 121.4887717, 14.3141947 ], [ 121.4888762, 14.3141283 ], [ 121.4892505, 14.3138646 ], [ 121.4895844, 14.3136267 ], [ 121.4905446, 14.3129562 ], [ 121.4906359, 14.3128861 ], [ 121.4907083, 14.3128198 ], [ 121.4911146, 14.3124117 ], [ 121.4914672, 14.3120414 ], [ 121.4915076, 14.3120011 ], [ 121.4915371, 14.3119557 ], [ 121.4916486, 14.3117641 ], [ 121.4917624, 14.3115606 ], [ 121.4918147, 14.3114606 ], [ 121.4919272, 14.3112409 ], [ 121.492103, 14.3108602 ], [ 121.4921339, 14.3108069 ], [ 121.4923349, 14.310484 ], [ 121.4930148, 14.3094996 ], [ 121.493306, 14.3091579 ], [ 121.4933422, 14.3091215 ], [ 121.4935164, 14.308959 ], [ 121.4940583, 14.3084379 ], [ 121.4944204, 14.3079596 ], [ 121.494635, 14.3078194 ], [ 121.4948602, 14.3077361 ], [ 121.4954262, 14.3076348 ], [ 121.4961612, 14.3075231 ], [ 121.4963087, 14.3075179 ], [ 121.4964212, 14.3075386 ], [ 121.4966707, 14.3076971 ], [ 121.496998, 14.3078531 ], [ 121.4971429, 14.3078688 ], [ 121.4972663, 14.3078402 ], [ 121.4975183, 14.3077231 ], [ 121.497985, 14.3074425 ], [ 121.4986985, 14.3070682 ], [ 121.4991759, 14.3067147 ], [ 121.4996641, 14.3062313 ], [ 121.4998143, 14.3059558 ], [ 121.4998465, 14.3057687 ], [ 121.4997982, 14.3055711 ], [ 121.499707, 14.305306 ], [ 121.4995461, 14.3049734 ], [ 121.4994227, 14.3046979 ], [ 121.4994388, 14.3045523 ], [ 121.4995246, 14.3044016 ], [ 121.4996158, 14.304256 ], [ 121.4997017, 14.3041157 ], [ 121.4997123, 14.3039805 ], [ 121.4996426, 14.303783 ], [ 121.4995684, 14.3036853 ], [ 121.4994596, 14.3035258 ], [ 121.4993567, 14.3033806 ], [ 121.4992403, 14.3030864 ], [ 121.4991705, 14.3027018 ], [ 121.4991598, 14.3024575 ], [ 121.4992778, 14.3021664 ], [ 121.499484, 14.3019774 ], [ 121.4997038, 14.3018356 ], [ 121.4998035, 14.3017713 ], [ 121.5000896, 14.3014888 ], [ 121.5003711, 14.3012106 ], [ 121.5004442, 14.3011651 ], [ 121.5005831, 14.3011488 ], [ 121.5009865, 14.3011051 ], [ 121.501161, 14.3010942 ], [ 121.5012801, 14.3010974 ], [ 121.5013749, 14.3010797 ], [ 121.5014461, 14.3010286 ], [ 121.5015588, 14.3008178 ], [ 121.5015729, 14.3007842 ], [ 121.5015695, 14.3007516 ], [ 121.5015363, 14.3007269 ], [ 121.5011066, 14.3006083 ], [ 121.5010691, 14.3005851 ], [ 121.5010326, 14.30054 ], [ 121.5010325, 14.3005115 ], [ 121.5010456, 14.3004787 ], [ 121.5019934, 14.2988693 ], [ 121.5020016, 14.2987896 ], [ 121.5019923, 14.2987569 ], [ 121.501959, 14.2987174 ], [ 121.5015284, 14.2984876 ], [ 121.5015016, 14.2984869 ], [ 121.5014687, 14.2985005 ], [ 121.501448, 14.298521 ], [ 121.5013655, 14.2986832 ], [ 121.5013455, 14.2986908 ], [ 121.5013149, 14.2986841 ], [ 121.5008202, 14.2983786 ], [ 121.50033, 14.2981352 ], [ 121.500265, 14.298132 ], [ 121.5002134, 14.2981755 ], [ 121.4998332, 14.2988708 ], [ 121.4994456, 14.2995395 ] ] ] } },
{ "type": "Feature", "properties": { "full_id": "w109831903", "osm_id": "109831903", "osm_type": "way", "highway": "residential", "motor_vehicle": null, "bus_bay": null, "embankment": null, "handrail": null, "tunnel": null, "covered": null, "horse": null, "description": null, "bridge:structure": null, "bridge:name": null, "source_ref": null, "width": null, "motorcycle": null, "service": null, "reg_name": null, "foot": null, "source:name": null, "narrow": null, "source:nat_name": null, "shoulder:surface": null, "overtaking": null, "maxweight": null, "layer": null, "bridge": null, "shoulder:line": null, "shoulder:bicycle": null, "shoulder": null, "junction": null, "railway": null, "is_in": null, "abandoned:railway": null, "sidewalk": null, "lit": null, "razed:railway": null, "old_name": null, "short_name": null, "postal_code": null, "bicycle": null, "access": null, "lanes": "2", "surface": "concrete", "maxspeed:type": null, "maxspeed": null, "oneway": "yes", "name:etymology:wikidata": null, "name:etymology": null, "ref": null, "nat_name": null, "name": "Caliraya Spring Golf & Country Club Entrance Road", "designation": null, "Road_Class": "Barangay Road" }, "geometry": { "type": "MultiLineString", "coordinates": [ [ [ 121.5599859, 14.2865789 ], [ 121.5601251, 14.2865794 ], [ 121.561011, 14.2866486 ], [ 121.5610982, 14.2866436 ], [ 121.5611872, 14.2866135 ], [ 121.5618641, 14.286218 ] ] ] } },
{ "type": "Feature", "properties": { "full_id": "w109832320", "osm_id": "109832320", "osm_type": "way", "highway": "residential", "motor_vehicle": null, "bus_bay": null, "embankment": null, "handrail": null, "tunnel": null, "covered": null, "horse": null, "description": null, "bridge:structure": null, "bridge:name": null, "source_ref": null, "width": null, "motorcycle": null, "service": null, "reg_name": null, "foot": null, "source:name": null, "narrow": null, "source:nat_name": null, "shoulder:surface": null, "overtaking": null, "maxweight": null, "layer": null, "bridge": null, "shoulder:line": null, "shoulder:bicycle": null, "shoulder": null, "junction": null, "railway": null, "is_in": null, "abandoned:railway": null, "sidewalk": null, "lit": null, "razed:railway": null, "old_name": null, "short_name": null, "postal_code": null, "bicycle": null, "access": null, "lanes": "2", "surface": "concrete", "maxspeed:type": null, "maxspeed": null, "oneway": "yes", "name:etymology:wikidata": null, "name:etymology": null, "ref": null, "nat_name": null, "name": "Caliraya Spring Golf & Country Club Exit Road", "designation": null, "Road_Class": "Barangay Road" }, "geometry": { "type": "MultiLineString", "coordinates": [ [ [ 121.5619167, 14.2863428 ], [ 121.5612289, 14.2867447 ], [ 121.5611438, 14.2867716 ], [ 121.5610298, 14.2867802 ], [ 121.5601172, 14.2867144 ], [ 121.559975, 14.2867222 ], [ 121.5596377, 14.2867526 ], [ 121.5593214, 14.2868002 ], [ 121.5591214, 14.2868514 ], [ 121.5589437, 14.2869035 ], [ 121.5585907, 14.2870287 ], [ 121.5583773, 14.2871225 ], [ 121.5581412, 14.2872369 ], [ 121.5580112, 14.2872924 ], [ 121.557873, 14.2873513 ], [ 121.5576824, 14.2874155 ], [ 121.5574205, 14.2874773 ], [ 121.5570981, 14.2875212 ], [ 121.5561086, 14.2875423 ], [ 121.5560053, 14.2875436 ], [ 121.5555051, 14.2875527 ], [ 121.5552878, 14.2875787 ], [ 121.5550384, 14.2876319 ], [ 121.5548278, 14.287706 ], [ 121.5546374, 14.2877892 ], [ 121.5543652, 14.2879594 ], [ 121.5541828, 14.2880647 ], [ 121.5539145, 14.2881752 ], [ 121.553767, 14.2882376 ], [ 121.5536034, 14.2882948 ], [ 121.5533137, 14.2883727 ], [ 121.5531448, 14.2884169 ], [ 121.5529892, 14.2884663 ], [ 121.5528336, 14.2885261 ], [ 121.5525895, 14.2886586 ], [ 121.5523964, 14.2887834 ], [ 121.5521684, 14.2889342 ], [ 121.5519163, 14.2890901 ], [ 121.5517612, 14.289188 ], [ 121.5515977, 14.2892708 ], [ 121.551351, 14.2893602 ], [ 121.5511007, 14.2894291 ], [ 121.5508282, 14.2894779 ], [ 121.550594, 14.2895008 ], [ 121.550187, 14.289508 ], [ 121.5500313, 14.2895014 ], [ 121.5497072, 14.2894735 ], [ 121.54939, 14.2894264 ], [ 121.5492256, 14.2893891 ], [ 121.5488056, 14.2892686 ], [ 121.5485589, 14.2891897 ], [ 121.5484015, 14.2891161 ], [ 121.5482707, 14.2890668 ], [ 121.5479274, 14.28889 ], [ 121.5476629, 14.2887086 ], [ 121.5475302, 14.288591 ], [ 121.5474103, 14.2884561 ], [ 121.5472962, 14.2883125 ], [ 121.5472044, 14.2881568 ], [ 121.5470874, 14.2878863 ], [ 121.547043, 14.2877442 ], [ 121.5470178, 14.2876022 ], [ 121.5470074, 14.2873166 ], [ 121.5470193, 14.2870209 ], [ 121.5470534, 14.2868372 ], [ 121.5471185, 14.2866464 ], [ 121.5471718, 14.2864555 ], [ 121.5471822, 14.2863565 ], [ 121.5471793, 14.2862629 ], [ 121.5471763, 14.2861426 ], [ 121.5471555, 14.2860221 ], [ 121.5471289, 14.2859001 ], [ 121.547083, 14.2857867 ], [ 121.5469497, 14.2855858 ], [ 121.5467686, 14.2854181 ], [ 121.546479, 14.2851679 ], [ 121.5462837, 14.2849514 ], [ 121.546246834324705, 14.284898307734021 ] ] ] } },
{ "type": "Feature", "properties": { "full_id": "w109832485", "osm_id": "109832485", "osm_type": "way", "highway": "service", "motor_vehicle": null, "bus_bay": null, "embankment": null, "handrail": null, "tunnel": null, "covered": null, "horse": null, "description": null, "bridge:structure": null, "bridge:name": null, "source_ref": null, "width": null, "motorcycle": null, "service": "alley", "reg_name": null, "foot": null, "source:name": null, "narrow": null, "source:nat_name": null, "shoulder:surface": null, "overtaking": null, "maxweight": null, "layer": null, "bridge": null, "shoulder:line": null, "shoulder:bicycle": null, "shoulder": null, "junction": null, "railway": null, "is_in": null, "abandoned:railway": null, "sidewalk": null, "lit": null, "razed:railway": null, "old_name": null, "short_name": null, "postal_code": null, "bicycle": null, "access": null, "lanes": null, "surface": null, "maxspeed:type": null, "maxspeed": null, "oneway": "yes", "name:etymology:wikidata": null, "name:etymology": null, "ref": null, "nat_name": null, "name": null, "designation": null, "Road_Class": "Barangay Road" }, "geometry": { "type": "MultiLineString", "coordinates": [ [ [ 121.5560228, 14.2871719 ], [ 121.5561126, 14.2871745 ], [ 121.5561877, 14.2871901 ], [ 121.5562521, 14.2872382 ], [ 121.5562883, 14.2872966 ], [ 121.5563111, 14.2874032 ] ] ] } },
{ "type": "Feature", "properties": { "full_id": "w109832631", "osm_id": "109832631", "osm_type": "way", "highway": "service", "motor_vehicle": null, "bus_bay": null, "embankment": null, "handrail": null, "tunnel": null, "covered": null, "horse": null, "description": null, "bridge:structure": null, "bridge:name": null, "source_ref": null, "width": null, "motorcycle": null, "service": null, "reg_name": null, "foot": null, "source:name": null, "narrow": null, "source:nat_name": null, "shoulder:surface": null, "overtaking": null, "maxweight": null, "layer": null, "bridge": null, "shoulder:line": null, "shoulder:bicycle": null, "shoulder": null, "junction": null, "railway": null, "is_in": null, "abandoned:railway": null, "sidewalk": null, "lit": null, "razed:railway": null, "old_name": null, "short_name": null, "postal_code": null, "bicycle": null, "access": null, "lanes": null, "surface": null, "maxspeed:type": null, "maxspeed": null, "oneway": "yes", "name:etymology:wikidata": null, "name:etymology": null, "ref": null, "nat_name": null, "name": null, "designation": null, "Road_Class": "Barangay Road" }, "geometry": { "type": "MultiLineString", "coordinates": [ [ [ 121.5555266, 14.2869132 ], [ 121.5555909, 14.2869431 ], [ 121.5556164, 14.2869815 ], [ 121.5556305, 14.2870263 ], [ 121.5556325, 14.2870803 ], [ 121.5556251, 14.2871225 ], [ 121.5556043, 14.2871823 ] ] ] } },
{ "type": "Feature", "properties": { "full_id": "w109832702", "osm_id": "109832702", "osm_type": "way", "highway": "residential", "motor_vehicle": null, "bus_bay": null, "embankment": null, "handrail": null, "tunnel": null, "covered": null, "horse": null, "description": null, "bridge:structure": null, "bridge:name": null, "source_ref": null, "width": null, "motorcycle": null, "service": null, "reg_name": null, "foot": null, "source:name": null, "narrow": null, "source:nat_name": null, "shoulder:surface": null, "overtaking": null, "maxweight": null, "layer": null, "bridge": null, "shoulder:line": null, "shoulder:bicycle": null, "shoulder": null, "junction": null, "railway": null, "is_in": null, "abandoned:railway": null, "sidewalk": null, "lit": null, "razed:railway": null, "old_name": null, "short_name": null, "postal_code": null, "bicycle": null, "access": null, "lanes": "2", "surface": "concrete", "maxspeed:type": null, "maxspeed": null, "oneway": null, "name:etymology:wikidata": null, "name:etymology": null, "ref": null, "nat_name": null, "name": null, "designation": null, "Road_Class": "Barangay Road" }, "geometry": { "type": "MultiLineString", "coordinates": [ [ [ 121.557447, 14.2888315 ], [ 121.5572003, 14.2888068 ], [ 121.5570098, 14.2887899 ], [ 121.5568261, 14.2887626 ], [ 121.5566611, 14.2887392 ], [ 121.5565512, 14.2887028 ], [ 121.5564492, 14.2886456 ], [ 121.5563326, 14.2885521 ], [ 121.5562186, 14.2884455 ], [ 121.5561408, 14.2883415 ], [ 121.5560898, 14.288144 ], [ 121.556067, 14.2879607 ] ] ] } },
{ "type": "Feature", "properties": { "full_id": "w111487346", "osm_id": "111487346", "osm_type": "way", "highway": "service", "motor_vehicle": null, "bus_bay": null, "embankment": null, "handrail": null, "tunnel": null, "covered": null, "horse": null, "description": null, "bridge:structure": null, "bridge:name": null, "source_ref": null, "width": null, "motorcycle": null, "service": null, "reg_name": null, "foot": null, "source:name": null, "narrow": null, "source:nat_name": null, "shoulder:surface": null, "overtaking": null, "maxweight": null, "layer": null, "bridge": null, "shoulder:line": null, "shoulder:bicycle": null, "shoulder": null, "junction": null, "railway": null, "is_in": null, "abandoned:railway": null, "sidewalk": null, "lit": null, "razed:railway": null, "old_name": null, "short_name": null, "postal_code": null, "bicycle": null, "access": null, "lanes": null, "surface": null, "maxspeed:type": null, "maxspeed": null, "oneway": "yes", "name:etymology:wikidata": null, "name:etymology": null, "ref": null, "nat_name": null, "name": null, "designation": null, "Road_Class": "Barangay Road" }, "geometry": { "type": "MultiLineString", "coordinates": [ [ [ 121.5562105, 14.2874032 ], [ 121.5562011, 14.2873213 ], [ 121.5561783, 14.2872927 ], [ 121.5561475, 14.2872784 ], [ 121.5560201, 14.2872797 ], [ 121.5555789, 14.2873005 ], [ 121.5553797, 14.2872979 ] ] ] } },
{ "type": "Feature", "properties": { "full_id": "w111487348", "osm_id": "111487348", "osm_type": "way", "highway": "service", "motor_vehicle": null, "bus_bay": null, "embankment": null, "handrail": null, "tunnel": null, "covered": null, "horse": null, "description": null, "bridge:structure": null, "bridge:name": null, "source_ref": null, "width": null, "motorcycle": null, "service": "alley", "reg_name": null, "foot": null, "source:name": null, "narrow": null, "source:nat_name": null, "shoulder:surface": null, "overtaking": null, "maxweight": null, "layer": null, "bridge": null, "shoulder:line": null, "shoulder:bicycle": null, "shoulder": null, "junction": null, "railway": null, "is_in": null, "abandoned:railway": null, "sidewalk": null, "lit": null, "razed:railway": null, "old_name": null, "short_name": null, "postal_code": null, "bicycle": null, "access": null, "lanes": null, "surface": null, "maxspeed:type": null, "maxspeed": null, "oneway": "yes", "name:etymology:wikidata": null, "name:etymology": null, "ref": null, "nat_name": null, "name": null, "designation": null, "Road_Class": "Barangay Road" }, "geometry": { "type": "MultiLineString", "coordinates": [ [ [ 121.5556043, 14.2871823 ], [ 121.5560228, 14.2871719 ] ] ] } },
{ "type": "Feature", "properties": { "full_id": "w111487352", "osm_id": "111487352", "osm_type": "way", "highway": "residential", "motor_vehicle": null, "bus_bay": null, "embankment": null, "handrail": null, "tunnel": null, "covered": null, "horse": null, "description": null, "bridge:structure": null, "bridge:name": null, "source_ref": null, "width": null, "motorcycle": null, "service": null, "reg_name": null, "foot": null, "source:name": null, "narrow": null, "source:nat_name": null, "shoulder:surface": null, "overtaking": null, "maxweight": null, "layer": null, "bridge": null, "shoulder:line": null, "shoulder:bicycle": null, "shoulder": null, "junction": null, "railway": null, "is_in": null, "abandoned:railway": null, "sidewalk": null, "lit": null, "razed:railway": null, "old_name": null, "short_name": null, "postal_code": null, "bicycle": null, "access": null, "lanes": "2", "surface": "concrete", "maxspeed:type": null, "maxspeed": null, "oneway": "yes", "name:etymology:wikidata": null, "name:etymology": null, "ref": null, "nat_name": null, "name": "Caliraya Spring Golf & Country Club Entrance Road", "designation": null, "Road_Class": "Barangay Road" }, "geometry": { "type": "MultiLineString", "coordinates": [ [ [ 121.5567059, 14.2874044 ], [ 121.5570526, 14.2873947 ], [ 121.5573812, 14.2873604 ], [ 121.5575505, 14.2873232 ], [ 121.5578408, 14.2872369 ], [ 121.5579622, 14.2871825 ] ] ] } },
{ "type": "Feature", "properties": { "full_id": "w111487366", "osm_id": "111487366", "osm_type": "way", "highway": "service", "motor_vehicle": null, "bus_bay": null, "embankment": null, "handrail": null, "tunnel": null, "covered": null, "horse": null, "description": null, "bridge:structure": null, "bridge:name": null, "source_ref": null, "width": null, "motorcycle": null, "service": "alley", "reg_name": null, "foot": null, "source:name": null, "narrow": null, "source:nat_name": null, "shoulder:surface": null, "overtaking": null, "maxweight": null, "layer": null, "bridge": null, "shoulder:line": null, "shoulder:bicycle": null, "shoulder": null, "junction": null, "railway": null, "is_in": null, "abandoned:railway": null, "sidewalk": null, "lit": null, "razed:railway": null, "old_name": null, "short_name": null, "postal_code": null, "bicycle": null, "access": null, "lanes": null, "surface": null, "maxspeed:type": null, "maxspeed": null, "oneway": null, "name:etymology:wikidata": null, "name:etymology": null, "ref": null, "nat_name": null, "name": null, "designation": null, "Road_Class": "Barangay Road" }, "geometry": { "type": "MultiLineString", "coordinates": [ [ [ 121.555363, 14.2871946 ], [ 121.5552315, 14.2871803 ], [ 121.5551899, 14.2871764 ] ] ] } },
{ "type": "Feature", "properties": { "full_id": "w111487368", "osm_id": "111487368", "osm_type": "way", "highway": "service", "motor_vehicle": null, "bus_bay": null, "embankment": null, "handrail": null, "tunnel": null, "covered": null, "horse": null, "description": null, "bridge:structure": null, "bridge:name": null, "source_ref": null, "width": null, "motorcycle": null, "service": null, "reg_name": null, "foot": null, "source:name": null, "narrow": null, "source:nat_name": null, "shoulder:surface": null, "overtaking": null, "maxweight": null, "layer": null, "bridge": null, "shoulder:line": null, "shoulder:bicycle": null, "shoulder": null, "junction": null, "railway": null, "is_in": null, "abandoned:railway": null, "sidewalk": null, "lit": null, "razed:railway": null, "old_name": null, "short_name": null, "postal_code": null, "bicycle": null, "access": null, "lanes": null, "surface": null, "maxspeed:type": null, "maxspeed": null, "oneway": null, "name:etymology:wikidata": null, "name:etymology": null, "ref": null, "nat_name": null, "name": null, "designation": null, "Road_Class": "Barangay Road" }, "geometry": { "type": "MultiLineString", "coordinates": [ [ [ 121.5558454, 14.2868812 ], [ 121.5558001, 14.2869756 ], [ 121.5558015, 14.286988 ], [ 121.5558089, 14.2869964 ], [ 121.5558209, 14.2869997 ], [ 121.5560308, 14.2870029 ] ] ] } },
{ "type": "Feature", "properties": { "full_id": "w111487370", "osm_id": "111487370", "osm_type": "way", "highway": "service", "motor_vehicle": null, "bus_bay": null, "embankment": null, "handrail": null, "tunnel": null, "covered": null, "horse": null, "description": null, "bridge:structure": null, "bridge:name": null, "source_ref": null, "width": null, "motorcycle": null, "service": null, "reg_name": null, "foot": null, "source:name": null, "narrow": null, "source:nat_name": null, "shoulder:surface": null, "overtaking": null, "maxweight": null, "layer": null, "bridge": null, "shoulder:line": null, "shoulder:bicycle": null, "shoulder": null, "junction": null, "railway": null, "is_in": null, "abandoned:railway": null, "sidewalk": null, "lit": null, "razed:railway": null, "old_name": null, "short_name": null, "postal_code": null, "bicycle": null, "access": null, "lanes": null, "surface": null, "maxspeed:type": null, "maxspeed": null, "oneway": null, "name:etymology:wikidata": null, "name:etymology": null, "ref": null, "nat_name": null, "name": null, "designation": null, "Road_Class": "Barangay Road" }, "geometry": { "type": "MultiLineString", "coordinates": [ [ [ 121.5560308, 14.2870029 ], [ 121.5561102, 14.2870065 ] ] ] } },
{ "type": "Feature", "properties": { "full_id": "w111487371", "osm_id": "111487371", "osm_type": "way", "highway": "service", "motor_vehicle": null, "bus_bay": null, "embankment": null, "handrail": null, "tunnel": null, "covered": null, "horse": null, "description": null, "bridge:structure": null, "bridge:name": null, "source_ref": null, "width": null, "motorcycle": null, "service": null, "reg_name": null, "foot": null, "source:name": null, "narrow": null, "source:nat_name": null, "shoulder:surface": null, "overtaking": null, "maxweight": null, "layer": null, "bridge": null, "shoulder:line": null, "shoulder:bicycle": null, "shoulder": null, "junction": null, "railway": null, "is_in": null, "abandoned:railway": null, "sidewalk": null, "lit": null, "razed:railway": null, "old_name": null, "short_name": null, "postal_code": null, "bicycle": null, "access": null, "lanes": null, "surface": null, "maxspeed:type": null, "maxspeed": null, "oneway": null, "name:etymology:wikidata": null, "name:etymology": null, "ref": null, "nat_name": null, "name": null, "designation": null, "Road_Class": "Barangay Road" }, "geometry": { "type": "MultiLineString", "coordinates": [ [ [ 121.5559054, 14.2865273 ], [ 121.5559322, 14.2865208 ], [ 121.5559617, 14.286524 ], [ 121.5559919, 14.286539 ], [ 121.5560073, 14.2865669 ], [ 121.5560134, 14.2866039 ], [ 121.5560161, 14.2866546 ], [ 121.5560094, 14.2866995 ], [ 121.5559946, 14.2867307 ], [ 121.5559691, 14.2867547 ] ] ] } },
{ "type": "Feature", "properties": { "full_id": "w111487378", "osm_id": "111487378", "osm_type": "way", "highway": "service", "motor_vehicle": null, "bus_bay": null, "embankment": null, "handrail": null, "tunnel": null, "covered": null, "horse": null, "description": null, "bridge:structure": null, "bridge:name": null, "source_ref": null, "width": null, "motorcycle": null, "service": null, "reg_name": null, "foot": null, "source:name": null, "narrow": null, "source:nat_name": null, "shoulder:surface": null, "overtaking": null, "maxweight": null, "layer": null, "bridge": null, "shoulder:line": null, "shoulder:bicycle": null, "shoulder": null, "junction": null, "railway": null, "is_in": null, "abandoned:railway": null, "sidewalk": null, "lit": null, "razed:railway": null, "old_name": null, "short_name": null, "postal_code": null, "bicycle": null, "access": null, "lanes": null, "surface": null, "maxspeed:type": null, "maxspeed": null, "oneway": null, "name:etymology:wikidata": null, "name:etymology": null, "ref": null, "nat_name": null, "name": null, "designation": null, "Road_Class": "Barangay Road" }, "geometry": { "type": "MultiLineString", "coordinates": [ [ [ 121.5560228, 14.2871719 ], [ 121.5560308, 14.2870029 ] ] ] } },
{ "type": "Feature", "properties": { "full_id": "w111487380", "osm_id": "111487380", "osm_type": "way", "highway": "service", "motor_vehicle": null, "bus_bay": null, "embankment": null, "handrail": null, "tunnel": null, "covered": null, "horse": null, "description": null, "bridge:structure": null, "bridge:name": null, "source_ref": null, "width": null, "motorcycle": null, "service": "alley", "reg_name": null, "foot": null, "source:name": null, "narrow": null, "source:nat_name": null, "shoulder:surface": null, "overtaking": null, "maxweight": null, "layer": null, "bridge": null, "shoulder:line": null, "shoulder:bicycle": null, "shoulder": null, "junction": null, "railway": null, "is_in": null, "abandoned:railway": null, "sidewalk": null, "lit": null, "razed:railway": null, "old_name": null, "short_name": null, "postal_code": null, "bicycle": null, "access": null, "lanes": null, "surface": null, "maxspeed:type": null, "maxspeed": null, "oneway": "yes", "name:etymology:wikidata": null, "name:etymology": null, "ref": null, "nat_name": null, "name": null, "designation": null, "Road_Class": "Barangay Road" }, "geometry": { "type": "MultiLineString", "coordinates": [ [ [ 121.555363, 14.2871946 ], [ 121.5555064, 14.2871901 ], [ 121.5556043, 14.2871823 ] ] ] } },
{ "type": "Feature", "properties": { "full_id": "w111487388", "osm_id": "111487388", "osm_type": "way", "highway": "service", "motor_vehicle": null, "bus_bay": null, "embankment": null, "handrail": null, "tunnel": null, "covered": null, "horse": null, "description": null, "bridge:structure": null, "bridge:name": null, "source_ref": null, "width": null, "motorcycle": null, "service": null, "reg_name": null, "foot": null, "source:name": null, "narrow": null, "source:nat_name": null, "shoulder:surface": null, "overtaking": null, "maxweight": null, "layer": null, "bridge": null, "shoulder:line": null, "shoulder:bicycle": null, "shoulder": null, "junction": null, "railway": null, "is_in": null, "abandoned:railway": null, "sidewalk": null, "lit": null, "razed:railway": null, "old_name": null, "short_name": null, "postal_code": null, "bicycle": null, "access": null, "lanes": null, "surface": null, "maxspeed:type": null, "maxspeed": null, "oneway": "yes", "name:etymology:wikidata": null, "name:etymology": null, "ref": null, "nat_name": null, "name": null, "designation": null, "Road_Class": "Barangay Road" }, "geometry": { "type": "MultiLineString", "coordinates": [ [ [ 121.5556043, 14.2871823 ], [ 121.5555789, 14.2873005 ] ] ] } },
{ "type": "Feature", "properties": { "full_id": "w111487390", "osm_id": "111487390", "osm_type": "way", "highway": "service", "motor_vehicle": null, "bus_bay": null, "embankment": null, "handrail": null, "tunnel": null, "covered": null, "horse": null, "description": null, "bridge:structure": null, "bridge:name": null, "source_ref": null, "width": null, "motorcycle": null, "service": null, "reg_name": null, "foot": null, "source:name": null, "narrow": null, "source:nat_name": null, "shoulder:surface": null, "overtaking": null, "maxweight": null, "layer": null, "bridge": null, "shoulder:line": null, "shoulder:bicycle": null, "shoulder": null, "junction": null, "railway": null, "is_in": null, "abandoned:railway": null, "sidewalk": null, "lit": null, "razed:railway": null, "old_name": null, "short_name": null, "postal_code": null, "bicycle": null, "access": null, "lanes": null, "surface": null, "maxspeed:type": null, "maxspeed": null, "oneway": null, "name:etymology:wikidata": null, "name:etymology": null, "ref": null, "nat_name": null, "name": null, "designation": null, "Road_Class": "Barangay Road" }, "geometry": { "type": "MultiLineString", "coordinates": [ [ [ 121.554971, 14.2869275 ], [ 121.5547849, 14.2869613 ], [ 121.5547474, 14.2869873 ], [ 121.5547313, 14.2870276 ], [ 121.5547179, 14.2871056 ], [ 121.5547112, 14.2871693 ], [ 121.5547179, 14.2872239 ], [ 121.5547353, 14.287268 ] ] ] } },
{ "type": "Feature", "properties": { "full_id": "w111487395", "osm_id": "111487395", "osm_type": "way", "highway": "service", "motor_vehicle": null, "bus_bay": null, "embankment": null, "handrail": null, "tunnel": null, "covered": null, "horse": null, "description": null, "bridge:structure": null, "bridge:name": null, "source_ref": null, "width": null, "motorcycle": null, "service": null, "reg_name": null, "foot": null, "source:name": null, "narrow": null, "source:nat_name": null, "shoulder:surface": null, "overtaking": null, "maxweight": null, "layer": null, "bridge": null, "shoulder:line": null, "shoulder:bicycle": null, "shoulder": null, "junction": null, "railway": null, "is_in": null, "abandoned:railway": null, "sidewalk": null, "lit": null, "razed:railway": null, "old_name": null, "short_name": null, "postal_code": null, "bicycle": null, "access": null, "lanes": null, "surface": null, "maxspeed:type": null, "maxspeed": null, "oneway": null, "name:etymology:wikidata": null, "name:etymology": null, "ref": null, "nat_name": null, "name": null, "designation": null, "Road_Class": "Barangay Road" }, "geometry": { "type": "MultiLineString", "coordinates": [ [ [ 121.555024, 14.2870348 ], [ 121.5551336, 14.2869671 ] ] ] } },
{ "type": "Feature", "properties": { "full_id": "w111487396", "osm_id": "111487396", "osm_type": "way", "highway": "service", "motor_vehicle": null, "bus_bay": null, "embankment": null, "handrail": null, "tunnel": null, "covered": null, "horse": null, "description": null, "bridge:structure": null, "bridge:name": null, "source_ref": null, "width": null, "motorcycle": null, "service": "alley", "reg_name": null, "foot": null, "source:name": null, "narrow": null, "source:nat_name": null, "shoulder:surface": null, "overtaking": null, "maxweight": null, "layer": null, "bridge": null, "shoulder:line": null, "shoulder:bicycle": null, "shoulder": null, "junction": null, "railway": null, "is_in": null, "abandoned:railway": null, "sidewalk": null, "lit": null, "razed:railway": null, "old_name": null, "short_name": null, "postal_code": null, "bicycle": null, "access": null, "lanes": null, "surface": null, "maxspeed:type": null, "maxspeed": null, "oneway": null, "name:etymology:wikidata": null, "name:etymology": null, "ref": null, "nat_name": null, "name": null, "designation": null, "Road_Class": "Barangay Road" }, "geometry": { "type": "MultiLineString", "coordinates": [ [ [ 121.5549723, 14.2868632 ], [ 121.5549861, 14.2868142 ] ] ] } },
{ "type": "Feature", "properties": { "full_id": "w111487400", "osm_id": "111487400", "osm_type": "way", "highway": "service", "motor_vehicle": null, "bus_bay": null, "embankment": null, "handrail": null, "tunnel": null, "covered": null, "horse": null, "description": null, "bridge:structure": null, "bridge:name": null, "source_ref": null, "width": null, "motorcycle": null, "service": null, "reg_name": null, "foot": null, "source:name": null, "narrow": null, "source:nat_name": null, "shoulder:surface": null, "overtaking": null, "maxweight": null, "layer": null, "bridge": null, "shoulder:line": null, "shoulder:bicycle": null, "shoulder": null, "junction": null, "railway": null, "is_in": null, "abandoned:railway": null, "sidewalk": null, "lit": null, "razed:railway": null, "old_name": null, "short_name": null, "postal_code": null, "bicycle": null, "access": null, "lanes": null, "surface": null, "maxspeed:type": null, "maxspeed": null, "oneway": null, "name:etymology:wikidata": null, "name:etymology": null, "ref": null, "nat_name": null, "name": null, "designation": null, "Road_Class": "Barangay Road" }, "geometry": { "type": "MultiLineString", "coordinates": [ [ [ 121.556468, 14.2870861 ], [ 121.5566075, 14.2871095 ], [ 121.5566276, 14.2871173 ], [ 121.556637, 14.287129 ], [ 121.5566665, 14.2872239 ], [ 121.5566625, 14.2872356 ], [ 121.5566531, 14.2872486 ], [ 121.5566343, 14.2872538 ], [ 121.5564895, 14.2872382 ], [ 121.5564734, 14.2872317 ], [ 121.556468, 14.2872187 ], [ 121.556468, 14.2870861 ] ] ] } },
{ "type": "Feature", "properties": { "full_id": "w111487402", "osm_id": "111487402", "osm_type": "way", "highway": "service", "motor_vehicle": null, "bus_bay": null, "embankment": null, "handrail": null, "tunnel": null, "covered": null, "horse": null, "description": null, "bridge:structure": null, "bridge:name": null, "source_ref": null, "width": null, "motorcycle": null, "service": "alley", "reg_name": null, "foot": null, "source:name": null, "narrow": null, "source:nat_name": null, "shoulder:surface": null, "overtaking": null, "maxweight": null, "layer": null, "bridge": null, "shoulder:line": null, "shoulder:bicycle": null, "shoulder": null, "junction": null, "railway": null, "is_in": null, "abandoned:railway": null, "sidewalk": null, "lit": null, "razed:railway": null, "old_name": null, "short_name": null, "postal_code": null, "bicycle": null, "access": null, "lanes": null, "surface": null, "maxspeed:type": null, "maxspeed": null, "oneway": null, "name:etymology:wikidata": null, "name:etymology": null, "ref": null, "nat_name": null, "name": null, "designation": null, "Road_Class": "Barangay Road" }, "geometry": { "type": "MultiLineString", "coordinates": [ [ [ 121.5551899, 14.2871764 ], [ 121.5551732, 14.2871712 ], [ 121.5551557, 14.2871647 ], [ 121.555141, 14.2871569 ], [ 121.5550816, 14.2871049 ], [ 121.555024, 14.2870348 ], [ 121.5550025, 14.2870003 ], [ 121.5549844, 14.2869672 ], [ 121.554971, 14.2869275 ], [ 121.5549697, 14.2868977 ], [ 121.5549723, 14.2868632 ] ] ] } },
{ "type": "Feature", "properties": { "full_id": "w111487404", "osm_id": "111487404", "osm_type": "way", "highway": "service", "motor_vehicle": null, "bus_bay": null, "embankment": null, "handrail": null, "tunnel": null, "covered": null, "horse": null, "description": null, "bridge:structure": null, "bridge:name": null, "source_ref": null, "width": null, "motorcycle": null, "service": null, "reg_name": null, "foot": null, "source:name": null, "narrow": null, "source:nat_name": null, "shoulder:surface": null, "overtaking": null, "maxweight": null, "layer": null, "bridge": null, "shoulder:line": null, "shoulder:bicycle": null, "shoulder": null, "junction": null, "railway": null, "is_in": null, "abandoned:railway": null, "sidewalk": null, "lit": null, "razed:railway": null, "old_name": null, "short_name": null, "postal_code": null, "bicycle": null, "access": null, "lanes": null, "surface": null, "maxspeed:type": null, "maxspeed": null, "oneway": null, "name:etymology:wikidata": null, "name:etymology": null, "ref": null, "nat_name": null, "name": null, "designation": null, "Road_Class": "Barangay Road" }, "geometry": { "type": "MultiLineString", "coordinates": [ [ [ 121.5560201, 14.2872797 ], [ 121.5560228, 14.2871719 ] ] ] } },
{ "type": "Feature", "properties": { "full_id": "w111487405", "osm_id": "111487405", "osm_type": "way", "highway": "residential", "motor_vehicle": null, "bus_bay": null, "embankment": null, "handrail": null, "tunnel": null, "covered": null, "horse": null, "description": null, "bridge:structure": null, "bridge:name": null, "source_ref": null, "width": null, "motorcycle": null, "service": null, "reg_name": null, "foot": null, "source:name": null, "narrow": null, "source:nat_name": null, "shoulder:surface": null, "overtaking": null, "maxweight": null, "layer": null, "bridge": null, "shoulder:line": null, "shoulder:bicycle": null, "shoulder": null, "junction": null, "railway": null, "is_in": null, "abandoned:railway": null, "sidewalk": null, "lit": null, "razed:railway": null, "old_name": null, "short_name": null, "postal_code": null, "bicycle": null, "access": null, "lanes": null, "surface": null, "maxspeed:type": null, "maxspeed": null, "oneway": null, "name:etymology:wikidata": null, "name:etymology": null, "ref": null, "nat_name": null, "name": null, "designation": null, "Road_Class": "Barangay Road" }, "geometry": { "type": "MultiLineString", "coordinates": [ [ [ 121.5580112, 14.2872924 ], [ 121.5579622, 14.2871825 ] ] ] } },
{ "type": "Feature", "properties": { "full_id": "w111487407", "osm_id": "111487407", "osm_type": "way", "highway": "service", "motor_vehicle": null, "bus_bay": null, "embankment": null, "handrail": null, "tunnel": null, "covered": null, "horse": null, "description": null, "bridge:structure": null, "bridge:name": null, "source_ref": null, "width": null, "motorcycle": null, "service": null, "reg_name": null, "foot": null, "source:name": null, "narrow": null, "source:nat_name": null, "shoulder:surface": null, "overtaking": null, "maxweight": null, "layer": null, "bridge": null, "shoulder:line": null, "shoulder:bicycle": null, "shoulder": null, "junction": null, "railway": null, "is_in": null, "abandoned:railway": null, "sidewalk": null, "lit": null, "razed:railway": null, "old_name": null, "short_name": null, "postal_code": null, "bicycle": null, "access": null, "lanes": null, "surface": null, "maxspeed:type": null, "maxspeed": null, "oneway": "yes", "name:etymology:wikidata": null, "name:etymology": null, "ref": null, "nat_name": null, "name": null, "designation": null, "Road_Class": "Barangay Road" }, "geometry": { "type": "MultiLineString", "coordinates": [ [ [ 121.5553797, 14.2872979 ], [ 121.555363, 14.2871946 ] ] ] } },
{ "type": "Feature", "properties": { "full_id": "w111487408", "osm_id": "111487408", "osm_type": "way", "highway": "service", "motor_vehicle": null, "bus_bay": null, "embankment": null, "handrail": null, "tunnel": null, "covered": null, "horse": null, "description": null, "bridge:structure": null, "bridge:name": null, "source_ref": null, "width": null, "motorcycle": null, "service": null, "reg_name": null, "foot": null, "source:name": null, "narrow": null, "source:nat_name": null, "shoulder:surface": null, "overtaking": null, "maxweight": null, "layer": null, "bridge": null, "shoulder:line": null, "shoulder:bicycle": null, "shoulder": null, "junction": null, "railway": null, "is_in": null, "abandoned:railway": null, "sidewalk": null, "lit": null, "razed:railway": null, "old_name": null, "short_name": null, "postal_code": null, "bicycle": null, "access": null, "lanes": null, "surface": null, "maxspeed:type": null, "maxspeed": null, "oneway": null, "name:etymology:wikidata": null, "name:etymology": null, "ref": null, "nat_name": null, "name": null, "designation": null, "Road_Class": "Barangay Road" }, "geometry": { "type": "MultiLineString", "coordinates": [ [ [ 121.5559691, 14.2867547 ], [ 121.5559369, 14.2867417 ], [ 121.5559081, 14.2867196 ], [ 121.5558887, 14.2866995 ], [ 121.5558759, 14.2866735 ], [ 121.5558685, 14.2866455 ] ] ] } },
{ "type": "Feature", "properties": { "full_id": "w111487416", "osm_id": "111487416", "osm_type": "way", "highway": "service", "motor_vehicle": null, "bus_bay": null, "embankment": null, "handrail": null, "tunnel": null, "covered": null, "horse": null, "description": null, "bridge:structure": null, "bridge:name": null, "source_ref": null, "width": null, "motorcycle": null, "service": null, "reg_name": null, "foot": null, "source:name": null, "narrow": null, "source:nat_name": null, "shoulder:surface": null, "overtaking": null, "maxweight": null, "layer": null, "bridge": null, "shoulder:line": null, "shoulder:bicycle": null, "shoulder": null, "junction": null, "railway": null, "is_in": null, "abandoned:railway": null, "sidewalk": null, "lit": null, "razed:railway": null, "old_name": null, "short_name": null, "postal_code": null, "bicycle": null, "access": null, "lanes": null, "surface": null, "maxspeed:type": null, "maxspeed": null, "oneway": null, "name:etymology:wikidata": null, "name:etymology": null, "ref": null, "nat_name": null, "name": null, "designation": null, "Road_Class": "Barangay Road" }, "geometry": { "type": "MultiLineString", "coordinates": [ [ [ 121.555196, 14.2870582 ], [ 121.5551336, 14.2869671 ], [ 121.5550718, 14.2868768 ] ] ] } },
{ "type": "Feature", "properties": { "full_id": "w111487418", "osm_id": "111487418", "osm_type": "way", "highway": "residential", "motor_vehicle": null, "bus_bay": null, "embankment": null, "handrail": null, "tunnel": null, "covered": null, "horse": null, "description": null, "bridge:structure": null, "bridge:name": null, "source_ref": null, "width": null, "motorcycle": null, "service": null, "reg_name": null, "foot": null, "source:name": null, "narrow": null, "source:nat_name": null, "shoulder:surface": null, "overtaking": null, "maxweight": null, "layer": null, "bridge": null, "shoulder:line": null, "shoulder:bicycle": null, "shoulder": null, "junction": null, "railway": null, "is_in": null, "abandoned:railway": null, "sidewalk": null, "lit": null, "razed:railway": null, "old_name": null, "short_name": null, "postal_code": null, "bicycle": null, "access": null, "lanes": "2", "surface": "concrete", "maxspeed:type": null, "maxspeed": null, "oneway": "yes", "name:etymology:wikidata": null, "name:etymology": null, "ref": null, "nat_name": null, "name": "Caliraya Spring Golf & Country Club Entrance Road", "designation": null, "Road_Class": "Barangay Road" }, "geometry": { "type": "MultiLineString", "coordinates": [ [ [ 121.5563111, 14.2874032 ], [ 121.5567059, 14.2874044 ] ] ] } },
{ "type": "Feature", "properties": { "full_id": "w111487420", "osm_id": "111487420", "osm_type": "way", "highway": "service", "motor_vehicle": null, "bus_bay": null, "embankment": null, "handrail": null, "tunnel": null, "covered": null, "horse": null, "description": null, "bridge:structure": null, "bridge:name": null, "source_ref": null, "width": null, "motorcycle": null, "service": "alley", "reg_name": null, "foot": null, "source:name": null, "narrow": null, "source:nat_name": null, "shoulder:surface": null, "overtaking": null, "maxweight": null, "layer": null, "bridge": null, "shoulder:line": null, "shoulder:bicycle": null, "shoulder": null, "junction": null, "railway": null, "is_in": null, "abandoned:railway": null, "sidewalk": null, "lit": null, "razed:railway": null, "old_name": null, "short_name": null, "postal_code": null, "bicycle": null, "access": null, "lanes": null, "surface": null, "maxspeed:type": null, "maxspeed": null, "oneway": null, "name:etymology:wikidata": null, "name:etymology": null, "ref": null, "nat_name": null, "name": null, "designation": null, "Road_Class": "Barangay Road" }, "geometry": { "type": "MultiLineString", "coordinates": [ [ [ 121.5549861, 14.2868142 ], [ 121.5549995, 14.2867281 ] ] ] } },
{ "type": "Feature", "properties": { "full_id": "w111487421", "osm_id": "111487421", "osm_type": "way", "highway": "service", "motor_vehicle": null, "bus_bay": null, "embankment": null, "handrail": null, "tunnel": null, "covered": null, "horse": null, "description": null, "bridge:structure": null, "bridge:name": null, "source_ref": null, "width": null, "motorcycle": null, "service": null, "reg_name": null, "foot": null, "source:name": null, "narrow": null, "source:nat_name": null, "shoulder:surface": null, "overtaking": null, "maxweight": null, "layer": null, "bridge": null, "shoulder:line": null, "shoulder:bicycle": null, "shoulder": null, "junction": null, "railway": null, "is_in": null, "abandoned:railway": null, "sidewalk": null, "lit": null, "razed:railway": null, "old_name": null, "short_name": null, "postal_code": null, "bicycle": null, "access": null, "lanes": null, "surface": null, "maxspeed:type": null, "maxspeed": null, "oneway": null, "name:etymology:wikidata": null, "name:etymology": null, "ref": null, "nat_name": null, "name": null, "designation": null, "Road_Class": "Barangay Road" }, "geometry": { "type": "MultiLineString", "coordinates": [ [ [ 121.5560308, 14.2870029 ], [ 121.5559691, 14.2867547 ] ] ] } },
{ "type": "Feature", "properties": { "full_id": "w111488285", "osm_id": "111488285", "osm_type": "way", "highway": "residential", "motor_vehicle": null, "bus_bay": null, "embankment": null, "handrail": null, "tunnel": null, "covered": null, "horse": null, "description": null, "bridge:structure": null, "bridge:name": null, "source_ref": null, "width": null, "motorcycle": null, "service": null, "reg_name": null, "foot": null, "source:name": null, "narrow": null, "source:nat_name": null, "shoulder:surface": null, "overtaking": null, "maxweight": null, "layer": null, "bridge": null, "shoulder:line": null, "shoulder:bicycle": null, "shoulder": null, "junction": null, "railway": null, "is_in": null, "abandoned:railway": null, "sidewalk": null, "lit": null, "razed:railway": null, "old_name": null, "short_name": null, "postal_code": null, "bicycle": null, "access": null, "lanes": null, "surface": null, "maxspeed:type": null, "maxspeed": null, "oneway": null, "name:etymology:wikidata": null, "name:etymology": null, "ref": null, "nat_name": null, "name": null, "designation": null, "Road_Class": "Barangay Road" }, "geometry": { "type": "MultiLineString", "coordinates": [ [ [ 121.5500313, 14.2895014 ], [ 121.5500709, 14.2891811 ] ] ] } },
{ "type": "Feature", "properties": { "full_id": "w111488291", "osm_id": "111488291", "osm_type": "way", "highway": "residential", "motor_vehicle": null, "bus_bay": null, "embankment": null, "handrail": null, "tunnel": null, "covered": null, "horse": null, "description": null, "bridge:structure": null, "bridge:name": null, "source_ref": null, "width": null, "motorcycle": null, "service": null, "reg_name": null, "foot": null, "source:name": null, "narrow": null, "source:nat_name": null, "shoulder:surface": null, "overtaking": null, "maxweight": null, "layer": null, "bridge": null, "shoulder:line": null, "shoulder:bicycle": null, "shoulder": null, "junction": null, "railway": null, "is_in": null, "abandoned:railway": null, "sidewalk": null, "lit": null, "razed:railway": null, "old_name": null, "short_name": null, "postal_code": null, "bicycle": null, "access": null, "lanes": null, "surface": null, "maxspeed:type": null, "maxspeed": null, "oneway": null, "name:etymology:wikidata": null, "name:etymology": null, "ref": null, "nat_name": null, "name": null, "designation": null, "Road_Class": "Barangay Road" }, "geometry": { "type": "MultiLineString", "coordinates": [ [ [ 121.5519163, 14.2890901 ], [ 121.551837, 14.2889759 ] ] ] } },
{ "type": "Feature", "properties": { "full_id": "w111488292", "osm_id": "111488292", "osm_type": "way", "highway": "residential", "motor_vehicle": null, "bus_bay": null, "embankment": null, "handrail": null, "tunnel": null, "covered": null, "horse": null, "description": null, "bridge:structure": null, "bridge:name": null, "source_ref": null, "width": null, "motorcycle": null, "service": null, "reg_name": null, "foot": null, "source:name": null, "narrow": null, "source:nat_name": null, "shoulder:surface": null, "overtaking": null, "maxweight": null, "layer": null, "bridge": null, "shoulder:line": null, "shoulder:bicycle": null, "shoulder": null, "junction": null, "railway": null, "is_in": null, "abandoned:railway": null, "sidewalk": null, "lit": null, "razed:railway": null, "old_name": null, "short_name": null, "postal_code": null, "bicycle": null, "access": null, "lanes": null, "surface": null, "maxspeed:type": null, "maxspeed": null, "oneway": null, "name:etymology:wikidata": null, "name:etymology": null, "ref": null, "nat_name": null, "name": null, "designation": null, "Road_Class": "Barangay Road" }, "geometry": { "type": "MultiLineString", "coordinates": [ [ [ 121.5541828, 14.2880647 ], [ 121.5540674, 14.287914 ] ] ] } },
{ "type": "Feature", "properties": { "full_id": "w111488293", "osm_id": "111488293", "osm_type": "way", "highway": "residential", "motor_vehicle": null, "bus_bay": null, "embankment": null, "handrail": null, "tunnel": null, "covered": null, "horse": null, "description": null, "bridge:structure": null, "bridge:name": null, "source_ref": null, "width": null, "motorcycle": null, "service": null, "reg_name": null, "foot": null, "source:name": null, "narrow": null, "source:nat_name": null, "shoulder:surface": null, "overtaking": null, "maxweight": null, "layer": null, "bridge": null, "shoulder:line": null, "shoulder:bicycle": null, "shoulder": null, "junction": null, "railway": null, "is_in": null, "abandoned:railway": null, "sidewalk": null, "lit": null, "razed:railway": null, "old_name": null, "short_name": null, "postal_code": null, "bicycle": null, "access": null, "lanes": "2", "surface": "concrete", "maxspeed:type": null, "maxspeed": null, "oneway": "yes", "name:etymology:wikidata": null, "name:etymology": null, "ref": null, "nat_name": null, "name": "Caliraya Spring Golf & Country Club Entrance Road", "designation": null, "Road_Class": "Barangay Road" }, "geometry": { "type": "MultiLineString", "coordinates": [ [ [ 121.546274092245483, 14.284733783424441 ], [ 121.5463824, 14.2848872 ], [ 121.5465648, 14.2850847 ], [ 121.5467472, 14.2852199 ], [ 121.5468607, 14.2853013 ], [ 121.5469719, 14.2854021 ], [ 121.5470608, 14.285504 ], [ 121.5472059, 14.2857422 ], [ 121.5472577, 14.2858685 ], [ 121.5472947, 14.2859977 ], [ 121.5473155, 14.2861326 ], [ 121.5473147, 14.2862637 ], [ 121.5473051, 14.2864569 ], [ 121.5472829, 14.2866464 ], [ 121.547194, 14.2870353 ], [ 121.5471866, 14.2873051 ], [ 121.5472088, 14.2875706 ], [ 121.547237, 14.2877012 ], [ 121.5472814, 14.2878189 ], [ 121.5473884, 14.2880497 ], [ 121.547468, 14.2881877 ], [ 121.5475717, 14.2883183 ], [ 121.5478011, 14.288568 ], [ 121.547976, 14.2887172 ], [ 121.548153, 14.2888348 ], [ 121.5482944, 14.2889268 ], [ 121.5484026, 14.2889602 ], [ 121.5484705, 14.2889828 ], [ 121.548644, 14.2890407 ], [ 121.5488774, 14.2891109 ], [ 121.5490812, 14.2891551 ], [ 121.5492851, 14.2891811 ], [ 121.5494567, 14.2891993 ], [ 121.5497437, 14.2891967 ], [ 121.5500709, 14.2891811 ], [ 121.5502319, 14.2891785 ], [ 121.5504277, 14.2891941 ], [ 121.550602, 14.2892045 ], [ 121.5508246, 14.2892149 ], [ 121.5510634, 14.2892149 ], [ 121.5512833, 14.2891863 ], [ 121.5515247, 14.2891213 ], [ 121.5516749, 14.2890563 ], [ 121.5517694, 14.2890089 ], [ 121.551837, 14.2889759 ], [ 121.5518875, 14.2889459 ], [ 121.5520571, 14.2888497 ], [ 121.5522864, 14.2886846 ], [ 121.5525211, 14.2885326 ], [ 121.5526995, 14.2884312 ], [ 121.5529127, 14.2883285 ], [ 121.5531501, 14.2882259 ], [ 121.5534197, 14.2881388 ], [ 121.5536597, 14.2880647 ], [ 121.5539052, 14.2879815 ], [ 121.5540674, 14.287914 ], [ 121.5545463, 14.2876675 ], [ 121.5547497, 14.2875663 ], [ 121.5549985, 14.2874802 ], [ 121.5552488, 14.2874285 ], [ 121.5554768, 14.2874073 ], [ 121.5559959, 14.2874035 ], [ 121.5560994, 14.2874027 ], [ 121.5562105, 14.2874032 ], [ 121.5563111, 14.2874032 ] ] ] } },
{ "type": "Feature", "properties": { "full_id": "w111488295", "osm_id": "111488295", "osm_type": "way", "highway": "residential", "motor_vehicle": null, "bus_bay": null, "embankment": null, "handrail": null, "tunnel": null, "covered": null, "horse": null, "description": null, "bridge:structure": null, "bridge:name": null, "source_ref": null, "width": null, "motorcycle": null, "service": null, "reg_name": null, "foot": null, "source:name": null, "narrow": null, "source:nat_name": null, "shoulder:surface": null, "overtaking": null, "maxweight": null, "layer": null, "bridge": null, "shoulder:line": null, "shoulder:bicycle": null, "shoulder": null, "junction": null, "railway": null, "is_in": null, "abandoned:railway": null, "sidewalk": null, "lit": null, "razed:railway": null, "old_name": null, "short_name": null, "postal_code": null, "bicycle": null, "access": null, "lanes": "2", "surface": "concrete", "maxspeed:type": null, "maxspeed": null, "oneway": "yes", "name:etymology:wikidata": null, "name:etymology": null, "ref": null, "nat_name": null, "name": "Caliraya Spring Golf & Country Club Entrance Road", "designation": null, "Road_Class": "Barangay Road" }, "geometry": { "type": "MultiLineString", "coordinates": [ [ [ 121.5579622, 14.2871825 ], [ 121.5580983, 14.2871225 ], [ 121.5585239, 14.2868959 ], [ 121.5586845, 14.2868156 ], [ 121.55889, 14.2867366 ], [ 121.5590733, 14.2866864 ], [ 121.5592843, 14.2866451 ], [ 121.5596315, 14.2865923 ], [ 121.5599859, 14.2865789 ] ] ] } },
{ "type": "Feature", "properties": { "full_id": "w111488297", "osm_id": "111488297", "osm_type": "way", "highway": "residential", "motor_vehicle": null, "bus_bay": null, "embankment": null, "handrail": null, "tunnel": null, "covered": null, "horse": null, "description": null, "bridge:structure": null, "bridge:name": null, "source_ref": null, "width": null, "motorcycle": null, "service": null, "reg_name": null, "foot": null, "source:name": null, "narrow": null, "source:nat_name": null, "shoulder:surface": null, "overtaking": null, "maxweight": null, "layer": null, "bridge": null, "shoulder:line": null, "shoulder:bicycle": null, "shoulder": null, "junction": null, "railway": null, "is_in": null, "abandoned:railway": null, "sidewalk": null, "lit": null, "razed:railway": null, "old_name": null, "short_name": null, "postal_code": null, "bicycle": null, "access": null, "lanes": null, "surface": null, "maxspeed:type": null, "maxspeed": null, "oneway": null, "name:etymology:wikidata": null, "name:etymology": null, "ref": null, "nat_name": null, "name": null, "designation": null, "Road_Class": "Barangay Road" }, "geometry": { "type": "MultiLineString", "coordinates": [ [ [ 121.5473884, 14.2880497 ], [ 121.5472044, 14.2881568 ] ] ] } },
{ "type": "Feature", "properties": { "full_id": "w111488298", "osm_id": "111488298", "osm_type": "way", "highway": "residential", "motor_vehicle": null, "bus_bay": null, "embankment": null, "handrail": null, "tunnel": null, "covered": null, "horse": null, "description": null, "bridge:structure": null, "bridge:name": null, "source_ref": null, "width": null, "motorcycle": null, "service": null, "reg_name": null, "foot": null, "source:name": null, "narrow": null, "source:nat_name": null, "shoulder:surface": null, "overtaking": null, "maxweight": null, "layer": null, "bridge": null, "shoulder:line": null, "shoulder:bicycle": null, "shoulder": null, "junction": null, "railway": null, "is_in": null, "abandoned:railway": null, "sidewalk": null, "lit": null, "razed:railway": null, "old_name": null, "short_name": null, "postal_code": null, "bicycle": null, "access": null, "lanes": null, "surface": null, "maxspeed:type": null, "maxspeed": null, "oneway": null, "name:etymology:wikidata": null, "name:etymology": null, "ref": null, "nat_name": null, "name": null, "designation": null, "Road_Class": "Barangay Road" }, "geometry": { "type": "MultiLineString", "coordinates": [ [ [ 121.550602, 14.2892045 ], [ 121.550594, 14.2895008 ] ] ] } },
{ "type": "Feature", "properties": { "full_id": "w111488301", "osm_id": "111488301", "osm_type": "way", "highway": "residential", "motor_vehicle": null, "bus_bay": null, "embankment": null, "handrail": null, "tunnel": null, "covered": null, "horse": null, "description": null, "bridge:structure": null, "bridge:name": null, "source_ref": null, "width": null, "motorcycle": null, "service": null, "reg_name": null, "foot": null, "source:name": null, "narrow": null, "source:nat_name": null, "shoulder:surface": null, "overtaking": null, "maxweight": null, "layer": null, "bridge": null, "shoulder:line": null, "shoulder:bicycle": null, "shoulder": null, "junction": null, "railway": null, "is_in": null, "abandoned:railway": null, "sidewalk": null, "lit": null, "razed:railway": null, "old_name": null, "short_name": null, "postal_code": null, "bicycle": null, "access": null, "lanes": null, "surface": null, "maxspeed:type": null, "maxspeed": null, "oneway": null, "name:etymology:wikidata": null, "name:etymology": null, "ref": null, "nat_name": null, "name": null, "designation": null, "Road_Class": "Barangay Road" }, "geometry": { "type": "MultiLineString", "coordinates": [ [ [ 121.5484705, 14.2889828 ], [ 121.5484015, 14.2891161 ] ] ] } },
{ "type": "Feature", "properties": { "full_id": "w111488303", "osm_id": "111488303", "osm_type": "way", "highway": "residential", "motor_vehicle": null, "bus_bay": null, "embankment": null, "handrail": null, "tunnel": null, "covered": null, "horse": null, "description": null, "bridge:structure": null, "bridge:name": null, "source_ref": null, "width": null, "motorcycle": null, "service": null, "reg_name": null, "foot": null, "source:name": null, "narrow": null, "source:nat_name": null, "shoulder:surface": null, "overtaking": null, "maxweight": null, "layer": null, "bridge": null, "shoulder:line": null, "shoulder:bicycle": null, "shoulder": null, "junction": null, "railway": null, "is_in": null, "abandoned:railway": null, "sidewalk": null, "lit": null, "razed:railway": null, "old_name": null, "short_name": null, "postal_code": null, "bicycle": null, "access": null, "lanes": null, "surface": null, "maxspeed:type": null, "maxspeed": null, "oneway": null, "name:etymology:wikidata": null, "name:etymology": null, "ref": null, "nat_name": null, "name": null, "designation": null, "Road_Class": "Barangay Road" }, "geometry": { "type": "MultiLineString", "coordinates": [ [ [ 121.54939, 14.2894264 ], [ 121.5494567, 14.2891993 ] ] ] } },
{ "type": "Feature", "properties": { "full_id": "w112766986", "osm_id": "112766986", "osm_type": "way", "highway": "service", "motor_vehicle": null, "bus_bay": null, "embankment": null, "handrail": null, "tunnel": null, "covered": null, "horse": null, "description": null, "bridge:structure": null, "bridge:name": null, "source_ref": null, "width": null, "motorcycle": null, "service": null, "reg_name": null, "foot": null, "source:name": null, "narrow": null, "source:nat_name": null, "shoulder:surface": null, "overtaking": null, "maxweight": null, "layer": null, "bridge": null, "shoulder:line": null, "shoulder:bicycle": null, "shoulder": null, "junction": null, "railway": null, "is_in": null, "abandoned:railway": null, "sidewalk": null, "lit": null, "razed:railway": null, "old_name": null, "short_name": null, "postal_code": null, "bicycle": null, "access": null, "lanes": null, "surface": null, "maxspeed:type": null, "maxspeed": null, "oneway": null, "name:etymology:wikidata": null, "name:etymology": null, "ref": null, "nat_name": null, "name": null, "designation": null, "Road_Class": "Barangay Road" }, "geometry": { "type": "MultiLineString", "coordinates": [ [ [ 121.4994013, 14.3017324 ], [ 121.4992552, 14.3017687 ], [ 121.4991418, 14.3017649 ], [ 121.4989413, 14.3017045 ], [ 121.4988837, 14.3016622 ] ] ] } },
{ "type": "Feature", "properties": { "full_id": "w113548717", "osm_id": "113548717", "osm_type": "way", "highway": "residential", "motor_vehicle": null, "bus_bay": null, "embankment": null, "handrail": null, "tunnel": null, "covered": null, "horse": null, "description": null, "bridge:structure": null, "bridge:name": null, "source_ref": null, "width": null, "motorcycle": null, "service": null, "reg_name": null, "foot": null, "source:name": null, "narrow": null, "source:nat_name": null, "shoulder:surface": null, "overtaking": null, "maxweight": null, "layer": null, "bridge": null, "shoulder:line": null, "shoulder:bicycle": null, "shoulder": null, "junction": null, "railway": null, "is_in": null, "abandoned:railway": null, "sidewalk": null, "lit": null, "razed:railway": null, "old_name": null, "short_name": null, "postal_code": null, "bicycle": null, "access": null, "lanes": null, "surface": null, "maxspeed:type": null, "maxspeed": null, "oneway": null, "name:etymology:wikidata": null, "name:etymology": null, "ref": null, "nat_name": null, "name": null, "designation": null, "Road_Class": "Barangay Road" }, "geometry": { "type": "MultiLineString", "coordinates": [ [ [ 121.5516125, 14.2886346 ], [ 121.5515006, 14.2884884 ], [ 121.5513772, 14.2884039 ], [ 121.5511438, 14.2883259 ], [ 121.5505967, 14.2882324 ], [ 121.5502587, 14.2881388 ], [ 121.5500253, 14.2879698 ], [ 121.5498832, 14.2877697 ], [ 121.5497383, 14.287476 ], [ 121.5496337, 14.2871199 ], [ 121.549454, 14.2867092 ], [ 121.5492448, 14.2863973 ], [ 121.5490678, 14.2860984 ], [ 121.5489873, 14.2858229 ], [ 121.5489793, 14.2854902 ], [ 121.549108, 14.2851237 ], [ 121.5493762, 14.2848221 ], [ 121.5496632, 14.2846376 ], [ 121.5500092, 14.2844219 ], [ 121.5502185, 14.2842685 ], [ 121.5504491, 14.2840917 ], [ 121.5508568, 14.2838396 ], [ 121.5511921, 14.2836759 ], [ 121.5514523, 14.2835953 ], [ 121.5521443, 14.2834367 ], [ 121.5526981, 14.2832733 ], [ 121.5537187, 14.2831222 ], [ 121.554569, 14.2829065 ], [ 121.5549096, 14.2828103 ], [ 121.5551698, 14.2827219 ], [ 121.555379, 14.2825997 ], [ 121.5556043, 14.2824282 ], [ 121.5558296, 14.2822696 ], [ 121.5560174, 14.2821761 ], [ 121.5562212, 14.2821215 ], [ 121.5564117, 14.2820877 ], [ 121.5566531, 14.2820435 ] ] ] } },
{ "type": "Feature", "properties": { "full_id": "w113548722", "osm_id": "113548722", "osm_type": "way", "highway": "track", "motor_vehicle": null, "bus_bay": null, "embankment": null, "handrail": null, "tunnel": null, "covered": null, "horse": null, "description": null, "bridge:structure": null, "bridge:name": null, "source_ref": null, "width": null, "motorcycle": null, "service": null, "reg_name": null, "foot": null, "source:name": null, "narrow": null, "source:nat_name": null, "shoulder:surface": null, "overtaking": null, "maxweight": null, "layer": null, "bridge": null, "shoulder:line": null, "shoulder:bicycle": null, "shoulder": null, "junction": null, "railway": null, "is_in": null, "abandoned:railway": null, "sidewalk": null, "lit": null, "razed:railway": null, "old_name": null, "short_name": null, "postal_code": null, "bicycle": null, "access": null, "lanes": null, "surface": null, "maxspeed:type": null, "maxspeed": null, "oneway": null, "name:etymology:wikidata": null, "name:etymology": null, "ref": null, "nat_name": null, "name": null, "designation": null, "Road_Class": "Other" }, "geometry": { "type": "MultiLineString", "coordinates": [ [ [ 121.545852803316464, 14.28727661384481 ], [ 121.546313, 14.2871225 ] ] ] } },
{ "type": "Feature", "properties": { "full_id": "w113793272", "osm_id": "113793272", "osm_type": "way", "highway": "residential", "motor_vehicle": null, "bus_bay": null, "embankment": null, "handrail": null, "tunnel": null, "covered": null, "horse": null, "description": null, "bridge:structure": null, "bridge:name": null, "source_ref": null, "width": null, "motorcycle": null, "service": null, "reg_name": null, "foot": null, "source:name": null, "narrow": null, "source:nat_name": null, "shoulder:surface": null, "overtaking": null, "maxweight": null, "layer": null, "bridge": null, "shoulder:line": null, "shoulder:bicycle": null, "shoulder": null, "junction": null, "railway": null, "is_in": null, "abandoned:railway": null, "sidewalk": null, "lit": null, "razed:railway": null, "old_name": null, "short_name": null, "postal_code": null, "bicycle": null, "access": null, "lanes": null, "surface": null, "maxspeed:type": null, "maxspeed": null, "oneway": null, "name:etymology:wikidata": null, "name:etymology": null, "ref": null, "nat_name": null, "name": null, "designation": null, "Road_Class": "Barangay Road" }, "geometry": { "type": "MultiLineString", "coordinates": [ [ [ 121.554664003650743, 14.272029200684281 ], [ 121.5546602, 14.2721867 ], [ 121.5545851, 14.2725194 ], [ 121.5545261, 14.2726936 ], [ 121.5544349, 14.2728158 ], [ 121.5542874, 14.2729041 ], [ 121.5540218, 14.2730159 ], [ 121.5538368, 14.2731329 ], [ 121.5535068, 14.2735254 ], [ 121.5533379, 14.2738191 ] ] ] } },
{ "type": "Feature", "properties": { "full_id": "w114039064", "osm_id": "114039064", "osm_type": "way", "highway": "track", "motor_vehicle": null, "bus_bay": null, "embankment": null, "handrail": null, "tunnel": null, "covered": null, "horse": null, "description": null, "bridge:structure": null, "bridge:name": null, "source_ref": null, "width": null, "motorcycle": null, "service": null, "reg_name": null, "foot": null, "source:name": null, "narrow": null, "source:nat_name": null, "shoulder:surface": null, "overtaking": null, "maxweight": null, "layer": null, "bridge": null, "shoulder:line": null, "shoulder:bicycle": null, "shoulder": null, "junction": null, "railway": null, "is_in": null, "abandoned:railway": null, "sidewalk": null, "lit": null, "razed:railway": null, "old_name": null, "short_name": null, "postal_code": null, "bicycle": null, "access": null, "lanes": null, "surface": null, "maxspeed:type": null, "maxspeed": null, "oneway": null, "name:etymology:wikidata": null, "name:etymology": null, "ref": null, "nat_name": null, "name": null, "designation": null, "Road_Class": "Other" }, "geometry": { "type": "MultiLineString", "coordinates": [ [ [ 121.4995684, 14.3036853 ], [ 121.5000342, 14.3033104 ], [ 121.5002916, 14.303196 ], [ 121.5006028, 14.303196 ], [ 121.5014825, 14.3035079 ], [ 121.5021799, 14.3038094 ], [ 121.5026198, 14.303851 ], [ 121.5044008, 14.3038614 ], [ 121.5048514, 14.3034351 ], [ 121.5055166, 14.3031856 ], [ 121.508113, 14.3031024 ], [ 121.508585, 14.3032064 ], [ 121.5086816, 14.3039029 ], [ 121.5087031, 14.3045163 ], [ 121.5081344, 14.3052129 ], [ 121.5077911, 14.3058782 ], [ 121.5073619, 14.3066267 ], [ 121.5072761, 14.3068347 ] ] ] } },
{ "type": "Feature", "properties": { "full_id": "w114039069", "osm_id": "114039069", "osm_type": "way", "highway": "track", "motor_vehicle": null, "bus_bay": null, "embankment": null, "handrail": null, "tunnel": null, "covered": null, "horse": null, "description": null, "bridge:structure": null, "bridge:name": null, "source_ref": null, "width": null, "motorcycle": null, "service": null, "reg_name": null, "foot": null, "source:name": null, "narrow": null, "source:nat_name": null, "shoulder:surface": null, "overtaking": null, "maxweight": null, "layer": null, "bridge": null, "shoulder:line": null, "shoulder:bicycle": null, "shoulder": null, "junction": null, "railway": null, "is_in": null, "abandoned:railway": null, "sidewalk": null, "lit": null, "razed:railway": null, "old_name": null, "short_name": null, "postal_code": null, "bicycle": null, "access": null, "lanes": null, "surface": null, "maxspeed:type": null, "maxspeed": null, "oneway": null, "name:etymology:wikidata": null, "name:etymology": null, "ref": null, "nat_name": null, "name": null, "designation": null, "Road_Class": "Other" }, "geometry": { "type": "MultiLineString", "coordinates": [ [ [ 121.5072761, 14.3068347 ], [ 121.5066002, 14.3066683 ], [ 121.506053, 14.3067411 ], [ 121.5057204, 14.3070738 ], [ 121.5052162, 14.3072401 ], [ 121.5043686, 14.3072297 ], [ 121.5040253, 14.307105 ] ] ] } },
{ "type": "Feature", "properties": { "full_id": "w114626694", "osm_id": "114626694", "osm_type": "way", "highway": "service", "motor_vehicle": null, "bus_bay": null, "embankment": null, "handrail": null, "tunnel": null, "covered": null, "horse": null, "description": null, "bridge:structure": null, "bridge:name": null, "source_ref": null, "width": null, "motorcycle": null, "service": null, "reg_name": null, "foot": null, "source:name": null, "narrow": null, "source:nat_name": null, "shoulder:surface": null, "overtaking": null, "maxweight": null, "layer": null, "bridge": null, "shoulder:line": null, "shoulder:bicycle": null, "shoulder": null, "junction": null, "railway": null, "is_in": null, "abandoned:railway": null, "sidewalk": null, "lit": null, "razed:railway": null, "old_name": null, "short_name": null, "postal_code": null, "bicycle": null, "access": null, "lanes": null, "surface": null, "maxspeed:type": null, "maxspeed": null, "oneway": null, "name:etymology:wikidata": null, "name:etymology": null, "ref": null, "nat_name": null, "name": null, "designation": null, "Road_Class": "Barangay Road" }, "geometry": { "type": "MultiLineString", "coordinates": [ [ [ 121.4960378, 14.2958461 ], [ 121.4960878, 14.2958666 ], [ 121.4962217, 14.2958688 ], [ 121.4963422, 14.2959402 ], [ 121.4964025, 14.2960224 ], [ 121.4964605, 14.2961392 ], [ 121.4965498, 14.2962559 ], [ 121.4965802, 14.2963061 ] ] ] } },
{ "type": "Feature", "properties": { "full_id": "w114626696", "osm_id": "114626696", "osm_type": "way", "highway": "service", "motor_vehicle": null, "bus_bay": null, "embankment": null, "handrail": null, "tunnel": null, "covered": null, "horse": null, "description": null, "bridge:structure": null, "bridge:name": null, "source_ref": null, "width": null, "motorcycle": null, "service": null, "reg_name": null, "foot": null, "source:name": null, "narrow": null, "source:nat_name": null, "shoulder:surface": null, "overtaking": null, "maxweight": null, "layer": null, "bridge": null, "shoulder:line": null, "shoulder:bicycle": null, "shoulder": null, "junction": null, "railway": null, "is_in": null, "abandoned:railway": null, "sidewalk": null, "lit": null, "razed:railway": null, "old_name": null, "short_name": null, "postal_code": null, "bicycle": null, "access": null, "lanes": null, "surface": null, "maxspeed:type": null, "maxspeed": null, "oneway": null, "name:etymology:wikidata": null, "name:etymology": null, "ref": null, "nat_name": null, "name": null, "designation": null, "Road_Class": "Barangay Road" }, "geometry": { "type": "MultiLineString", "coordinates": [ [ [ 121.4997038, 14.3018356 ], [ 121.4997154, 14.3016828 ], [ 121.4997065, 14.3015855 ], [ 121.4996775, 14.3015271 ], [ 121.4996239, 14.3015293 ], [ 121.499557, 14.3015834 ], [ 121.4994699, 14.3017131 ], [ 121.4994013, 14.3017324 ], [ 121.4993159, 14.3017153 ], [ 121.4992069, 14.301644 ], [ 121.4990647, 14.3015141 ], [ 121.4989309, 14.3013471 ], [ 121.498882, 14.3011999 ], [ 121.498874, 14.3010016 ], [ 121.4988673, 14.3008394 ] ] ] } },
{ "type": "Feature", "properties": { "full_id": "w114626699", "osm_id": "114626699", "osm_type": "way", "highway": "footway", "motor_vehicle": null, "bus_bay": null, "embankment": null, "handrail": null, "tunnel": null, "covered": null, "horse": null, "description": null, "bridge:structure": null, "bridge:name": null, "source_ref": null, "width": null, "motorcycle": null, "service": null, "reg_name": null, "foot": null, "source:name": null, "narrow": null, "source:nat_name": null, "shoulder:surface": null, "overtaking": null, "maxweight": null, "layer": null, "bridge": null, "shoulder:line": null, "shoulder:bicycle": null, "shoulder": null, "junction": null, "railway": null, "is_in": null, "abandoned:railway": null, "sidewalk": null, "lit": null, "razed:railway": null, "old_name": null, "short_name": null, "postal_code": null, "bicycle": null, "access": null, "lanes": null, "surface": null, "maxspeed:type": null, "maxspeed": null, "oneway": null, "name:etymology:wikidata": null, "name:etymology": null, "ref": null, "nat_name": null, "name": null, "designation": null, "Road_Class": "Other" }, "geometry": { "type": "MultiLineString", "coordinates": [ [ [ 121.497119803649611, 14.298350751915411 ], [ 121.4972001, 14.298446 ], [ 121.497281, 14.2985824 ], [ 121.497339, 14.2986538 ], [ 121.4973539, 14.2986775 ], [ 121.4973703, 14.2987035 ], [ 121.4973881, 14.2987705 ], [ 121.4973926, 14.2988138 ], [ 121.4974135, 14.2988783 ] ] ] } },
{ "type": "Feature", "properties": { "full_id": "w114626704", "osm_id": "114626704", "osm_type": "way", "highway": "service", "motor_vehicle": null, "bus_bay": null, "embankment": null, "handrail": null, "tunnel": null, "covered": null, "horse": null, "description": null, "bridge:structure": null, "bridge:name": null, "source_ref": null, "width": null, "motorcycle": null, "service": null, "reg_name": null, "foot": null, "source:name": null, "narrow": null, "source:nat_name": null, "shoulder:surface": null, "overtaking": null, "maxweight": null, "layer": null, "bridge": null, "shoulder:line": null, "shoulder:bicycle": null, "shoulder": null, "junction": null, "railway": null, "is_in": null, "abandoned:railway": null, "sidewalk": null, "lit": null, "razed:railway": null, "old_name": null, "short_name": null, "postal_code": null, "bicycle": null, "access": null, "lanes": null, "surface": null, "maxspeed:type": null, "maxspeed": null, "oneway": null, "name:etymology:wikidata": null, "name:etymology": null, "ref": null, "nat_name": null, "name": null, "designation": null, "Road_Class": "Barangay Road" }, "geometry": { "type": "MultiLineString", "coordinates": [ [ [ 121.4963422, 14.2959402 ], [ 121.4965543, 14.2956569 ] ] ] } },
{ "type": "Feature", "properties": { "full_id": "w114626705", "osm_id": "114626705", "osm_type": "way", "highway": "footway", "motor_vehicle": null, "bus_bay": null, "embankment": null, "handrail": null, "tunnel": null, "covered": null, "horse": null, "description": null, "bridge:structure": null, "bridge:name": null, "source_ref": null, "width": null, "motorcycle": null, "service": null, "reg_name": null, "foot": null, "source:name": null, "narrow": null, "source:nat_name": null, "shoulder:surface": null, "overtaking": null, "maxweight": null, "layer": null, "bridge": null, "shoulder:line": null, "shoulder:bicycle": null, "shoulder": null, "junction": null, "railway": null, "is_in": null, "abandoned:railway": null, "sidewalk": null, "lit": null, "razed:railway": null, "old_name": null, "short_name": null, "postal_code": null, "bicycle": null, "access": null, "lanes": null, "surface": null, "maxspeed:type": null, "maxspeed": null, "oneway": null, "name:etymology:wikidata": null, "name:etymology": null, "ref": null, "nat_name": null, "name": null, "designation": null, "Road_Class": "Other" }, "geometry": { "type": "MultiLineString", "coordinates": [ [ [ 121.4965802, 14.2963061 ], [ 121.4966304, 14.2963743 ], [ 121.4966137, 14.2964185 ], [ 121.496578683825348, 14.296471911163213 ] ] ] } },
{ "type": "Feature", "properties": { "full_id": "w131583464", "osm_id": "131583464", "osm_type": "way", "highway": "track", "motor_vehicle": null, "bus_bay": null, "embankment": null, "handrail": null, "tunnel": null, "covered": null, "horse": null, "description": null, "bridge:structure": null, "bridge:name": null, "source_ref": null, "width": null, "motorcycle": null, "service": null, "reg_name": null, "foot": null, "source:name": null, "narrow": null, "source:nat_name": null, "shoulder:surface": null, "overtaking": null, "maxweight": null, "layer": null, "bridge": null, "shoulder:line": null, "shoulder:bicycle": null, "shoulder": null, "junction": null, "railway": null, "is_in": null, "abandoned:railway": null, "sidewalk": null, "lit": null, "razed:railway": null, "old_name": null, "short_name": null, "postal_code": null, "bicycle": null, "access": null, "lanes": null, "surface": null, "maxspeed:type": null, "maxspeed": null, "oneway": null, "name:etymology:wikidata": null, "name:etymology": null, "ref": null, "nat_name": null, "name": null, "designation": null, "Road_Class": "Other" }, "geometry": { "type": "MultiLineString", "coordinates": [ [ [ 121.5072761, 14.3068347 ], [ 121.5077482, 14.3070322 ], [ 121.5085636, 14.3069698 ], [ 121.5090142, 14.3066995 ], [ 121.5096686, 14.306398 ], [ 121.5103768, 14.306398 ], [ 121.5112029, 14.3063045 ], [ 121.5118251, 14.3061485 ] ] ] } },
{ "type": "Feature", "properties": { "full_id": "w163075161", "osm_id": "163075161", "osm_type": "way", "highway": "residential", "motor_vehicle": null, "bus_bay": null, "embankment": null, "handrail": null, "tunnel": null, "covered": null, "horse": null, "description": null, "bridge:structure": null, "bridge:name": null, "source_ref": null, "width": null, "motorcycle": null, "service": null, "reg_name": null, "foot": null, "source:name": null, "narrow": null, "source:nat_name": null, "shoulder:surface": null, "overtaking": null, "maxweight": null, "layer": null, "bridge": null, "shoulder:line": null, "shoulder:bicycle": null, "shoulder": null, "junction": null, "railway": null, "is_in": null, "abandoned:railway": null, "sidewalk": null, "lit": null, "razed:railway": null, "old_name": null, "short_name": null, "postal_code": null, "bicycle": null, "access": null, "lanes": "2", "surface": "concrete", "maxspeed:type": null, "maxspeed": null, "oneway": "yes", "name:etymology:wikidata": null, "name:etymology": null, "ref": null, "nat_name": null, "name": "Caliraya Spring Golf & Country Club Entrance Road", "designation": null, "Road_Class": "Barangay Road" }, "geometry": { "type": "MultiLineString", "coordinates": [ [ [ 121.5618641, 14.286218 ], [ 121.5619008, 14.2862095 ], [ 121.561924, 14.2862111 ], [ 121.5619411, 14.2862176 ], [ 121.5619572, 14.2862465 ], [ 121.5619706, 14.2862859 ], [ 121.5619642, 14.286306 ], [ 121.5619468, 14.2863235 ], [ 121.5619167, 14.2863428 ] ] ] } },
{ "type": "Feature", "properties": { "full_id": "w163075191", "osm_id": "163075191", "osm_type": "way", "highway": "residential", "motor_vehicle": null, "bus_bay": null, "embankment": null, "handrail": null, "tunnel": null, "covered": null, "horse": null, "description": null, "bridge:structure": null, "bridge:name": null, "source_ref": null, "width": null, "motorcycle": null, "service": null, "reg_name": null, "foot": null, "source:name": null, "narrow": null, "source:nat_name": null, "shoulder:surface": null, "overtaking": null, "maxweight": null, "layer": null, "bridge": null, "shoulder:line": null, "shoulder:bicycle": null, "shoulder": null, "junction": null, "railway": null, "is_in": null, "abandoned:railway": null, "sidewalk": null, "lit": null, "razed:railway": null, "old_name": null, "short_name": null, "postal_code": null, "bicycle": null, "access": null, "lanes": "2", "surface": "concrete", "maxspeed:type": null, "maxspeed": null, "oneway": "yes", "name:etymology:wikidata": null, "name:etymology": null, "ref": null, "nat_name": null, "name": null, "designation": null, "Road_Class": "Barangay Road" }, "geometry": { "type": "MultiLineString", "coordinates": [ [ [ 121.5600608, 14.2861686 ], [ 121.5600953, 14.2862146 ], [ 121.5601152, 14.2863284 ], [ 121.5601252, 14.2864327 ], [ 121.5601251, 14.2865794 ], [ 121.5601172, 14.2867144 ], [ 121.5601279, 14.2868275 ], [ 121.5601453, 14.2869366 ], [ 121.5601708, 14.2870354 ], [ 121.5602137, 14.2871498 ], [ 121.5602392, 14.2872343 ] ] ] } },
{ "type": "Feature", "properties": { "full_id": "w163075199", "osm_id": "163075199", "osm_type": "way", "highway": "residential", "motor_vehicle": null, "bus_bay": null, "embankment": null, "handrail": null, "tunnel": null, "covered": null, "horse": null, "description": null, "bridge:structure": null, "bridge:name": null, "source_ref": null, "width": null, "motorcycle": null, "service": null, "reg_name": null, "foot": null, "source:name": null, "narrow": null, "source:nat_name": null, "shoulder:surface": null, "overtaking": null, "maxweight": null, "layer": null, "bridge": null, "shoulder:line": null, "shoulder:bicycle": null, "shoulder": null, "junction": null, "railway": null, "is_in": null, "abandoned:railway": null, "sidewalk": null, "lit": null, "razed:railway": null, "old_name": null, "short_name": null, "postal_code": null, "bicycle": null, "access": null, "lanes": "2", "surface": "concrete", "maxspeed:type": null, "maxspeed": null, "oneway": "yes", "name:etymology:wikidata": null, "name:etymology": null, "ref": null, "nat_name": null, "name": null, "designation": null, "Road_Class": "Barangay Road" }, "geometry": { "type": "MultiLineString", "coordinates": [ [ [ 121.5602392, 14.2872343 ], [ 121.5600863, 14.2871355 ], [ 121.5600193, 14.2870497 ], [ 121.559983, 14.28696 ], [ 121.559971, 14.2868483 ], [ 121.559975, 14.2867222 ], [ 121.5599859, 14.2865789 ] ] ] } },
{ "type": "Feature", "properties": { "full_id": "w163075201", "osm_id": "163075201", "osm_type": "way", "highway": "residential", "motor_vehicle": null, "bus_bay": null, "embankment": null, "handrail": null, "tunnel": null, "covered": null, "horse": null, "description": null, "bridge:structure": null, "bridge:name": null, "source_ref": null, "width": null, "motorcycle": null, "service": null, "reg_name": null, "foot": null, "source:name": null, "narrow": null, "source:nat_name": null, "shoulder:surface": null, "overtaking": null, "maxweight": null, "layer": null, "bridge": null, "shoulder:line": null, "shoulder:bicycle": null, "shoulder": null, "junction": null, "railway": null, "is_in": null, "abandoned:railway": null, "sidewalk": null, "lit": null, "razed:railway": null, "old_name": null, "short_name": null, "postal_code": null, "bicycle": null, "access": null, "lanes": null, "surface": "concrete", "maxspeed:type": null, "maxspeed": null, "oneway": null, "name:etymology:wikidata": null, "name:etymology": null, "ref": null, "nat_name": null, "name": null, "designation": null, "Road_Class": "Barangay Road" }, "geometry": { "type": "MultiLineString", "coordinates": [ [ [ 121.5625952, 14.2899733 ], [ 121.5623219, 14.2900245 ], [ 121.5620698, 14.2900297 ], [ 121.5618713, 14.2900024 ], [ 121.5616178, 14.2899544 ], [ 121.5612155, 14.2898322 ], [ 121.5601185, 14.2893773 ], [ 121.5600206, 14.2893357 ], [ 121.5599133, 14.289276 ], [ 121.5598623, 14.2892071 ], [ 121.5598476, 14.2891317 ], [ 121.5598583, 14.2890628 ], [ 121.5598932, 14.2889706 ], [ 121.5600112, 14.2887327 ], [ 121.5602499, 14.2882896 ], [ 121.560325, 14.2881609 ], [ 121.5603921, 14.2880465 ], [ 121.5604551, 14.2879101 ], [ 121.5604752, 14.2878035 ], [ 121.5604793, 14.2876878 ], [ 121.5604632, 14.2875241 ], [ 121.5604216, 14.2874149 ], [ 121.5603317, 14.2873122 ], [ 121.5602392, 14.2872343 ] ] ] } },
{ "type": "Feature", "properties": { "full_id": "w163078780", "osm_id": "163078780", "osm_type": "way", "highway": "residential", "motor_vehicle": null, "bus_bay": null, "embankment": null, "handrail": null, "tunnel": null, "covered": null, "horse": null, "description": null, "bridge:structure": null, "bridge:name": null, "source_ref": null, "width": null, "motorcycle": null, "service": null, "reg_name": null, "foot": null, "source:name": null, "narrow": null, "source:nat_name": null, "shoulder:surface": null, "overtaking": null, "maxweight": null, "layer": null, "bridge": null, "shoulder:line": null, "shoulder:bicycle": null, "shoulder": null, "junction": null, "railway": null, "is_in": null, "abandoned:railway": null, "sidewalk": null, "lit": null, "razed:railway": null, "old_name": null, "short_name": null, "postal_code": null, "bicycle": null, "access": null, "lanes": "1", "surface": "concrete", "maxspeed:type": null, "maxspeed": null, "oneway": "yes", "name:etymology:wikidata": null, "name:etymology": null, "ref": null, "nat_name": null, "name": null, "designation": null, "Road_Class": "Barangay Road" }, "geometry": { "type": "MultiLineString", "coordinates": [ [ [ 121.5581498, 14.2896528 ], [ 121.5580653, 14.2894592 ], [ 121.5580103, 14.2893474 ], [ 121.557954, 14.2892422 ], [ 121.5579151, 14.2891759 ], [ 121.5578333, 14.2890784 ], [ 121.5577421, 14.2889939 ], [ 121.5576643, 14.2889407 ], [ 121.5575717, 14.2888887 ], [ 121.557447, 14.2888315 ] ] ] } },
{ "type": "Feature", "properties": { "full_id": "w163078781", "osm_id": "163078781", "osm_type": "way", "highway": "residential", "motor_vehicle": null, "bus_bay": null, "embankment": null, "handrail": null, "tunnel": null, "covered": null, "horse": null, "description": null, "bridge:structure": null, "bridge:name": null, "source_ref": null, "width": null, "motorcycle": null, "service": null, "reg_name": null, "foot": null, "source:name": null, "narrow": null, "source:nat_name": null, "shoulder:surface": null, "overtaking": null, "maxweight": null, "layer": null, "bridge": null, "shoulder:line": null, "shoulder:bicycle": null, "shoulder": null, "junction": null, "railway": null, "is_in": null, "abandoned:railway": null, "sidewalk": null, "lit": null, "razed:railway": null, "old_name": null, "short_name": null, "postal_code": null, "bicycle": null, "access": null, "lanes": "1", "surface": "concrete", "maxspeed:type": null, "maxspeed": null, "oneway": "yes", "name:etymology:wikidata": null, "name:etymology": null, "ref": null, "nat_name": null, "name": null, "designation": null, "Road_Class": "Barangay Road" }, "geometry": { "type": "MultiLineString", "coordinates": [ [ [ 121.557447, 14.2888315 ], [ 121.5575811, 14.2888263 ], [ 121.5577005, 14.2888497 ], [ 121.5578064, 14.2888887 ], [ 121.5578909, 14.2889394 ], [ 121.5579727, 14.2890186 ], [ 121.5580532, 14.2891031 ], [ 121.5580894, 14.2891954 ], [ 121.5581229, 14.2893201 ], [ 121.5581524, 14.2894995 ], [ 121.5581498, 14.2896528 ] ] ] } },
{ "type": "Feature", "properties": { "full_id": "w163078782", "osm_id": "163078782", "osm_type": "way", "highway": "residential", "motor_vehicle": null, "bus_bay": null, "embankment": null, "handrail": null, "tunnel": null, "covered": null, "horse": null, "description": null, "bridge:structure": null, "bridge:name": null, "source_ref": null, "width": null, "motorcycle": null, "service": null, "reg_name": null, "foot": null, "source:name": null, "narrow": null, "source:nat_name": null, "shoulder:surface": null, "overtaking": null, "maxweight": null, "layer": null, "bridge": null, "shoulder:line": null, "shoulder:bicycle": null, "shoulder": null, "junction": null, "railway": null, "is_in": null, "abandoned:railway": null, "sidewalk": null, "lit": null, "razed:railway": null, "old_name": null, "short_name": null, "postal_code": null, "bicycle": null, "access": null, "lanes": "1", "surface": "concrete", "maxspeed:type": null, "maxspeed": null, "oneway": null, "name:etymology:wikidata": null, "name:etymology": null, "ref": null, "nat_name": null, "name": null, "designation": null, "Road_Class": "Barangay Road" }, "geometry": { "type": "MultiLineString", "coordinates": [ [ [ 121.5582815, 14.289003 ], [ 121.5580532, 14.2891031 ], [ 121.5579875, 14.2891395 ], [ 121.5579151, 14.2891759 ] ] ] } },
{ "type": "Feature", "properties": { "full_id": "w163078783", "osm_id": "163078783", "osm_type": "way", "highway": "residential", "motor_vehicle": null, "bus_bay": null, "embankment": null, "handrail": null, "tunnel": null, "covered": null, "horse": null, "description": null, "bridge:structure": null, "bridge:name": null, "source_ref": null, "width": null, "motorcycle": null, "service": null, "reg_name": null, "foot": null, "source:name": null, "narrow": null, "source:nat_name": null, "shoulder:surface": null, "overtaking": null, "maxweight": null, "layer": null, "bridge": null, "shoulder:line": null, "shoulder:bicycle": null, "shoulder": null, "junction": null, "railway": null, "is_in": null, "abandoned:railway": null, "sidewalk": null, "lit": null, "razed:railway": null, "old_name": null, "short_name": null, "postal_code": null, "bicycle": null, "access": null, "lanes": "2", "surface": "concrete", "maxspeed:type": null, "maxspeed": null, "oneway": null, "name:etymology:wikidata": null, "name:etymology": null, "ref": null, "nat_name": null, "name": null, "designation": null, "Road_Class": "Barangay Road" }, "geometry": { "type": "MultiLineString", "coordinates": [ [ [ 121.5586841, 14.2913255 ], [ 121.5584029, 14.2905675 ], [ 121.5582812, 14.2901038 ], [ 121.5581498, 14.2896528 ] ] ] } },
{ "type": "Feature", "properties": { "full_id": "w163078784", "osm_id": "163078784", "osm_type": "way", "highway": "residential", "motor_vehicle": null, "bus_bay": null, "embankment": null, "handrail": null, "tunnel": null, "covered": null, "horse": null, "description": null, "bridge:structure": null, "bridge:name": null, "source_ref": null, "width": null, "motorcycle": null, "service": null, "reg_name": null, "foot": null, "source:name": null, "narrow": null, "source:nat_name": null, "shoulder:surface": null, "overtaking": null, "maxweight": null, "layer": null, "bridge": null, "shoulder:line": null, "shoulder:bicycle": null, "shoulder": null, "junction": null, "railway": null, "is_in": null, "abandoned:railway": null, "sidewalk": null, "lit": null, "razed:railway": null, "old_name": null, "short_name": null, "postal_code": null, "bicycle": null, "access": null, "lanes": "2", "surface": "concrete", "maxspeed:type": null, "maxspeed": null, "oneway": "yes", "name:etymology:wikidata": null, "name:etymology": null, "ref": null, "nat_name": null, "name": null, "designation": null, "Road_Class": "Barangay Road" }, "geometry": { "type": "MultiLineString", "coordinates": [ [ [ 121.5516125, 14.2886346 ], [ 121.5517259, 14.2887035 ], [ 121.5517976, 14.2887899 ], [ 121.5518446, 14.2888705 ], [ 121.5518875, 14.2889459 ] ] ] } },
{ "type": "Feature", "properties": { "full_id": "w163078785", "osm_id": "163078785", "osm_type": "way", "highway": "residential", "motor_vehicle": null, "bus_bay": null, "embankment": null, "handrail": null, "tunnel": null, "covered": null, "horse": null, "description": null, "bridge:structure": null, "bridge:name": null, "source_ref": null, "width": null, "motorcycle": null, "service": null, "reg_name": null, "foot": null, "source:name": null, "narrow": null, "source:nat_name": null, "shoulder:surface": null, "overtaking": null, "maxweight": null, "layer": null, "bridge": null, "shoulder:line": null, "shoulder:bicycle": null, "shoulder": null, "junction": null, "railway": null, "is_in": null, "abandoned:railway": null, "sidewalk": null, "lit": null, "razed:railway": null, "old_name": null, "short_name": null, "postal_code": null, "bicycle": null, "access": null, "lanes": "2", "surface": "concrete", "maxspeed:type": null, "maxspeed": null, "oneway": "yes", "name:etymology:wikidata": null, "name:etymology": null, "ref": null, "nat_name": null, "name": null, "designation": null, "Road_Class": "Barangay Road" }, "geometry": { "type": "MultiLineString", "coordinates": [ [ [ 121.5517694, 14.2890089 ], [ 121.5517292, 14.2889387 ], [ 121.5516749, 14.2888555 ], [ 121.551626, 14.2887421 ], [ 121.5516125, 14.2886346 ] ] ] } },
{ "type": "Feature", "properties": { "full_id": "w181224582", "osm_id": "181224582", "osm_type": "way", "highway": "service", "motor_vehicle": null, "bus_bay": null, "embankment": null, "handrail": null, "tunnel": null, "covered": null, "horse": null, "description": null, "bridge:structure": null, "bridge:name": null, "source_ref": null, "width": null, "motorcycle": null, "service": null, "reg_name": null, "foot": null, "source:name": null, "narrow": null, "source:nat_name": null, "shoulder:surface": null, "overtaking": null, "maxweight": null, "layer": null, "bridge": null, "shoulder:line": null, "shoulder:bicycle": null, "shoulder": null, "junction": null, "railway": null, "is_in": null, "abandoned:railway": null, "sidewalk": null, "lit": null, "razed:railway": null, "old_name": null, "short_name": null, "postal_code": null, "bicycle": null, "access": null, "lanes": null, "surface": null, "maxspeed:type": null, "maxspeed": null, "oneway": null, "name:etymology:wikidata": null, "name:etymology": null, "ref": null, "nat_name": null, "name": null, "designation": null, "Road_Class": "Barangay Road" }, "geometry": { "type": "MultiLineString", "coordinates": [ [ [ 121.5558685, 14.2866455 ], [ 121.5558692, 14.2866143 ], [ 121.5558712, 14.286589 ], [ 121.5558799, 14.2865533 ], [ 121.5559054, 14.2865273 ] ] ] } },
{ "type": "Feature", "properties": { "full_id": "w181227685", "osm_id": "181227685", "osm_type": "way", "highway": "residential", "motor_vehicle": null, "bus_bay": null, "embankment": null, "handrail": null, "tunnel": null, "covered": null, "horse": null, "description": null, "bridge:structure": null, "bridge:name": null, "source_ref": null, "width": null, "motorcycle": null, "service": null, "reg_name": null, "foot": null, "source:name": null, "narrow": null, "source:nat_name": null, "shoulder:surface": null, "overtaking": null, "maxweight": null, "layer": null, "bridge": null, "shoulder:line": null, "shoulder:bicycle": null, "shoulder": null, "junction": null, "railway": null, "is_in": null, "abandoned:railway": null, "sidewalk": null, "lit": null, "razed:railway": null, "old_name": null, "short_name": null, "postal_code": null, "bicycle": null, "access": null, "lanes": null, "surface": null, "maxspeed:type": null, "maxspeed": null, "oneway": null, "name:etymology:wikidata": null, "name:etymology": null, "ref": null, "nat_name": null, "name": null, "designation": null, "Road_Class": "Barangay Road" }, "geometry": { "type": "MultiLineString", "coordinates": [ [ [ 121.5600018, 14.2860074 ], [ 121.5600608, 14.2861686 ] ] ] } },
{ "type": "Feature", "properties": { "full_id": "w181227686", "osm_id": "181227686", "osm_type": "way", "highway": "residential", "motor_vehicle": null, "bus_bay": null, "embankment": null, "handrail": null, "tunnel": null, "covered": null, "horse": null, "description": null, "bridge:structure": null, "bridge:name": null, "source_ref": null, "width": null, "motorcycle": null, "service": null, "reg_name": null, "foot": null, "source:name": null, "narrow": null, "source:nat_name": null, "shoulder:surface": null, "overtaking": null, "maxweight": null, "layer": null, "bridge": null, "shoulder:line": null, "shoulder:bicycle": null, "shoulder": null, "junction": null, "railway": null, "is_in": null, "abandoned:railway": null, "sidewalk": null, "lit": null, "razed:railway": null, "old_name": null, "short_name": null, "postal_code": null, "bicycle": null, "access": null, "lanes": "2", "surface": "concrete", "maxspeed:type": null, "maxspeed": null, "oneway": "yes", "name:etymology:wikidata": null, "name:etymology": null, "ref": null, "nat_name": null, "name": null, "designation": null, "Road_Class": "Barangay Road" }, "geometry": { "type": "MultiLineString", "coordinates": [ [ [ 121.5599859, 14.2865789 ], [ 121.5599957, 14.2864308 ], [ 121.5600057, 14.2863034 ], [ 121.5600276, 14.2862204 ], [ 121.5600608, 14.2861686 ] ] ] } },
{ "type": "Feature", "properties": { "full_id": "w186853392", "osm_id": "186853392", "osm_type": "way", "highway": "service", "motor_vehicle": null, "bus_bay": null, "embankment": null, "handrail": null, "tunnel": null, "covered": null, "horse": null, "description": null, "bridge:structure": null, "bridge:name": null, "source_ref": null, "width": null, "motorcycle": null, "service": null, "reg_name": null, "foot": null, "source:name": null, "narrow": null, "source:nat_name": null, "shoulder:surface": null, "overtaking": null, "maxweight": null, "layer": null, "bridge": null, "shoulder:line": null, "shoulder:bicycle": null, "shoulder": null, "junction": null, "railway": null, "is_in": null, "abandoned:railway": null, "sidewalk": null, "lit": null, "razed:railway": null, "old_name": null, "short_name": null, "postal_code": null, "bicycle": null, "access": null, "lanes": null, "surface": "ground", "maxspeed:type": null, "maxspeed": null, "oneway": null, "name:etymology:wikidata": null, "name:etymology": null, "ref": null, "nat_name": null, "name": null, "designation": null, "Road_Class": "Barangay Road" }, "geometry": { "type": "MultiLineString", "coordinates": [ [ [ 121.4974926, 14.2990628 ], [ 121.4974198, 14.2990813 ], [ 121.4973709, 14.29912 ], [ 121.4973505, 14.2992105 ], [ 121.4973924, 14.2993685 ], [ 121.497444, 14.2995391 ], [ 121.49745, 14.2996135 ], [ 121.4974058, 14.2997363 ], [ 121.4973572, 14.2998803 ], [ 121.497338, 14.3000066 ], [ 121.4972408, 14.3002503 ], [ 121.4971754, 14.3004322 ], [ 121.4971738, 14.3004519 ], [ 121.4971811, 14.300468 ], [ 121.4973782, 14.3006051 ] ] ] } },
{ "type": "Feature", "properties": { "full_id": "w187634186", "osm_id": "187634186", "osm_type": "way", "highway": "footway", "motor_vehicle": null, "bus_bay": null, "embankment": null, "handrail": null, "tunnel": null, "covered": null, "horse": null, "description": null, "bridge:structure": null, "bridge:name": null, "source_ref": null, "width": null, "motorcycle": null, "service": null, "reg_name": null, "foot": null, "source:name": null, "narrow": null, "source:nat_name": null, "shoulder:surface": null, "overtaking": null, "maxweight": null, "layer": "1", "bridge": "yes", "shoulder:line": null, "shoulder:bicycle": null, "shoulder": null, "junction": null, "railway": null, "is_in": null, "abandoned:railway": null, "sidewalk": null, "lit": null, "razed:railway": null, "old_name": null, "short_name": null, "postal_code": null, "bicycle": null, "access": null, "lanes": null, "surface": null, "maxspeed:type": null, "maxspeed": null, "oneway": null, "name:etymology:wikidata": null, "name:etymology": null, "ref": null, "nat_name": null, "name": "Caliraya Hanging Bridge", "designation": null, "Road_Class": "Other" }, "geometry": { "type": "MultiLineString", "coordinates": [ [ [ 121.4994997, 14.3008812 ], [ 121.4992748, 14.3005817 ] ] ] } },
{ "type": "Feature", "properties": { "full_id": "w187634209", "osm_id": "187634209", "osm_type": "way", "highway": "footway", "motor_vehicle": null, "bus_bay": null, "embankment": null, "handrail": null, "tunnel": null, "covered": null, "horse": null, "description": null, "bridge:structure": null, "bridge:name": null, "source_ref": null, "width": null, "motorcycle": null, "service": null, "reg_name": null, "foot": null, "source:name": null, "narrow": null, "source:nat_name": null, "shoulder:surface": null, "overtaking": null, "maxweight": null, "layer": null, "bridge": null, "shoulder:line": null, "shoulder:bicycle": null, "shoulder": null, "junction": null, "railway": null, "is_in": null, "abandoned:railway": null, "sidewalk": null, "lit": null, "razed:railway": null, "old_name": null, "short_name": null, "postal_code": null, "bicycle": null, "access": null, "lanes": null, "surface": null, "maxspeed:type": null, "maxspeed": null, "oneway": null, "name:etymology:wikidata": null, "name:etymology": null, "ref": null, "nat_name": null, "name": null, "designation": null, "Road_Class": "Other" }, "geometry": { "type": "MultiLineString", "coordinates": [ [ [ 121.4973539, 14.2986775 ], [ 121.4973867, 14.2986353 ], [ 121.4973994, 14.2985623 ], [ 121.4973984, 14.2984297 ], [ 121.4973681, 14.298333 ] ] ] } },
{ "type": "Feature", "properties": { "full_id": "w187634210", "osm_id": "187634210", "osm_type": "way", "highway": "footway", "motor_vehicle": null, "bus_bay": null, "embankment": null, "handrail": null, "tunnel": null, "covered": null, "horse": null, "description": null, "bridge:structure": null, "bridge:name": null, "source_ref": null, "width": null, "motorcycle": null, "service": null, "reg_name": null, "foot": "yes", "source:name": null, "narrow": null, "source:nat_name": null, "shoulder:surface": null, "overtaking": null, "maxweight": null, "layer": null, "bridge": null, "shoulder:line": null, "shoulder:bicycle": null, "shoulder": null, "junction": null, "railway": null, "is_in": null, "abandoned:railway": null, "sidewalk": null, "lit": null, "razed:railway": null, "old_name": null, "short_name": null, "postal_code": null, "bicycle": null, "access": null, "lanes": null, "surface": "grass", "maxspeed:type": null, "maxspeed": null, "oneway": null, "name:etymology:wikidata": null, "name:etymology": null, "ref": null, "nat_name": null, "name": null, "designation": null, "Road_Class": "Other" }, "geometry": { "type": "MultiLineString", "coordinates": [ [ [ 121.49745, 14.2996135 ], [ 121.497961, 14.2999403 ], [ 121.4980177, 14.3000266 ], [ 121.498047, 14.3001442 ], [ 121.4980602, 14.3002288 ], [ 121.4980904, 14.3003192 ], [ 121.4981709, 14.3004462 ], [ 121.4982681, 14.300529 ], [ 121.4986423, 14.300785 ], [ 121.498704, 14.3008643 ], [ 121.4988542, 14.3016031 ], [ 121.4988837, 14.3016622 ] ] ] } },
{ "type": "Feature", "properties": { "full_id": "w187634947", "osm_id": "187634947", "osm_type": "way", "highway": "service", "motor_vehicle": null, "bus_bay": null, "embankment": null, "handrail": null, "tunnel": null, "covered": null, "horse": null, "description": null, "bridge:structure": null, "bridge:name": null, "source_ref": null, "width": null, "motorcycle": null, "service": null, "reg_name": null, "foot": null, "source:name": null, "narrow": null, "source:nat_name": null, "shoulder:surface": null, "overtaking": null, "maxweight": null, "layer": null, "bridge": null, "shoulder:line": null, "shoulder:bicycle": null, "shoulder": null, "junction": null, "railway": null, "is_in": null, "abandoned:railway": null, "sidewalk": null, "lit": null, "razed:railway": null, "old_name": null, "short_name": null, "postal_code": null, "bicycle": null, "access": null, "lanes": null, "surface": "ground", "maxspeed:type": null, "maxspeed": null, "oneway": null, "name:etymology:wikidata": null, "name:etymology": null, "ref": null, "nat_name": null, "name": null, "designation": null, "Road_Class": "Barangay Road" }, "geometry": { "type": "MultiLineString", "coordinates": [ [ [ 121.4988673, 14.3008394 ], [ 121.4988785, 14.3005842 ], [ 121.4988874, 14.3004133 ], [ 121.498887, 14.3002808 ], [ 121.4989193, 14.2999405 ], [ 121.4988823, 14.2998955 ], [ 121.4988077, 14.2998773 ], [ 121.4986636, 14.2998708 ], [ 121.4985305, 14.299883 ], [ 121.4984062, 14.2998533 ], [ 121.4980594, 14.2996781 ], [ 121.4979697, 14.2996148 ], [ 121.4978973, 14.299529 ], [ 121.4977522, 14.2993504 ], [ 121.4974926, 14.2990628 ], [ 121.4974138, 14.2989267 ], [ 121.4974135, 14.2988783 ], [ 121.4974244, 14.298849 ], [ 121.4974453, 14.2988286 ], [ 121.4977477, 14.2987421 ], [ 121.4978376, 14.298698 ], [ 121.4978839, 14.2986297 ], [ 121.4979559, 14.2984398 ] ] ] } },
{ "type": "Feature", "properties": { "full_id": "w188704573", "osm_id": "188704573", "osm_type": "way", "highway": "path", "motor_vehicle": null, "bus_bay": null, "embankment": null, "handrail": null, "tunnel": null, "covered": null, "horse": null, "description": null, "bridge:structure": null, "bridge:name": null, "source_ref": null, "width": null, "motorcycle": null, "service": null, "reg_name": null, "foot": null, "source:name": null, "narrow": null, "source:nat_name": null, "shoulder:surface": null, "overtaking": null, "maxweight": null, "layer": null, "bridge": null, "shoulder:line": null, "shoulder:bicycle": null, "shoulder": null, "junction": null, "railway": null, "is_in": null, "abandoned:railway": null, "sidewalk": null, "lit": null, "razed:railway": null, "old_name": null, "short_name": null, "postal_code": null, "bicycle": null, "access": null, "lanes": null, "surface": null, "maxspeed:type": null, "maxspeed": null, "oneway": null, "name:etymology:wikidata": null, "name:etymology": null, "ref": null, "nat_name": null, "name": null, "designation": null, "Road_Class": "Other" }, "geometry": { "type": "MultiLineString", "coordinates": [ [ [ 121.4988785, 14.3005842 ], [ 121.4989762, 14.3006111 ], [ 121.4992059, 14.3005494 ], [ 121.4992748, 14.3005817 ] ] ] } },
{ "type": "Feature", "properties": { "full_id": "w218986629", "osm_id": "218986629", "osm_type": "way", "highway": "service", "motor_vehicle": null, "bus_bay": null, "embankment": null, "handrail": null, "tunnel": null, "covered": null, "horse": null, "description": null, "bridge:structure": null, "bridge:name": null, "source_ref": null, "width": null, "motorcycle": null, "service": null, "reg_name": null, "foot": null, "source:name": null, "narrow": null, "source:nat_name": null, "shoulder:surface": null, "overtaking": null, "maxweight": null, "layer": null, "bridge": null, "shoulder:line": null, "shoulder:bicycle": null, "shoulder": null, "junction": null, "railway": null, "is_in": null, "abandoned:railway": null, "sidewalk": null, "lit": null, "razed:railway": null, "old_name": null, "short_name": null, "postal_code": null, "bicycle": null, "access": null, "lanes": null, "surface": null, "maxspeed:type": null, "maxspeed": null, "oneway": null, "name:etymology:wikidata": null, "name:etymology": null, "ref": null, "nat_name": null, "name": null, "designation": null, "Road_Class": "Barangay Road" }, "geometry": { "type": "MultiLineString", "coordinates": [ [ [ 121.5137934, 14.3101013 ], [ 121.5137243, 14.3100851 ], [ 121.5136673, 14.3100285 ], [ 121.5136331, 14.3099564 ], [ 121.5136077, 14.309844 ], [ 121.5136036, 14.3096991 ], [ 121.5136304, 14.309601 ], [ 121.5136633, 14.3095419 ], [ 121.5137344, 14.309499 ], [ 121.5138209, 14.3094977 ], [ 121.513902, 14.3095126 ], [ 121.513951, 14.3095516 ], [ 121.5139818, 14.3096556 ], [ 121.5139443, 14.3099155 ] ] ] } },
{ "type": "Feature", "properties": { "full_id": "w218986630", "osm_id": "218986630", "osm_type": "way", "highway": "service", "motor_vehicle": null, "bus_bay": null, "embankment": null, "handrail": null, "tunnel": null, "covered": null, "horse": null, "description": null, "bridge:structure": null, "bridge:name": null, "source_ref": null, "width": null, "motorcycle": null, "service": null, "reg_name": null, "foot": null, "source:name": null, "narrow": null, "source:nat_name": null, "shoulder:surface": null, "overtaking": null, "maxweight": null, "layer": null, "bridge": null, "shoulder:line": null, "shoulder:bicycle": null, "shoulder": null, "junction": null, "railway": null, "is_in": null, "abandoned:railway": null, "sidewalk": null, "lit": null, "razed:railway": null, "old_name": null, "short_name": null, "postal_code": null, "bicycle": null, "access": null, "lanes": null, "surface": null, "maxspeed:type": null, "maxspeed": null, "oneway": null, "name:etymology:wikidata": null, "name:etymology": null, "ref": null, "nat_name": null, "name": null, "designation": null, "Road_Class": "Barangay Road" }, "geometry": { "type": "MultiLineString", "coordinates": [ [ [ 121.5137934, 14.3101013 ], [ 121.5139, 14.3104509 ], [ 121.5139765, 14.310586 ], [ 121.5142192, 14.3108927 ], [ 121.514596, 14.3114567 ], [ 121.514706, 14.3115996 ], [ 121.5148227, 14.311675 ], [ 121.515052, 14.3117503 ], [ 121.5152934, 14.3117815 ], [ 121.5159626, 14.3118075 ], [ 121.516145, 14.3118374 ], [ 121.5162349, 14.311879 ], [ 121.516322, 14.3119726 ], [ 121.5164977, 14.3123624 ], [ 121.5166493, 14.3127509 ], [ 121.516719, 14.3129758 ], [ 121.516762, 14.3132395 ], [ 121.5167646, 14.3134787 ], [ 121.5167257, 14.3137009 ], [ 121.5166432, 14.3139614 ], [ 121.516607, 14.3140101 ], [ 121.51654, 14.3140322 ], [ 121.5163542, 14.3140504 ], [ 121.5161008, 14.3141518 ], [ 121.5158942, 14.3142922 ], [ 121.5158553, 14.3143597 ], [ 121.515846, 14.314452 ], [ 121.5158996, 14.3146079 ], [ 121.5160324, 14.3149665 ], [ 121.516094, 14.315155 ], [ 121.5160069, 14.315216 ], [ 121.5158111, 14.3153018 ], [ 121.5141106, 14.3158593 ], [ 121.514132, 14.3160334 ], [ 121.5141065, 14.3161205 ], [ 121.5140221, 14.3162101 ], [ 121.5137847, 14.3164025 ], [ 121.5136841, 14.3164765 ], [ 121.5135755, 14.3164856 ], [ 121.513487, 14.3164551 ], [ 121.51344, 14.3164187 ], [ 121.5133984, 14.316357 ], [ 121.5133361, 14.3161575 ], [ 121.5133032, 14.3161062 ], [ 121.513263, 14.316088 ], [ 121.5127695, 14.3160516 ], [ 121.5123979, 14.3160269 ], [ 121.5122545, 14.3160477 ], [ 121.5120828, 14.3160945 ], [ 121.5119018, 14.3161893 ], [ 121.5116255, 14.3164109 ], [ 121.5115383, 14.3164655 ], [ 121.5114894, 14.3164739 ], [ 121.511431, 14.3164557 ], [ 121.5112332, 14.316368 ], [ 121.511138, 14.3163505 ], [ 121.5109992, 14.3163583 ], [ 121.5102212, 14.3164193 ], [ 121.5092235, 14.3166376 ], [ 121.50851, 14.3167779 ], [ 121.5082603, 14.3169119 ], [ 121.5081719, 14.3170801 ], [ 121.507988, 14.31725 ], [ 121.5074742, 14.3174037 ], [ 121.5068667, 14.3175932 ], [ 121.5066494, 14.3176408 ], [ 121.5065341, 14.3176141 ], [ 121.5050851, 14.3168455 ], [ 121.5049931, 14.3168596 ], [ 121.5049534, 14.3169557 ], [ 121.5048209, 14.3172297 ], [ 121.5047089, 14.3173239 ], [ 121.5045469, 14.3173559 ], [ 121.5040039, 14.3174016 ], [ 121.502872, 14.3176511 ], [ 121.5027915, 14.3175888 ], [ 121.5024482, 14.3161802 ], [ 121.5024858, 14.3160814 ], [ 121.5030919, 14.3155148 ], [ 121.5031241, 14.3153745 ], [ 121.5031241, 14.3140179 ], [ 121.5031295, 14.3138723 ], [ 121.5025984, 14.3128119 ], [ 121.5025501, 14.3125468 ], [ 121.502471, 14.3122929 ], [ 121.5023463, 14.3121414 ], [ 121.5021585, 14.3120011 ], [ 121.4993824, 14.3112604 ], [ 121.4992806, 14.3112708 ], [ 121.4967297, 14.3122506 ], [ 121.4962684, 14.3123337 ], [ 121.49585, 14.3123337 ], [ 121.4954584, 14.3122194 ], [ 121.4949595, 14.3119439 ], [ 121.4945035, 14.3116736 ], [ 121.4943211, 14.3116008 ], [ 121.4927493, 14.3115281 ], [ 121.4916486, 14.3117641 ] ] ] } },
{ "type": "Feature", "properties": { "full_id": "w219506230", "osm_id": "219506230", "osm_type": "way", "highway": "residential", "motor_vehicle": null, "bus_bay": null, "embankment": null, "handrail": null, "tunnel": null, "covered": null, "horse": null, "description": null, "bridge:structure": null, "bridge:name": null, "source_ref": null, "width": null, "motorcycle": null, "service": null, "reg_name": null, "foot": null, "source:name": null, "narrow": null, "source:nat_name": null, "shoulder:surface": null, "overtaking": null, "maxweight": null, "layer": null, "bridge": null, "shoulder:line": null, "shoulder:bicycle": null, "shoulder": null, "junction": null, "railway": null, "is_in": null, "abandoned:railway": null, "sidewalk": null, "lit": null, "razed:railway": null, "old_name": null, "short_name": null, "postal_code": null, "bicycle": null, "access": null, "lanes": "2", "surface": "concrete", "maxspeed:type": null, "maxspeed": null, "oneway": null, "name:etymology:wikidata": null, "name:etymology": null, "ref": null, "nat_name": null, "name": null, "designation": null, "Road_Class": "Barangay Road" }, "geometry": { "type": "MultiLineString", "coordinates": [ [ [ 121.5528192, 14.2931279 ], [ 121.5529379, 14.2929808 ], [ 121.5530262, 14.2927882 ], [ 121.5531504, 14.2925662 ], [ 121.5532038, 14.2925126 ], [ 121.5532406, 14.2924899 ], [ 121.5532802, 14.2924769 ], [ 121.5533097, 14.2924808 ], [ 121.5533878, 14.2925127 ], [ 121.5534767, 14.2925822 ], [ 121.5535122, 14.2926127 ], [ 121.5535364, 14.292664 ], [ 121.5535369, 14.292708 ], [ 121.5534872, 14.2929353 ] ] ] } },
{ "type": "Feature", "properties": { "full_id": "w219506231", "osm_id": "219506231", "osm_type": "way", "highway": "residential", "motor_vehicle": null, "bus_bay": null, "embankment": null, "handrail": null, "tunnel": null, "covered": null, "horse": null, "description": null, "bridge:structure": null, "bridge:name": null, "source_ref": null, "width": null, "motorcycle": null, "service": null, "reg_name": null, "foot": null, "source:name": null, "narrow": null, "source:nat_name": null, "shoulder:surface": null, "overtaking": null, "maxweight": null, "layer": null, "bridge": null, "shoulder:line": null, "shoulder:bicycle": null, "shoulder": null, "junction": null, "railway": null, "is_in": null, "abandoned:railway": null, "sidewalk": null, "lit": null, "razed:railway": null, "old_name": null, "short_name": null, "postal_code": null, "bicycle": null, "access": null, "lanes": "2", "surface": "concrete", "maxspeed:type": null, "maxspeed": null, "oneway": "yes", "name:etymology:wikidata": null, "name:etymology": null, "ref": null, "nat_name": null, "name": null, "designation": null, "Road_Class": "Barangay Road" }, "geometry": { "type": "MultiLineString", "coordinates": [ [ [ 121.5536007, 14.2914996 ], [ 121.5535793, 14.2914047 ], [ 121.5535833, 14.2912579 ], [ 121.5536034, 14.2911123 ], [ 121.5536477, 14.2910018 ], [ 121.5537228, 14.2908745 ], [ 121.5538381, 14.2907055 ], [ 121.5540017, 14.2904599 ], [ 121.5540741, 14.2903806 ], [ 121.5541492, 14.2903117 ], [ 121.5542512, 14.2902494 ], [ 121.5544108, 14.2902143 ], [ 121.5545113, 14.2902221 ] ] ] } },
{ "type": "Feature", "properties": { "full_id": "w219506232", "osm_id": "219506232", "osm_type": "way", "highway": "residential", "motor_vehicle": null, "bus_bay": null, "embankment": null, "handrail": null, "tunnel": null, "covered": null, "horse": null, "description": null, "bridge:structure": null, "bridge:name": null, "source_ref": null, "width": null, "motorcycle": null, "service": null, "reg_name": null, "foot": null, "source:name": null, "narrow": null, "source:nat_name": null, "shoulder:surface": null, "overtaking": null, "maxweight": null, "layer": null, "bridge": null, "shoulder:line": null, "shoulder:bicycle": null, "shoulder": null, "junction": null, "railway": null, "is_in": null, "abandoned:railway": null, "sidewalk": null, "lit": null, "razed:railway": null, "old_name": null, "short_name": null, "postal_code": null, "bicycle": null, "access": null, "lanes": "2", "surface": "concrete", "maxspeed:type": null, "maxspeed": null, "oneway": null, "name:etymology:wikidata": null, "name:etymology": null, "ref": null, "nat_name": null, "name": null, "designation": null, "Road_Class": "Barangay Road" }, "geometry": { "type": "MultiLineString", "coordinates": [ [ [ 121.5534883, 14.2918328 ], [ 121.5537879, 14.291986 ] ] ] } },
{ "type": "Feature", "properties": { "full_id": "w219506233", "osm_id": "219506233", "osm_type": "way", "highway": "residential", "motor_vehicle": null, "bus_bay": null, "embankment": null, "handrail": null, "tunnel": null, "covered": null, "horse": null, "description": null, "bridge:structure": null, "bridge:name": null, "source_ref": null, "width": null, "motorcycle": null, "service": null, "reg_name": null, "foot": null, "source:name": null, "narrow": null, "source:nat_name": null, "shoulder:surface": null, "overtaking": null, "maxweight": null, "layer": null, "bridge": null, "shoulder:line": null, "shoulder:bicycle": null, "shoulder": null, "junction": null, "railway": null, "is_in": null, "abandoned:railway": null, "sidewalk": null, "lit": null, "razed:railway": null, "old_name": null, "short_name": null, "postal_code": null, "bicycle": null, "access": null, "lanes": "2", "surface": "concrete", "maxspeed:type": null, "maxspeed": null, "oneway": null, "name:etymology:wikidata": null, "name:etymology": null, "ref": null, "nat_name": null, "name": null, "designation": null, "Road_Class": "Barangay Road" }, "geometry": { "type": "MultiLineString", "coordinates": [ [ [ 121.5529379, 14.2929808 ], [ 121.55319, 14.2929498 ], [ 121.5534872, 14.2929353 ], [ 121.5535421, 14.2930164 ] ] ] } },
{ "type": "Feature", "properties": { "full_id": "w219506234", "osm_id": "219506234", "osm_type": "way", "highway": "residential", "motor_vehicle": null, "bus_bay": null, "embankment": null, "handrail": null, "tunnel": null, "covered": null, "horse": null, "description": null, "bridge:structure": null, "bridge:name": null, "source_ref": null, "width": null, "motorcycle": null, "service": null, "reg_name": null, "foot": null, "source:name": null, "narrow": null, "source:nat_name": null, "shoulder:surface": null, "overtaking": null, "maxweight": null, "layer": null, "bridge": null, "shoulder:line": null, "shoulder:bicycle": null, "shoulder": null, "junction": null, "railway": null, "is_in": null, "abandoned:railway": null, "sidewalk": null, "lit": null, "razed:railway": null, "old_name": null, "short_name": null, "postal_code": null, "bicycle": null, "access": null, "lanes": "2", "surface": "concrete", "maxspeed:type": null, "maxspeed": null, "oneway": null, "name:etymology:wikidata": null, "name:etymology": null, "ref": null, "nat_name": null, "name": null, "designation": null, "Road_Class": "Barangay Road" }, "geometry": { "type": "MultiLineString", "coordinates": [ [ [ 121.5536007, 14.2914996 ], [ 121.5534883, 14.2918328 ], [ 121.5533164, 14.2921819 ], [ 121.5532708, 14.2923079 ], [ 121.5532406, 14.2924899 ] ] ] } },
{ "type": "Feature", "properties": { "full_id": "w219506235", "osm_id": "219506235", "osm_type": "way", "highway": "residential", "motor_vehicle": null, "bus_bay": null, "embankment": null, "handrail": null, "tunnel": null, "covered": null, "horse": null, "description": null, "bridge:structure": null, "bridge:name": null, "source_ref": null, "width": null, "motorcycle": null, "service": null, "reg_name": null, "foot": null, "source:name": null, "narrow": null, "source:nat_name": null, "shoulder:surface": null, "overtaking": null, "maxweight": null, "layer": null, "bridge": null, "shoulder:line": null, "shoulder:bicycle": null, "shoulder": null, "junction": null, "railway": null, "is_in": null, "abandoned:railway": null, "sidewalk": null, "lit": null, "razed:railway": null, "old_name": null, "short_name": null, "postal_code": null, "bicycle": null, "access": null, "lanes": "2", "surface": "concrete", "maxspeed:type": null, "maxspeed": null, "oneway": "yes", "name:etymology:wikidata": null, "name:etymology": null, "ref": null, "nat_name": null, "name": null, "designation": null, "Road_Class": "Barangay Road" }, "geometry": { "type": "MultiLineString", "coordinates": [ [ [ 121.556067, 14.2879607 ], [ 121.5560213, 14.2878332 ], [ 121.5560057, 14.2876497 ], [ 121.5560053, 14.2875436 ], [ 121.5559959, 14.2874035 ] ] ] } },
{ "type": "Feature", "properties": { "full_id": "w219506236", "osm_id": "219506236", "osm_type": "way", "highway": "residential", "motor_vehicle": null, "bus_bay": null, "embankment": null, "handrail": null, "tunnel": null, "covered": null, "horse": null, "description": null, "bridge:structure": null, "bridge:name": null, "source_ref": null, "width": null, "motorcycle": null, "service": null, "reg_name": null, "foot": null, "source:name": null, "narrow": null, "source:nat_name": null, "shoulder:surface": null, "overtaking": null, "maxweight": null, "layer": null, "bridge": null, "shoulder:line": null, "shoulder:bicycle": null, "shoulder": null, "junction": null, "railway": null, "is_in": null, "abandoned:railway": null, "sidewalk": null, "lit": null, "razed:railway": null, "old_name": null, "short_name": null, "postal_code": null, "bicycle": null, "access": null, "lanes": "2", "surface": "concrete", "maxspeed:type": null, "maxspeed": null, "oneway": "yes", "name:etymology:wikidata": null, "name:etymology": null, "ref": null, "nat_name": null, "name": null, "designation": null, "Road_Class": "Barangay Road" }, "geometry": { "type": "MultiLineString", "coordinates": [ [ [ 121.5560994, 14.2874027 ], [ 121.5561086, 14.2875423 ], [ 121.5561086, 14.2876449 ], [ 121.5561005, 14.2878386 ], [ 121.556067, 14.2879607 ] ] ] } },
{ "type": "Feature", "properties": { "full_id": "w219506237", "osm_id": "219506237", "osm_type": "way", "highway": "residential", "motor_vehicle": null, "bus_bay": null, "embankment": null, "handrail": null, "tunnel": null, "covered": null, "horse": null, "description": null, "bridge:structure": null, "bridge:name": null, "source_ref": null, "width": null, "motorcycle": null, "service": null, "reg_name": null, "foot": null, "source:name": null, "narrow": null, "source:nat_name": null, "shoulder:surface": null, "overtaking": null, "maxweight": null, "layer": null, "bridge": null, "shoulder:line": null, "shoulder:bicycle": null, "shoulder": null, "junction": null, "railway": null, "is_in": null, "abandoned:railway": null, "sidewalk": null, "lit": null, "razed:railway": null, "old_name": null, "short_name": null, "postal_code": null, "bicycle": null, "access": null, "lanes": "2", "surface": "concrete", "maxspeed:type": null, "maxspeed": null, "oneway": null, "name:etymology:wikidata": null, "name:etymology": null, "ref": null, "nat_name": null, "name": null, "designation": null, "Road_Class": "Barangay Road" }, "geometry": { "type": "MultiLineString", "coordinates": [ [ [ 121.5548748, 14.2900622 ], [ 121.5549043, 14.2901753 ], [ 121.5549096, 14.2902182 ], [ 121.554911, 14.2903507 ], [ 121.5549043, 14.2903767 ], [ 121.5547112, 14.2908186 ], [ 121.5545556, 14.2912787 ], [ 121.5545455, 14.2913007 ], [ 121.5545328, 14.291315 ], [ 121.5544009, 14.2914321 ] ] ] } },
{ "type": "Feature", "properties": { "full_id": "w219506238", "osm_id": "219506238", "osm_type": "way", "highway": "residential", "motor_vehicle": null, "bus_bay": null, "embankment": null, "handrail": null, "tunnel": null, "covered": null, "horse": null, "description": null, "bridge:structure": null, "bridge:name": null, "source_ref": null, "width": null, "motorcycle": null, "service": null, "reg_name": null, "foot": null, "source:name": null, "narrow": null, "source:nat_name": null, "shoulder:surface": null, "overtaking": null, "maxweight": null, "layer": null, "bridge": null, "shoulder:line": null, "shoulder:bicycle": null, "shoulder": null, "junction": null, "railway": null, "is_in": null, "abandoned:railway": null, "sidewalk": null, "lit": null, "razed:railway": null, "old_name": null, "short_name": null, "postal_code": null, "bicycle": null, "access": null, "lanes": "2", "surface": "concrete", "maxspeed:type": null, "maxspeed": null, "oneway": "yes", "name:etymology:wikidata": null, "name:etymology": null, "ref": null, "nat_name": null, "name": null, "designation": null, "Road_Class": "Barangay Road" }, "geometry": { "type": "MultiLineString", "coordinates": [ [ [ 121.5545113, 14.2902221 ], [ 121.554447, 14.2902611 ], [ 121.554223, 14.2904183 ], [ 121.554109, 14.2905431 ], [ 121.5540111, 14.2907107 ], [ 121.5538757, 14.2909992 ], [ 121.5538099, 14.2911565 ], [ 121.5537027, 14.2913748 ], [ 121.5536007, 14.2914996 ] ] ] } },
{ "type": "Feature", "properties": { "full_id": "w219506239", "osm_id": "219506239", "osm_type": "way", "highway": "residential", "motor_vehicle": null, "bus_bay": null, "embankment": null, "handrail": null, "tunnel": null, "covered": null, "horse": null, "description": null, "bridge:structure": null, "bridge:name": null, "source_ref": null, "width": null, "motorcycle": null, "service": null, "reg_name": null, "foot": null, "source:name": null, "narrow": null, "source:nat_name": null, "shoulder:surface": null, "overtaking": null, "maxweight": null, "layer": null, "bridge": null, "shoulder:line": null, "shoulder:bicycle": null, "shoulder": null, "junction": null, "railway": null, "is_in": null, "abandoned:railway": null, "sidewalk": null, "lit": null, "razed:railway": null, "old_name": null, "short_name": null, "postal_code": null, "bicycle": null, "access": null, "lanes": "2", "surface": "concrete", "maxspeed:type": null, "maxspeed": null, "oneway": null, "name:etymology:wikidata": null, "name:etymology": null, "ref": null, "nat_name": null, "name": null, "designation": null, "Road_Class": "Barangay Road" }, "geometry": { "type": "MultiLineString", "coordinates": [ [ [ 121.5561408, 14.2883415 ], [ 121.5560214, 14.288439 ], [ 121.5559369, 14.2885196 ], [ 121.5558739, 14.2885963 ], [ 121.5557317, 14.2888328 ], [ 121.5554394, 14.2893903 ], [ 121.5553388, 14.2895788 ], [ 121.5552221, 14.2897607 ], [ 121.5550518, 14.2899362 ], [ 121.5548748, 14.2900622 ], [ 121.5545113, 14.2902221 ] ] ] } },
{ "type": "Feature", "properties": { "full_id": "w342826062", "osm_id": "342826062", "osm_type": "way", "highway": "residential", "motor_vehicle": null, "bus_bay": null, "embankment": null, "handrail": null, "tunnel": null, "covered": null, "horse": null, "description": null, "bridge:structure": null, "bridge:name": null, "source_ref": null, "width": null, "motorcycle": null, "service": null, "reg_name": null, "foot": null, "source:name": null, "narrow": null, "source:nat_name": null, "shoulder:surface": null, "overtaking": null, "maxweight": null, "layer": null, "bridge": null, "shoulder:line": null, "shoulder:bicycle": null, "shoulder": null, "junction": null, "railway": null, "is_in": null, "abandoned:railway": null, "sidewalk": null, "lit": null, "razed:railway": null, "old_name": null, "short_name": null, "postal_code": null, "bicycle": null, "access": null, "lanes": null, "surface": null, "maxspeed:type": null, "maxspeed": null, "oneway": null, "name:etymology:wikidata": null, "name:etymology": null, "ref": null, "nat_name": null, "name": null, "designation": null, "Road_Class": "Barangay Road" }, "geometry": { "type": "MultiLineString", "coordinates": [ [ [ 121.4938184, 14.2938844 ], [ 121.495529, 14.2937889 ] ] ] } },
{ "type": "Feature", "properties": { "full_id": "w342826066", "osm_id": "342826066", "osm_type": "way", "highway": "residential", "motor_vehicle": null, "bus_bay": null, "embankment": null, "handrail": null, "tunnel": null, "covered": null, "horse": null, "description": null, "bridge:structure": null, "bridge:name": null, "source_ref": null, "width": null, "motorcycle": null, "service": null, "reg_name": null, "foot": null, "source:name": null, "narrow": null, "source:nat_name": null, "shoulder:surface": null, "overtaking": null, "maxweight": null, "layer": null, "bridge": null, "shoulder:line": null, "shoulder:bicycle": null, "shoulder": null, "junction": null, "railway": null, "is_in": null, "abandoned:railway": null, "sidewalk": null, "lit": null, "razed:railway": null, "old_name": null, "short_name": null, "postal_code": null, "bicycle": null, "access": null, "lanes": null, "surface": null, "maxspeed:type": null, "maxspeed": null, "oneway": null, "name:etymology:wikidata": null, "name:etymology": null, "ref": null, "nat_name": null, "name": null, "designation": null, "Road_Class": "Barangay Road" }, "geometry": { "type": "MultiLineString", "coordinates": [ [ [ 121.4942335, 14.2933788 ], [ 121.4937942, 14.2936329 ], [ 121.4938184, 14.2938844 ], [ 121.4938476, 14.2941411 ], [ 121.4953995, 14.2940403 ], [ 121.4955511, 14.2940352 ], [ 121.495529, 14.2937889 ], [ 121.4955001, 14.2935561 ], [ 121.4954901, 14.2933593 ], [ 121.4954937, 14.2933145 ], [ 121.4955305, 14.2929091 ] ] ] } },
{ "type": "Feature", "properties": { "full_id": "w342826069", "osm_id": "342826069", "osm_type": "way", "highway": "residential", "motor_vehicle": null, "bus_bay": null, "embankment": null, "handrail": null, "tunnel": null, "covered": null, "horse": null, "description": null, "bridge:structure": null, "bridge:name": null, "source_ref": null, "width": null, "motorcycle": null, "service": null, "reg_name": null, "foot": null, "source:name": null, "narrow": null, "source:nat_name": null, "shoulder:surface": null, "overtaking": null, "maxweight": null, "layer": null, "bridge": null, "shoulder:line": null, "shoulder:bicycle": null, "shoulder": null, "junction": null, "railway": null, "is_in": null, "abandoned:railway": null, "sidewalk": null, "lit": null, "razed:railway": null, "old_name": null, "short_name": null, "postal_code": null, "bicycle": null, "access": null, "lanes": null, "surface": null, "maxspeed:type": null, "maxspeed": null, "oneway": null, "name:etymology:wikidata": null, "name:etymology": null, "ref": null, "nat_name": null, "name": null, "designation": null, "Road_Class": "Barangay Road" }, "geometry": { "type": "MultiLineString", "coordinates": [ [ [ 121.494924, 14.2935705 ], [ 121.4955001, 14.2935561 ] ] ] } },
{ "type": "Feature", "properties": { "full_id": "w342826070", "osm_id": "342826070", "osm_type": "way", "highway": "residential", "motor_vehicle": null, "bus_bay": null, "embankment": null, "handrail": null, "tunnel": null, "covered": null, "horse": null, "description": null, "bridge:structure": null, "bridge:name": null, "source_ref": null, "width": null, "motorcycle": null, "service": null, "reg_name": null, "foot": null, "source:name": null, "narrow": null, "source:nat_name": null, "shoulder:surface": null, "overtaking": null, "maxweight": null, "layer": null, "bridge": null, "shoulder:line": null, "shoulder:bicycle": null, "shoulder": null, "junction": null, "railway": null, "is_in": null, "abandoned:railway": null, "sidewalk": null, "lit": null, "razed:railway": null, "old_name": null, "short_name": null, "postal_code": null, "bicycle": null, "access": null, "lanes": null, "surface": null, "maxspeed:type": null, "maxspeed": null, "oneway": null, "name:etymology:wikidata": null, "name:etymology": null, "ref": null, "nat_name": null, "name": null, "designation": null, "Road_Class": "Barangay Road" }, "geometry": { "type": "MultiLineString", "coordinates": [ [ [ 121.4942335, 14.2933788 ], [ 121.4954937, 14.2933145 ] ] ] } },
{ "type": "Feature", "properties": { "full_id": "w342826077", "osm_id": "342826077", "osm_type": "way", "highway": "residential", "motor_vehicle": null, "bus_bay": null, "embankment": null, "handrail": null, "tunnel": null, "covered": null, "horse": null, "description": null, "bridge:structure": null, "bridge:name": null, "source_ref": null, "width": null, "motorcycle": null, "service": null, "reg_name": null, "foot": null, "source:name": null, "narrow": null, "source:nat_name": null, "shoulder:surface": null, "overtaking": null, "maxweight": null, "layer": null, "bridge": null, "shoulder:line": null, "shoulder:bicycle": null, "shoulder": null, "junction": null, "railway": null, "is_in": null, "abandoned:railway": null, "sidewalk": null, "lit": null, "razed:railway": null, "old_name": null, "short_name": null, "postal_code": null, "bicycle": null, "access": null, "lanes": null, "surface": null, "maxspeed:type": null, "maxspeed": null, "oneway": null, "name:etymology:wikidata": null, "name:etymology": null, "ref": null, "nat_name": null, "name": null, "designation": null, "Road_Class": "Barangay Road" }, "geometry": { "type": "MultiLineString", "coordinates": [ [ [ 121.4962659, 14.2955489 ], [ 121.4959963, 14.2951034 ], [ 121.4956918, 14.2946484 ], [ 121.4954343, 14.2941895 ], [ 121.4953995, 14.2940403 ] ] ] } },
{ "type": "Feature", "properties": { "full_id": "w343236072", "osm_id": "343236072", "osm_type": "way", "highway": "residential", "motor_vehicle": null, "bus_bay": null, "embankment": null, "handrail": null, "tunnel": null, "covered": null, "horse": null, "description": null, "bridge:structure": null, "bridge:name": null, "source_ref": null, "width": null, "motorcycle": null, "service": null, "reg_name": null, "foot": null, "source:name": null, "narrow": null, "source:nat_name": null, "shoulder:surface": null, "overtaking": null, "maxweight": null, "layer": null, "bridge": null, "shoulder:line": null, "shoulder:bicycle": null, "shoulder": null, "junction": null, "railway": null, "is_in": null, "abandoned:railway": null, "sidewalk": null, "lit": null, "razed:railway": null, "old_name": null, "short_name": null, "postal_code": null, "bicycle": null, "access": null, "lanes": null, "surface": null, "maxspeed:type": null, "maxspeed": null, "oneway": null, "name:etymology:wikidata": null, "name:etymology": null, "ref": null, "nat_name": null, "name": null, "designation": null, "Road_Class": "Barangay Road" }, "geometry": { "type": "MultiLineString", "coordinates": [ [ [ 121.5654749, 14.2746223 ], [ 121.5656117, 14.274508 ], [ 121.5657243, 14.2743936 ], [ 121.5658075, 14.2742662 ], [ 121.565845, 14.2740713 ], [ 121.5658182, 14.2738607 ], [ 121.5656948, 14.2736086 ], [ 121.5656814, 14.2735462 ], [ 121.5656975, 14.2734838 ], [ 121.5658678, 14.2733524 ] ] ] } },
{ "type": "Feature", "properties": { "full_id": "w343236073", "osm_id": "343236073", "osm_type": "way", "highway": "residential", "motor_vehicle": null, "bus_bay": null, "embankment": null, "handrail": null, "tunnel": null, "covered": null, "horse": null, "description": null, "bridge:structure": null, "bridge:name": null, "source_ref": null, "width": null, "motorcycle": null, "service": null, "reg_name": null, "foot": null, "source:name": null, "narrow": null, "source:nat_name": null, "shoulder:surface": null, "overtaking": null, "maxweight": null, "layer": null, "bridge": null, "shoulder:line": null, "shoulder:bicycle": null, "shoulder": null, "junction": null, "railway": null, "is_in": null, "abandoned:railway": null, "sidewalk": null, "lit": null, "razed:railway": null, "old_name": null, "short_name": null, "postal_code": null, "bicycle": null, "access": null, "lanes": null, "surface": null, "maxspeed:type": null, "maxspeed": null, "oneway": null, "name:etymology:wikidata": null, "name:etymology": null, "ref": null, "nat_name": null, "name": null, "designation": null, "Road_Class": "Barangay Road" }, "geometry": { "type": "MultiLineString", "coordinates": [ [ [ 121.5587037, 14.2789738 ], [ 121.5586643, 14.2788022 ], [ 121.5586856, 14.2785653 ], [ 121.5587266, 14.2783634 ], [ 121.5587972, 14.2782442 ], [ 121.5589169, 14.2782029 ], [ 121.5590563, 14.2782077 ], [ 121.5591974, 14.2782474 ], [ 121.5593188, 14.278311 ], [ 121.5594376, 14.278426 ] ] ] } },
{ "type": "Feature", "properties": { "full_id": "w343236074", "osm_id": "343236074", "osm_type": "way", "highway": "residential", "motor_vehicle": null, "bus_bay": null, "embankment": null, "handrail": null, "tunnel": null, "covered": null, "horse": null, "description": null, "bridge:structure": null, "bridge:name": null, "source_ref": null, "width": null, "motorcycle": null, "service": null, "reg_name": null, "foot": null, "source:name": null, "narrow": null, "source:nat_name": null, "shoulder:surface": null, "overtaking": null, "maxweight": null, "layer": null, "bridge": null, "shoulder:line": null, "shoulder:bicycle": null, "shoulder": null, "junction": null, "railway": null, "is_in": null, "abandoned:railway": null, "sidewalk": null, "lit": null, "razed:railway": null, "old_name": null, "short_name": null, "postal_code": null, "bicycle": null, "access": null, "lanes": null, "surface": null, "maxspeed:type": null, "maxspeed": null, "oneway": "yes", "name:etymology:wikidata": null, "name:etymology": null, "ref": null, "nat_name": null, "name": null, "designation": null, "Road_Class": "Barangay Road" }, "geometry": { "type": "MultiLineString", "coordinates": [ [ [ 121.5649867, 14.275935 ], [ 121.5651396, 14.2758155 ], [ 121.5653113, 14.2756855 ], [ 121.5654319, 14.2755295 ], [ 121.5655258, 14.275345 ], [ 121.5655607, 14.2751734 ], [ 121.5655714, 14.2750045 ], [ 121.5654749, 14.2746223 ], [ 121.5653354, 14.2744196 ], [ 121.5650645, 14.2741467 ], [ 121.564858, 14.2740609 ], [ 121.5646514, 14.2740401 ], [ 121.5644395, 14.2740661 ], [ 121.564292, 14.2740739 ] ] ] } },
{ "type": "Feature", "properties": { "full_id": "w343236075", "osm_id": "343236075", "osm_type": "way", "highway": "residential", "motor_vehicle": null, "bus_bay": null, "embankment": null, "handrail": null, "tunnel": null, "covered": null, "horse": null, "description": null, "bridge:structure": null, "bridge:name": null, "source_ref": null, "width": null, "motorcycle": null, "service": null, "reg_name": null, "foot": null, "source:name": null, "narrow": null, "source:nat_name": null, "shoulder:surface": null, "overtaking": null, "maxweight": null, "layer": null, "bridge": null, "shoulder:line": null, "shoulder:bicycle": null, "shoulder": null, "junction": null, "railway": null, "is_in": null, "abandoned:railway": null, "sidewalk": null, "lit": null, "razed:railway": null, "old_name": null, "short_name": null, "postal_code": null, "bicycle": null, "access": null, "lanes": null, "surface": null, "maxspeed:type": null, "maxspeed": null, "oneway": null, "name:etymology:wikidata": null, "name:etymology": null, "ref": null, "nat_name": null, "name": null, "designation": null, "Road_Class": "Barangay Road" }, "geometry": { "type": "MultiLineString", "coordinates": [ [ [ 121.5581924, 14.2790666 ], [ 121.558169, 14.2788276 ], [ 121.5581657, 14.2786639 ], [ 121.5582051, 14.2783428 ], [ 121.5582149, 14.2780869 ], [ 121.5582526, 14.2779088 ], [ 121.5583904, 14.2777753 ], [ 121.5585561, 14.2776768 ], [ 121.5587349, 14.2776625 ], [ 121.558935, 14.2776704 ], [ 121.5592646, 14.2777705 ], [ 121.5593827, 14.2777944 ], [ 121.5595517, 14.2777244 ], [ 121.5596747, 14.277583 ], [ 121.5597289, 14.2773434 ] ] ] } },
{ "type": "Feature", "properties": { "full_id": "w343236077", "osm_id": "343236077", "osm_type": "way", "highway": "residential", "motor_vehicle": null, "bus_bay": null, "embankment": null, "handrail": null, "tunnel": null, "covered": null, "horse": null, "description": null, "bridge:structure": null, "bridge:name": null, "source_ref": null, "width": null, "motorcycle": null, "service": null, "reg_name": null, "foot": null, "source:name": null, "narrow": null, "source:nat_name": null, "shoulder:surface": null, "overtaking": null, "maxweight": null, "layer": null, "bridge": null, "shoulder:line": null, "shoulder:bicycle": null, "shoulder": null, "junction": null, "railway": null, "is_in": null, "abandoned:railway": null, "sidewalk": null, "lit": null, "razed:railway": null, "old_name": null, "short_name": null, "postal_code": null, "bicycle": null, "access": null, "lanes": null, "surface": null, "maxspeed:type": null, "maxspeed": null, "oneway": null, "name:etymology:wikidata": null, "name:etymology": null, "ref": null, "nat_name": null, "name": null, "designation": null, "Road_Class": "Barangay Road" }, "geometry": { "type": "MultiLineString", "coordinates": [ [ [ 121.5564273, 14.2786352 ], [ 121.5565711, 14.2786133 ], [ 121.5567439, 14.2785632 ], [ 121.556862, 14.2785201 ], [ 121.5569997, 14.2784216 ], [ 121.5571044, 14.2782827 ], [ 121.5571626, 14.2781447 ], [ 121.5571672, 14.2779896 ], [ 121.557144, 14.2778188 ], [ 121.5570675, 14.2777041 ], [ 121.5567219, 14.2773579 ], [ 121.5566268, 14.2771826 ], [ 121.556534, 14.2769533 ] ] ] } },
{ "type": "Feature", "properties": { "full_id": "w343236078", "osm_id": "343236078", "osm_type": "way", "highway": "residential", "motor_vehicle": null, "bus_bay": null, "embankment": null, "handrail": null, "tunnel": null, "covered": null, "horse": null, "description": null, "bridge:structure": null, "bridge:name": null, "source_ref": null, "width": null, "motorcycle": null, "service": null, "reg_name": null, "foot": null, "source:name": null, "narrow": null, "source:nat_name": null, "shoulder:surface": null, "overtaking": null, "maxweight": null, "layer": null, "bridge": null, "shoulder:line": null, "shoulder:bicycle": null, "shoulder": null, "junction": null, "railway": null, "is_in": null, "abandoned:railway": null, "sidewalk": null, "lit": null, "razed:railway": null, "old_name": null, "short_name": null, "postal_code": null, "bicycle": null, "access": null, "lanes": null, "surface": null, "maxspeed:type": null, "maxspeed": null, "oneway": null, "name:etymology:wikidata": null, "name:etymology": null, "ref": null, "nat_name": null, "name": null, "designation": null, "Road_Class": "Barangay Road" }, "geometry": { "type": "MultiLineString", "coordinates": [ [ [ 121.5628383, 14.2746145 ], [ 121.5625352, 14.2742168 ] ] ] } },
{ "type": "Feature", "properties": { "full_id": "w343236079", "osm_id": "343236079", "osm_type": "way", "highway": "residential", "motor_vehicle": null, "bus_bay": null, "embankment": null, "handrail": null, "tunnel": null, "covered": null, "horse": null, "description": null, "bridge:structure": null, "bridge:name": null, "source_ref": null, "width": null, "motorcycle": null, "service": null, "reg_name": null, "foot": null, "source:name": null, "narrow": null, "source:nat_name": null, "shoulder:surface": null, "overtaking": null, "maxweight": null, "layer": null, "bridge": null, "shoulder:line": null, "shoulder:bicycle": null, "shoulder": null, "junction": null, "railway": null, "is_in": null, "abandoned:railway": null, "sidewalk": null, "lit": null, "razed:railway": null, "old_name": null, "short_name": null, "postal_code": null, "bicycle": null, "access": null, "lanes": null, "surface": null, "maxspeed:type": null, "maxspeed": null, "oneway": null, "name:etymology:wikidata": null, "name:etymology": null, "ref": null, "nat_name": null, "name": null, "designation": null, "Road_Class": "Barangay Road" }, "geometry": { "type": "MultiLineString", "coordinates": [ [ [ 121.56096, 14.2810069 ], [ 121.5601909, 14.2814275 ] ] ] } },
{ "type": "Feature", "properties": { "full_id": "w343236080", "osm_id": "343236080", "osm_type": "way", "highway": "residential", "motor_vehicle": null, "bus_bay": null, "embankment": null, "handrail": null, "tunnel": null, "covered": null, "horse": null, "description": null, "bridge:structure": null, "bridge:name": null, "source_ref": null, "width": null, "motorcycle": null, "service": null, "reg_name": null, "foot": null, "source:name": null, "narrow": null, "source:nat_name": null, "shoulder:surface": null, "overtaking": null, "maxweight": null, "layer": null, "bridge": null, "shoulder:line": null, "shoulder:bicycle": null, "shoulder": null, "junction": null, "railway": null, "is_in": null, "abandoned:railway": null, "sidewalk": null, "lit": null, "razed:railway": null, "old_name": null, "short_name": null, "postal_code": null, "bicycle": null, "access": null, "lanes": null, "surface": null, "maxspeed:type": null, "maxspeed": null, "oneway": null, "name:etymology:wikidata": null, "name:etymology": null, "ref": null, "nat_name": null, "name": null, "designation": null, "Road_Class": "Barangay Road" }, "geometry": { "type": "MultiLineString", "coordinates": [ [ [ 121.5617466, 14.2782459 ], [ 121.5618458, 14.2779002 ] ] ] } },
{ "type": "Feature", "properties": { "full_id": "w343236081", "osm_id": "343236081", "osm_type": "way", "highway": "residential", "motor_vehicle": null, "bus_bay": null, "embankment": null, "handrail": null, "tunnel": null, "covered": null, "horse": null, "description": null, "bridge:structure": null, "bridge:name": null, "source_ref": null, "width": null, "motorcycle": null, "service": null, "reg_name": null, "foot": null, "source:name": null, "narrow": null, "source:nat_name": null, "shoulder:surface": null, "overtaking": null, "maxweight": null, "layer": null, "bridge": null, "shoulder:line": null, "shoulder:bicycle": null, "shoulder": null, "junction": null, "railway": null, "is_in": null, "abandoned:railway": null, "sidewalk": null, "lit": null, "razed:railway": null, "old_name": null, "short_name": null, "postal_code": null, "bicycle": null, "access": null, "lanes": null, "surface": null, "maxspeed:type": null, "maxspeed": null, "oneway": null, "name:etymology:wikidata": null, "name:etymology": null, "ref": null, "nat_name": null, "name": null, "designation": null, "Road_Class": "Barangay Road" }, "geometry": { "type": "MultiLineString", "coordinates": [ [ [ 121.5614596, 14.2762054 ], [ 121.5614113, 14.276208 ], [ 121.5613577, 14.2761924 ], [ 121.5610921, 14.2760832 ], [ 121.5605906, 14.2758934 ], [ 121.5602177, 14.2757609 ], [ 121.5601855, 14.2757427 ], [ 121.5601534, 14.2757037 ], [ 121.5601453, 14.2756569 ], [ 121.5601534, 14.2755555 ], [ 121.5601695, 14.2755113 ], [ 121.560199, 14.2754801 ], [ 121.5609473, 14.2749239 ], [ 121.5615374, 14.2745808 ], [ 121.5615991, 14.2745574 ], [ 121.56165, 14.2745496 ], [ 121.5617788, 14.27456 ], [ 121.5619236, 14.2746561 ], [ 121.5619558, 14.2747211 ], [ 121.5619504, 14.2747939 ], [ 121.5618941, 14.2750668 ], [ 121.5617439, 14.2757011 ], [ 121.5616447, 14.2760442 ], [ 121.5615588, 14.276143 ], [ 121.5615025, 14.2761846 ], [ 121.5614596, 14.2762054 ] ] ] } },
{ "type": "Feature", "properties": { "full_id": "w343236082", "osm_id": "343236082", "osm_type": "way", "highway": "residential", "motor_vehicle": null, "bus_bay": null, "embankment": null, "handrail": null, "tunnel": null, "covered": null, "horse": null, "description": null, "bridge:structure": null, "bridge:name": null, "source_ref": null, "width": null, "motorcycle": null, "service": null, "reg_name": null, "foot": null, "source:name": null, "narrow": null, "source:nat_name": null, "shoulder:surface": null, "overtaking": null, "maxweight": null, "layer": null, "bridge": null, "shoulder:line": null, "shoulder:bicycle": null, "shoulder": null, "junction": null, "railway": null, "is_in": null, "abandoned:railway": null, "sidewalk": null, "lit": null, "razed:railway": null, "old_name": null, "short_name": null, "postal_code": null, "bicycle": null, "access": null, "lanes": null, "surface": null, "maxspeed:type": null, "maxspeed": null, "oneway": "yes", "name:etymology:wikidata": null, "name:etymology": null, "ref": null, "nat_name": null, "name": null, "designation": null, "Road_Class": "Barangay Road" }, "geometry": { "type": "MultiLineString", "coordinates": [ [ [ 121.564292, 14.2740739 ], [ 121.5644047, 14.2740037 ], [ 121.5646192, 14.2739647 ], [ 121.5648741, 14.2739673 ], [ 121.5651154, 14.2740349 ], [ 121.5653381, 14.274183 ], [ 121.5655017, 14.2743416 ], [ 121.5656117, 14.274508 ], [ 121.5656841, 14.2747263 ], [ 121.5657136, 14.2749525 ], [ 121.5657109, 14.2751604 ], [ 121.5656519, 14.275384 ], [ 121.565558, 14.2755737 ], [ 121.5653998, 14.2757219 ], [ 121.565161, 14.27587 ], [ 121.5649867, 14.275935 ] ] ] } },
{ "type": "Feature", "properties": { "full_id": "w343236084", "osm_id": "343236084", "osm_type": "way", "highway": "residential", "motor_vehicle": null, "bus_bay": null, "embankment": null, "handrail": null, "tunnel": null, "covered": null, "horse": null, "description": null, "bridge:structure": null, "bridge:name": null, "source_ref": null, "width": null, "motorcycle": null, "service": null, "reg_name": null, "foot": null, "source:name": null, "narrow": null, "source:nat_name": null, "shoulder:surface": null, "overtaking": null, "maxweight": null, "layer": null, "bridge": null, "shoulder:line": null, "shoulder:bicycle": null, "shoulder": null, "junction": null, "railway": null, "is_in": null, "abandoned:railway": null, "sidewalk": null, "lit": null, "razed:railway": null, "old_name": null, "short_name": null, "postal_code": null, "bicycle": null, "access": null, "lanes": null, "surface": null, "maxspeed:type": null, "maxspeed": null, "oneway": null, "name:etymology:wikidata": null, "name:etymology": null, "ref": null, "nat_name": null, "name": null, "designation": null, "Road_Class": "Barangay Road" }, "geometry": { "type": "MultiLineString", "coordinates": [ [ [ 121.5549381, 14.2764632 ], [ 121.5552853, 14.2765089 ], [ 121.555627, 14.2765487 ], [ 121.5557567, 14.2765853 ], [ 121.5559123, 14.2766386 ], [ 121.5561791, 14.2768432 ], [ 121.5562417, 14.2768993 ], [ 121.5563809, 14.2769713 ], [ 121.556534, 14.2769533 ], [ 121.5569422, 14.2766701 ], [ 121.5570141, 14.2765464 ], [ 121.5570304, 14.2764498 ], [ 121.5569418, 14.2762097 ], [ 121.5567893, 14.2757677 ], [ 121.5566987, 14.2755078 ], [ 121.5565627, 14.2752826 ], [ 121.556418, 14.2750021 ], [ 121.5562649, 14.2749661 ], [ 121.555003, 14.2751234 ], [ 121.5548963, 14.2752089 ], [ 121.5548128, 14.2756585 ], [ 121.5548059, 14.2763351 ], [ 121.5548546, 14.276416 ], [ 121.5549381, 14.2764632 ] ] ] } },
{ "type": "Feature", "properties": { "full_id": "w343236085", "osm_id": "343236085", "osm_type": "way", "highway": "residential", "motor_vehicle": null, "bus_bay": null, "embankment": null, "handrail": null, "tunnel": null, "covered": null, "horse": null, "description": null, "bridge:structure": null, "bridge:name": null, "source_ref": null, "width": null, "motorcycle": null, "service": null, "reg_name": null, "foot": null, "source:name": null, "narrow": null, "source:nat_name": null, "shoulder:surface": null, "overtaking": null, "maxweight": null, "layer": null, "bridge": null, "shoulder:line": null, "shoulder:bicycle": null, "shoulder": null, "junction": null, "railway": null, "is_in": null, "abandoned:railway": null, "sidewalk": null, "lit": null, "razed:railway": null, "old_name": null, "short_name": null, "postal_code": null, "bicycle": null, "access": null, "lanes": null, "surface": null, "maxspeed:type": null, "maxspeed": null, "oneway": null, "name:etymology:wikidata": null, "name:etymology": null, "ref": null, "nat_name": null, "name": null, "designation": null, "Road_Class": "Barangay Road" }, "geometry": { "type": "MultiLineString", "coordinates": [ [ [ 121.5633827, 14.2743858 ], [ 121.563313, 14.2740817 ], [ 121.5632513, 14.2738515 ] ] ] } },
{ "type": "Feature", "properties": { "full_id": "w343236086", "osm_id": "343236086", "osm_type": "way", "highway": "residential", "motor_vehicle": null, "bus_bay": null, "embankment": null, "handrail": null, "tunnel": null, "covered": null, "horse": null, "description": null, "bridge:structure": null, "bridge:name": null, "source_ref": null, "width": null, "motorcycle": null, "service": null, "reg_name": null, "foot": null, "source:name": null, "narrow": null, "source:nat_name": null, "shoulder:surface": null, "overtaking": null, "maxweight": null, "layer": null, "bridge": null, "shoulder:line": null, "shoulder:bicycle": null, "shoulder": null, "junction": null, "railway": null, "is_in": null, "abandoned:railway": null, "sidewalk": null, "lit": null, "razed:railway": null, "old_name": null, "short_name": null, "postal_code": null, "bicycle": null, "access": null, "lanes": null, "surface": null, "maxspeed:type": null, "maxspeed": null, "oneway": "yes", "name:etymology:wikidata": null, "name:etymology": null, "ref": null, "nat_name": null, "name": null, "designation": null, "Road_Class": "Barangay Road" }, "geometry": { "type": "MultiLineString", "coordinates": [ [ [ 121.5618458, 14.2779002 ], [ 121.5618566, 14.2774453 ], [ 121.5619317, 14.2769254 ], [ 121.5620953, 14.2764471 ], [ 121.5621811, 14.2761872 ], [ 121.5622964, 14.275974 ] ] ] } },
{ "type": "Feature", "properties": { "full_id": "w343236088", "osm_id": "343236088", "osm_type": "way", "highway": "residential", "motor_vehicle": null, "bus_bay": null, "embankment": null, "handrail": null, "tunnel": null, "covered": null, "horse": null, "description": null, "bridge:structure": null, "bridge:name": null, "source_ref": null, "width": null, "motorcycle": null, "service": null, "reg_name": null, "foot": null, "source:name": null, "narrow": null, "source:nat_name": null, "shoulder:surface": null, "overtaking": null, "maxweight": null, "layer": null, "bridge": null, "shoulder:line": null, "shoulder:bicycle": null, "shoulder": null, "junction": null, "railway": null, "is_in": null, "abandoned:railway": null, "sidewalk": null, "lit": null, "razed:railway": null, "old_name": null, "short_name": null, "postal_code": null, "bicycle": null, "access": null, "lanes": null, "surface": null, "maxspeed:type": null, "maxspeed": null, "oneway": null, "name:etymology:wikidata": null, "name:etymology": null, "ref": null, "nat_name": null, "name": null, "designation": null, "Road_Class": "Barangay Road" }, "geometry": { "type": "MultiLineString", "coordinates": [ [ [ 121.5597289, 14.2773434 ], [ 121.5601045, 14.2774482 ], [ 121.5601745, 14.2775249 ], [ 121.5602135, 14.2776154 ], [ 121.5602282, 14.2777237 ], [ 121.5601723, 14.2778269 ], [ 121.5597829, 14.2781202 ], [ 121.5595484, 14.2783078 ], [ 121.5594376, 14.278426 ], [ 121.5593204, 14.278551 ], [ 121.5592466, 14.2786829 ], [ 121.5591843, 14.2788133 ], [ 121.5590809, 14.2788991 ], [ 121.5587037, 14.2789738 ], [ 121.5581924, 14.2790666 ], [ 121.5580886, 14.2790819 ], [ 121.5580269, 14.2790896 ], [ 121.5578507, 14.2791305 ], [ 121.5575717, 14.2792191 ], [ 121.5572619, 14.2793142 ], [ 121.55716, 14.2793376 ], [ 121.5570527, 14.2792934 ] ] ] } },
{ "type": "Feature", "properties": { "full_id": "w343236089", "osm_id": "343236089", "osm_type": "way", "highway": "residential", "motor_vehicle": null, "bus_bay": null, "embankment": null, "handrail": null, "tunnel": null, "covered": null, "horse": null, "description": null, "bridge:structure": null, "bridge:name": null, "source_ref": null, "width": null, "motorcycle": null, "service": null, "reg_name": null, "foot": null, "source:name": null, "narrow": null, "source:nat_name": null, "shoulder:surface": null, "overtaking": null, "maxweight": null, "layer": null, "bridge": null, "shoulder:line": null, "shoulder:bicycle": null, "shoulder": null, "junction": null, "railway": null, "is_in": null, "abandoned:railway": null, "sidewalk": null, "lit": null, "razed:railway": null, "old_name": null, "short_name": null, "postal_code": null, "bicycle": null, "access": null, "lanes": null, "surface": null, "maxspeed:type": null, "maxspeed": null, "oneway": "yes", "name:etymology:wikidata": null, "name:etymology": null, "ref": null, "nat_name": null, "name": null, "designation": null, "Road_Class": "Barangay Road" }, "geometry": { "type": "MultiLineString", "coordinates": [ [ [ 121.5601909, 14.2814275 ], [ 121.559971, 14.281625 ], [ 121.559743, 14.2818382 ], [ 121.5595338, 14.2820461 ], [ 121.5593085, 14.2822696 ], [ 121.5590939, 14.282436 ], [ 121.5589665, 14.282475 ] ] ] } },
{ "type": "Feature", "properties": { "full_id": "w343236090", "osm_id": "343236090", "osm_type": "way", "highway": "residential", "motor_vehicle": null, "bus_bay": null, "embankment": null, "handrail": null, "tunnel": null, "covered": null, "horse": null, "description": null, "bridge:structure": null, "bridge:name": null, "source_ref": null, "width": null, "motorcycle": null, "service": null, "reg_name": null, "foot": null, "source:name": null, "narrow": null, "source:nat_name": null, "shoulder:surface": null, "overtaking": null, "maxweight": null, "layer": null, "bridge": null, "shoulder:line": null, "shoulder:bicycle": null, "shoulder": null, "junction": null, "railway": null, "is_in": null, "abandoned:railway": null, "sidewalk": null, "lit": null, "razed:railway": null, "old_name": null, "short_name": null, "postal_code": null, "bicycle": null, "access": null, "lanes": null, "surface": null, "maxspeed:type": null, "maxspeed": null, "oneway": null, "name:etymology:wikidata": null, "name:etymology": null, "ref": null, "nat_name": null, "name": null, "designation": null, "Road_Class": "Barangay Road" }, "geometry": { "type": "MultiLineString", "coordinates": [ [ [ 121.5561791, 14.2768432 ], [ 121.5562858, 14.2765104 ], [ 121.5563878, 14.276407 ], [ 121.5569418, 14.2762097 ] ] ] } },
{ "type": "Feature", "properties": { "full_id": "w343236091", "osm_id": "343236091", "osm_type": "way", "highway": "residential", "motor_vehicle": null, "bus_bay": null, "embankment": null, "handrail": null, "tunnel": null, "covered": null, "horse": null, "description": null, "bridge:structure": null, "bridge:name": null, "source_ref": null, "width": null, "motorcycle": null, "service": null, "reg_name": null, "foot": null, "source:name": null, "narrow": null, "source:nat_name": null, "shoulder:surface": null, "overtaking": null, "maxweight": null, "layer": null, "bridge": null, "shoulder:line": null, "shoulder:bicycle": null, "shoulder": null, "junction": null, "railway": null, "is_in": null, "abandoned:railway": null, "sidewalk": null, "lit": null, "razed:railway": null, "old_name": null, "short_name": null, "postal_code": null, "bicycle": null, "access": null, "lanes": null, "surface": null, "maxspeed:type": null, "maxspeed": null, "oneway": null, "name:etymology:wikidata": null, "name:etymology": null, "ref": null, "nat_name": null, "name": null, "designation": null, "Road_Class": "Barangay Road" }, "geometry": { "type": "MultiLineString", "coordinates": [ [ [ 121.5589571, 14.2755555 ], [ 121.5592521, 14.2758571 ], [ 121.559397, 14.2758934 ], [ 121.5601534, 14.2757037 ] ] ] } },
{ "type": "Feature", "properties": { "full_id": "w343236092", "osm_id": "343236092", "osm_type": "way", "highway": "residential", "motor_vehicle": null, "bus_bay": null, "embankment": null, "handrail": null, "tunnel": null, "covered": null, "horse": null, "description": null, "bridge:structure": null, "bridge:name": null, "source_ref": null, "width": null, "motorcycle": null, "service": null, "reg_name": null, "foot": null, "source:name": null, "narrow": null, "source:nat_name": null, "shoulder:surface": null, "overtaking": null, "maxweight": null, "layer": null, "bridge": null, "shoulder:line": null, "shoulder:bicycle": null, "shoulder": null, "junction": null, "railway": null, "is_in": null, "abandoned:railway": null, "sidewalk": null, "lit": null, "razed:railway": null, "old_name": null, "short_name": null, "postal_code": null, "bicycle": null, "access": null, "lanes": null, "surface": null, "maxspeed:type": null, "maxspeed": null, "oneway": "yes", "name:etymology:wikidata": null, "name:etymology": null, "ref": null, "nat_name": null, "name": null, "designation": null, "Road_Class": "Barangay Road" }, "geometry": { "type": "MultiLineString", "coordinates": [ [ [ 121.5589665, 14.282475 ], [ 121.5590268, 14.2823606 ], [ 121.5591958, 14.2821709 ], [ 121.5594292, 14.2819109 ], [ 121.5596706, 14.2817056 ], [ 121.5599254, 14.2815314 ], [ 121.5601909, 14.2814275 ] ] ] } },
{ "type": "Feature", "properties": { "full_id": "w343236093", "osm_id": "343236093", "osm_type": "way", "highway": "residential", "motor_vehicle": null, "bus_bay": null, "embankment": null, "handrail": null, "tunnel": null, "covered": null, "horse": null, "description": null, "bridge:structure": null, "bridge:name": null, "source_ref": null, "width": null, "motorcycle": null, "service": null, "reg_name": null, "foot": null, "source:name": null, "narrow": null, "source:nat_name": null, "shoulder:surface": null, "overtaking": null, "maxweight": null, "layer": null, "bridge": null, "shoulder:line": null, "shoulder:bicycle": null, "shoulder": null, "junction": null, "railway": null, "is_in": null, "abandoned:railway": null, "sidewalk": null, "lit": null, "razed:railway": null, "old_name": null, "short_name": null, "postal_code": null, "bicycle": null, "access": null, "lanes": null, "surface": null, "maxspeed:type": null, "maxspeed": null, "oneway": null, "name:etymology:wikidata": null, "name:etymology": null, "ref": null, "nat_name": null, "name": null, "designation": null, "Road_Class": "Barangay Road" }, "geometry": { "type": "MultiLineString", "coordinates": [ [ [ 121.5649867, 14.275935 ], [ 121.5646756, 14.2761612 ], [ 121.5645575, 14.2762782 ], [ 121.564402, 14.2765095 ], [ 121.5642276, 14.276811 ] ] ] } },
{ "type": "Feature", "properties": { "full_id": "w343236094", "osm_id": "343236094", "osm_type": "way", "highway": "residential", "motor_vehicle": null, "bus_bay": null, "embankment": null, "handrail": null, "tunnel": null, "covered": null, "horse": null, "description": null, "bridge:structure": null, "bridge:name": null, "source_ref": null, "width": null, "motorcycle": null, "service": null, "reg_name": null, "foot": null, "source:name": null, "narrow": null, "source:nat_name": null, "shoulder:surface": null, "overtaking": null, "maxweight": null, "layer": null, "bridge": null, "shoulder:line": null, "shoulder:bicycle": null, "shoulder": null, "junction": null, "railway": null, "is_in": null, "abandoned:railway": null, "sidewalk": null, "lit": null, "razed:railway": null, "old_name": null, "short_name": null, "postal_code": null, "bicycle": null, "access": null, "lanes": null, "surface": null, "maxspeed:type": null, "maxspeed": null, "oneway": null, "name:etymology:wikidata": null, "name:etymology": null, "ref": null, "nat_name": null, "name": null, "designation": null, "Road_Class": "Barangay Road" }, "geometry": { "type": "MultiLineString", "coordinates": [ [ [ 121.5635417, 14.278015 ], [ 121.563372, 14.2785084 ], [ 121.5631145, 14.2792154 ], [ 121.5629777, 14.2794988 ] ] ] } },
{ "type": "Feature", "properties": { "full_id": "w343236095", "osm_id": "343236095", "osm_type": "way", "highway": "residential", "motor_vehicle": null, "bus_bay": null, "embankment": null, "handrail": null, "tunnel": null, "covered": null, "horse": null, "description": null, "bridge:structure": null, "bridge:name": null, "source_ref": null, "width": null, "motorcycle": null, "service": null, "reg_name": null, "foot": null, "source:name": null, "narrow": null, "source:nat_name": null, "shoulder:surface": null, "overtaking": null, "maxweight": null, "layer": null, "bridge": null, "shoulder:line": null, "shoulder:bicycle": null, "shoulder": null, "junction": null, "railway": null, "is_in": null, "abandoned:railway": null, "sidewalk": null, "lit": null, "razed:railway": null, "old_name": null, "short_name": null, "postal_code": null, "bicycle": null, "access": null, "lanes": null, "surface": null, "maxspeed:type": null, "maxspeed": null, "oneway": null, "name:etymology:wikidata": null, "name:etymology": null, "ref": null, "nat_name": null, "name": null, "designation": null, "Road_Class": "Barangay Road" }, "geometry": { "type": "MultiLineString", "coordinates": [ [ [ 121.557173, 14.2828843 ], [ 121.5574349, 14.2822696 ], [ 121.5574953, 14.2821215 ], [ 121.5578155, 14.2812643 ], [ 121.5581154, 14.280793 ], [ 121.558416, 14.2805078 ], [ 121.5587693, 14.2802812 ], [ 121.5594231, 14.2799165 ], [ 121.5600857, 14.2796182 ], [ 121.5606227, 14.2794 ] ] ] } },
{ "type": "Feature", "properties": { "full_id": "w343236096", "osm_id": "343236096", "osm_type": "way", "highway": "residential", "motor_vehicle": null, "bus_bay": null, "embankment": null, "handrail": null, "tunnel": null, "covered": null, "horse": null, "description": null, "bridge:structure": null, "bridge:name": null, "source_ref": null, "width": null, "motorcycle": null, "service": null, "reg_name": null, "foot": null, "source:name": null, "narrow": null, "source:nat_name": null, "shoulder:surface": null, "overtaking": null, "maxweight": null, "layer": null, "bridge": null, "shoulder:line": null, "shoulder:bicycle": null, "shoulder": null, "junction": null, "railway": null, "is_in": null, "abandoned:railway": null, "sidewalk": null, "lit": null, "razed:railway": null, "old_name": null, "short_name": null, "postal_code": null, "bicycle": null, "access": null, "lanes": null, "surface": null, "maxspeed:type": null, "maxspeed": null, "oneway": null, "name:etymology:wikidata": null, "name:etymology": null, "ref": null, "nat_name": null, "name": null, "designation": null, "Road_Class": "Barangay Road" }, "geometry": { "type": "MultiLineString", "coordinates": [ [ [ 121.5617439, 14.2757011 ], [ 121.5616769, 14.2756829 ], [ 121.5616178, 14.2756803 ], [ 121.5611377, 14.2759766 ], [ 121.5611136, 14.276013 ], [ 121.5610921, 14.2760832 ] ] ] } },
{ "type": "Feature", "properties": { "full_id": "w343236097", "osm_id": "343236097", "osm_type": "way", "highway": "residential", "motor_vehicle": null, "bus_bay": null, "embankment": null, "handrail": null, "tunnel": null, "covered": null, "horse": null, "description": null, "bridge:structure": null, "bridge:name": null, "source_ref": null, "width": null, "motorcycle": null, "service": null, "reg_name": null, "foot": null, "source:name": null, "narrow": null, "source:nat_name": null, "shoulder:surface": null, "overtaking": null, "maxweight": null, "layer": null, "bridge": null, "shoulder:line": null, "shoulder:bicycle": null, "shoulder": null, "junction": null, "railway": null, "is_in": null, "abandoned:railway": null, "sidewalk": null, "lit": null, "razed:railway": null, "old_name": null, "short_name": null, "postal_code": null, "bicycle": null, "access": null, "lanes": null, "surface": null, "maxspeed:type": null, "maxspeed": null, "oneway": null, "name:etymology:wikidata": null, "name:etymology": null, "ref": null, "nat_name": null, "name": null, "designation": null, "Road_Class": "Barangay Road" }, "geometry": { "type": "MultiLineString", "coordinates": [ [ [ 121.5567893, 14.2757677 ], [ 121.5562232, 14.2759552 ], [ 121.5559471, 14.2760002 ], [ 121.5558404, 14.2760856 ], [ 121.5557567, 14.2765853 ] ] ] } },
{ "type": "Feature", "properties": { "full_id": "w343236098", "osm_id": "343236098", "osm_type": "way", "highway": "residential", "motor_vehicle": null, "bus_bay": null, "embankment": null, "handrail": null, "tunnel": null, "covered": null, "horse": null, "description": null, "bridge:structure": null, "bridge:name": null, "source_ref": null, "width": null, "motorcycle": null, "service": null, "reg_name": null, "foot": null, "source:name": null, "narrow": null, "source:nat_name": null, "shoulder:surface": null, "overtaking": null, "maxweight": null, "layer": null, "bridge": null, "shoulder:line": null, "shoulder:bicycle": null, "shoulder": null, "junction": null, "railway": null, "is_in": null, "abandoned:railway": null, "sidewalk": null, "lit": null, "razed:railway": null, "old_name": null, "short_name": null, "postal_code": null, "bicycle": null, "access": null, "lanes": null, "surface": null, "maxspeed:type": null, "maxspeed": null, "oneway": "yes", "name:etymology:wikidata": null, "name:etymology": null, "ref": null, "nat_name": null, "name": null, "designation": null, "Road_Class": "Barangay Road" }, "geometry": { "type": "MultiLineString", "coordinates": [ [ [ 121.5606227, 14.2794 ], [ 121.5609527, 14.2791686 ], [ 121.5612182, 14.2789373 ], [ 121.5614998, 14.2785968 ], [ 121.5617466, 14.2782459 ] ] ] } },
{ "type": "Feature", "properties": { "full_id": "w343236099", "osm_id": "343236099", "osm_type": "way", "highway": "residential", "motor_vehicle": null, "bus_bay": null, "embankment": null, "handrail": null, "tunnel": null, "covered": null, "horse": null, "description": null, "bridge:structure": null, "bridge:name": null, "source_ref": null, "width": null, "motorcycle": null, "service": null, "reg_name": null, "foot": null, "source:name": null, "narrow": null, "source:nat_name": null, "shoulder:surface": null, "overtaking": null, "maxweight": null, "layer": null, "bridge": null, "shoulder:line": null, "shoulder:bicycle": null, "shoulder": null, "junction": null, "railway": null, "is_in": null, "abandoned:railway": null, "sidewalk": null, "lit": null, "razed:railway": null, "old_name": null, "short_name": null, "postal_code": null, "bicycle": null, "access": null, "lanes": null, "surface": null, "maxspeed:type": null, "maxspeed": null, "oneway": "yes", "name:etymology:wikidata": null, "name:etymology": null, "ref": null, "nat_name": null, "name": null, "designation": null, "Road_Class": "Barangay Road" }, "geometry": { "type": "MultiLineString", "coordinates": [ [ [ 121.5635417, 14.278015 ], [ 121.5636516, 14.2777357 ], [ 121.5637985, 14.2773621 ], [ 121.5639862, 14.2770458 ], [ 121.5642276, 14.276811 ] ] ] } },
{ "type": "Feature", "properties": { "full_id": "w343236100", "osm_id": "343236100", "osm_type": "way", "highway": "residential", "motor_vehicle": null, "bus_bay": null, "embankment": null, "handrail": null, "tunnel": null, "covered": null, "horse": null, "description": null, "bridge:structure": null, "bridge:name": null, "source_ref": null, "width": null, "motorcycle": null, "service": null, "reg_name": null, "foot": null, "source:name": null, "narrow": null, "source:nat_name": null, "shoulder:surface": null, "overtaking": null, "maxweight": null, "layer": null, "bridge": null, "shoulder:line": null, "shoulder:bicycle": null, "shoulder": null, "junction": null, "railway": null, "is_in": null, "abandoned:railway": null, "sidewalk": null, "lit": null, "razed:railway": null, "old_name": null, "short_name": null, "postal_code": null, "bicycle": null, "access": null, "lanes": null, "surface": null, "maxspeed:type": null, "maxspeed": null, "oneway": "yes", "name:etymology:wikidata": null, "name:etymology": null, "ref": null, "nat_name": null, "name": null, "designation": null, "Road_Class": "Barangay Road" }, "geometry": { "type": "MultiLineString", "coordinates": [ [ [ 121.5622964, 14.275974 ], [ 121.5622696, 14.276208 ], [ 121.5622133, 14.2764367 ], [ 121.5620953, 14.276967 ], [ 121.5619773, 14.2774635 ], [ 121.5618458, 14.2779002 ] ] ] } },
{ "type": "Feature", "properties": { "full_id": "w343236101", "osm_id": "343236101", "osm_type": "way", "highway": "residential", "motor_vehicle": null, "bus_bay": null, "embankment": null, "handrail": null, "tunnel": null, "covered": null, "horse": null, "description": null, "bridge:structure": null, "bridge:name": null, "source_ref": null, "width": null, "motorcycle": null, "service": null, "reg_name": null, "foot": null, "source:name": null, "narrow": null, "source:nat_name": null, "shoulder:surface": null, "overtaking": null, "maxweight": null, "layer": null, "bridge": null, "shoulder:line": null, "shoulder:bicycle": null, "shoulder": null, "junction": null, "railway": null, "is_in": null, "abandoned:railway": null, "sidewalk": null, "lit": null, "razed:railway": null, "old_name": null, "short_name": null, "postal_code": null, "bicycle": null, "access": null, "lanes": null, "surface": null, "maxspeed:type": null, "maxspeed": null, "oneway": "yes", "name:etymology:wikidata": null, "name:etymology": null, "ref": null, "nat_name": null, "name": null, "designation": null, "Road_Class": "Barangay Road" }, "geometry": { "type": "MultiLineString", "coordinates": [ [ [ 121.5629777, 14.2794988 ], [ 121.562621, 14.27999 ], [ 121.5623635, 14.2802656 ], [ 121.5621369, 14.2804423 ], [ 121.5619344, 14.2805593 ], [ 121.5616715, 14.280688 ], [ 121.5614516, 14.2807789 ], [ 121.5611216, 14.2809323 ], [ 121.56096, 14.2810069 ] ] ] } },
{ "type": "Feature", "properties": { "full_id": "w343236102", "osm_id": "343236102", "osm_type": "way", "highway": "residential", "motor_vehicle": null, "bus_bay": null, "embankment": null, "handrail": null, "tunnel": null, "covered": null, "horse": null, "description": null, "bridge:structure": null, "bridge:name": null, "source_ref": null, "width": null, "motorcycle": null, "service": null, "reg_name": null, "foot": null, "source:name": null, "narrow": null, "source:nat_name": null, "shoulder:surface": null, "overtaking": null, "maxweight": null, "layer": null, "bridge": null, "shoulder:line": null, "shoulder:bicycle": null, "shoulder": null, "junction": null, "railway": null, "is_in": null, "abandoned:railway": null, "sidewalk": null, "lit": null, "razed:railway": null, "old_name": null, "short_name": null, "postal_code": null, "bicycle": null, "access": null, "lanes": null, "surface": null, "maxspeed:type": null, "maxspeed": null, "oneway": null, "name:etymology:wikidata": null, "name:etymology": null, "ref": null, "nat_name": null, "name": null, "designation": null, "Road_Class": "Barangay Road" }, "geometry": { "type": "MultiLineString", "coordinates": [ [ [ 121.5605906, 14.2758934 ], [ 121.5606013, 14.2758129 ], [ 121.5606308, 14.2757661 ], [ 121.5606657, 14.2757323 ], [ 121.5616339, 14.275098 ], [ 121.5617251, 14.2750772 ], [ 121.5618002, 14.2750694 ], [ 121.5618941, 14.2750668 ] ] ] } },
{ "type": "Feature", "properties": { "full_id": "w343236103", "osm_id": "343236103", "osm_type": "way", "highway": "residential", "motor_vehicle": null, "bus_bay": null, "embankment": null, "handrail": null, "tunnel": null, "covered": null, "horse": null, "description": null, "bridge:structure": null, "bridge:name": null, "source_ref": null, "width": null, "motorcycle": null, "service": null, "reg_name": null, "foot": null, "source:name": null, "narrow": null, "source:nat_name": null, "shoulder:surface": null, "overtaking": null, "maxweight": null, "layer": null, "bridge": null, "shoulder:line": null, "shoulder:bicycle": null, "shoulder": null, "junction": null, "railway": null, "is_in": null, "abandoned:railway": null, "sidewalk": null, "lit": null, "razed:railway": null, "old_name": null, "short_name": null, "postal_code": null, "bicycle": null, "access": null, "lanes": null, "surface": null, "maxspeed:type": null, "maxspeed": null, "oneway": "yes", "name:etymology:wikidata": null, "name:etymology": null, "ref": null, "nat_name": null, "name": null, "designation": null, "Road_Class": "Barangay Road" }, "geometry": { "type": "MultiLineString", "coordinates": [ [ [ 121.56096, 14.2810069 ], [ 121.5610908, 14.2808699 ], [ 121.5613791, 14.2806711 ], [ 121.5618391, 14.2804033 ], [ 121.5622039, 14.2801733 ], [ 121.5623729, 14.2800576 ], [ 121.5625633, 14.2798991 ], [ 121.56268, 14.2797938 ], [ 121.5629777, 14.2794988 ] ] ] } },
{ "type": "Feature", "properties": { "full_id": "w343236104", "osm_id": "343236104", "osm_type": "way", "highway": "residential", "motor_vehicle": null, "bus_bay": null, "embankment": null, "handrail": null, "tunnel": null, "covered": null, "horse": null, "description": null, "bridge:structure": null, "bridge:name": null, "source_ref": null, "width": null, "motorcycle": null, "service": null, "reg_name": null, "foot": null, "source:name": null, "narrow": null, "source:nat_name": null, "shoulder:surface": null, "overtaking": null, "maxweight": null, "layer": null, "bridge": null, "shoulder:line": null, "shoulder:bicycle": null, "shoulder": null, "junction": null, "railway": null, "is_in": null, "abandoned:railway": null, "sidewalk": null, "lit": null, "razed:railway": null, "old_name": null, "short_name": null, "postal_code": null, "bicycle": null, "access": null, "lanes": null, "surface": null, "maxspeed:type": null, "maxspeed": null, "oneway": "yes", "name:etymology:wikidata": null, "name:etymology": null, "ref": null, "nat_name": null, "name": null, "designation": null, "Road_Class": "Barangay Road" }, "geometry": { "type": "MultiLineString", "coordinates": [ [ [ 121.5642276, 14.276811 ], [ 121.5641391, 14.2770892 ], [ 121.5640667, 14.2772659 ], [ 121.5639541, 14.2774583 ], [ 121.5637795, 14.2776848 ], [ 121.5635417, 14.278015 ] ] ] } },
{ "type": "Feature", "properties": { "full_id": "w343236106", "osm_id": "343236106", "osm_type": "way", "highway": "residential", "motor_vehicle": null, "bus_bay": null, "embankment": null, "handrail": null, "tunnel": null, "covered": null, "horse": null, "description": null, "bridge:structure": null, "bridge:name": null, "source_ref": null, "width": null, "motorcycle": null, "service": null, "reg_name": null, "foot": null, "source:name": null, "narrow": null, "source:nat_name": null, "shoulder:surface": null, "overtaking": null, "maxweight": null, "layer": null, "bridge": null, "shoulder:line": null, "shoulder:bicycle": null, "shoulder": null, "junction": null, "railway": null, "is_in": null, "abandoned:railway": null, "sidewalk": null, "lit": null, "razed:railway": null, "old_name": null, "short_name": null, "postal_code": null, "bicycle": null, "access": null, "lanes": null, "surface": null, "maxspeed:type": null, "maxspeed": null, "oneway": "yes", "name:etymology:wikidata": null, "name:etymology": null, "ref": null, "nat_name": null, "name": null, "designation": null, "Road_Class": "Barangay Road" }, "geometry": { "type": "MultiLineString", "coordinates": [ [ [ 121.5617466, 14.2782459 ], [ 121.5616634, 14.2786098 ], [ 121.5615749, 14.2788229 ], [ 121.5614355, 14.2790101 ], [ 121.5612222, 14.2791817 ], [ 121.5609044, 14.2793301 ], [ 121.5606227, 14.2794 ] ] ] } },
{ "type": "Feature", "properties": { "full_id": "w343236109", "osm_id": "343236109", "osm_type": "way", "highway": "unclassified", "motor_vehicle": null, "bus_bay": null, "embankment": null, "handrail": null, "tunnel": null, "covered": null, "horse": null, "description": null, "bridge:structure": null, "bridge:name": null, "source_ref": null, "width": null, "motorcycle": null, "service": null, "reg_name": null, "foot": null, "source:name": null, "narrow": null, "source:nat_name": null, "shoulder:surface": null, "overtaking": null, "maxweight": null, "layer": null, "bridge": null, "shoulder:line": null, "shoulder:bicycle": null, "shoulder": null, "junction": null, "railway": null, "is_in": null, "abandoned:railway": null, "sidewalk": null, "lit": null, "razed:railway": null, "old_name": null, "short_name": null, "postal_code": null, "bicycle": null, "access": null, "lanes": null, "surface": "unpaved", "maxspeed:type": null, "maxspeed": null, "oneway": null, "name:etymology:wikidata": null, "name:etymology": null, "ref": null, "nat_name": null, "name": null, "designation": null, "Road_Class": "Barangay Road" }, "geometry": { "type": "MultiLineString", "coordinates": [ [ [ 121.6029668, 14.2798952 ], [ 121.6030271, 14.2798484 ], [ 121.6031237, 14.2798198 ], [ 121.6032256, 14.2798068 ], [ 121.6033334, 14.279846 ], [ 121.6034737, 14.2799211 ], [ 121.6035663, 14.2799549 ], [ 121.6037232, 14.2799627 ], [ 121.6039257, 14.2799783 ], [ 121.6041617, 14.2800108 ], [ 121.6042516, 14.2800121 ], [ 121.6043133, 14.2799965 ], [ 121.6043857, 14.2799341 ], [ 121.6045225, 14.2798055 ], [ 121.6048188, 14.2796339 ], [ 121.6049556, 14.2795793 ], [ 121.6051823, 14.2795416 ], [ 121.6053808, 14.2795403 ], [ 121.6055712, 14.2795715 ], [ 121.6056973, 14.2795975 ], [ 121.6057783, 14.2796537 ], [ 121.6058756, 14.2797223 ], [ 121.6059467, 14.2797639 ], [ 121.6060098, 14.279773 ], [ 121.6060808, 14.2797587 ], [ 121.606126045156842, 14.279740587271089 ] ] ] } },
{ "type": "Feature", "properties": { "full_id": "w343236110", "osm_id": "343236110", "osm_type": "way", "highway": "residential", "motor_vehicle": null, "bus_bay": null, "embankment": null, "handrail": null, "tunnel": null, "covered": null, "horse": null, "description": null, "bridge:structure": null, "bridge:name": null, "source_ref": null, "width": null, "motorcycle": null, "service": null, "reg_name": null, "foot": null, "source:name": null, "narrow": null, "source:nat_name": null, "shoulder:surface": null, "overtaking": null, "maxweight": null, "layer": null, "bridge": null, "shoulder:line": null, "shoulder:bicycle": null, "shoulder": null, "junction": null, "railway": null, "is_in": null, "abandoned:railway": null, "sidewalk": null, "lit": null, "razed:railway": null, "old_name": null, "short_name": null, "postal_code": null, "bicycle": null, "access": null, "lanes": null, "surface": null, "maxspeed:type": null, "maxspeed": null, "oneway": null, "name:etymology:wikidata": null, "name:etymology": null, "ref": null, "nat_name": null, "name": null, "designation": null, "Road_Class": "Barangay Road" }, "geometry": { "type": "MultiLineString", "coordinates": [ [ [ 121.5552853, 14.2765089 ], [ 121.5552837, 14.2758383 ], [ 121.5553347, 14.2756382 ], [ 121.5553974, 14.2755506 ], [ 121.5555064, 14.2755078 ], [ 121.5560167, 14.2754696 ], [ 121.556193, 14.2754539 ], [ 121.5563623, 14.2753865 ], [ 121.5565627, 14.2752826 ] ] ] } },
{ "type": "Feature", "properties": { "full_id": "w343236111", "osm_id": "343236111", "osm_type": "way", "highway": "tertiary", "motor_vehicle": null, "bus_bay": null, "embankment": null, "handrail": null, "tunnel": null, "covered": null, "horse": null, "description": null, "bridge:structure": null, "bridge:name": null, "source_ref": null, "width": null, "motorcycle": null, "service": null, "reg_name": null, "foot": null, "source:name": null, "narrow": null, "source:nat_name": null, "shoulder:surface": null, "overtaking": null, "maxweight": null, "layer": null, "bridge": null, "shoulder:line": null, "shoulder:bicycle": null, "shoulder": null, "junction": null, "railway": null, "is_in": null, "abandoned:railway": null, "sidewalk": null, "lit": null, "razed:railway": null, "old_name": null, "short_name": null, "postal_code": null, "bicycle": null, "access": null, "lanes": null, "surface": null, "maxspeed:type": null, "maxspeed": null, "oneway": null, "name:etymology:wikidata": null, "name:etymology": null, "ref": null, "nat_name": null, "name": null, "designation": null, "Road_Class": "Municipal Road" }, "geometry": { "type": "MultiLineString", "coordinates": [ [ [ 121.5532199, 14.2742012 ], [ 121.5532333, 14.2743156 ], [ 121.5532735, 14.2744118 ], [ 121.5533459, 14.274482 ], [ 121.5534773, 14.274521 ], [ 121.5538099, 14.2745522 ], [ 121.554215, 14.2746327 ], [ 121.5545207, 14.2747263 ], [ 121.5547863, 14.2747757 ], [ 121.555092, 14.2747731 ], [ 121.5554085, 14.2747393 ], [ 121.5558967, 14.2746795 ], [ 121.5560415, 14.2746535 ], [ 121.5562052, 14.274586 ], [ 121.5563607, 14.2744872 ], [ 121.5566987, 14.2742714 ], [ 121.5569776, 14.2741389 ], [ 121.5573049, 14.2740141 ], [ 121.5575302, 14.2739543 ], [ 121.5576321, 14.2739179 ], [ 121.557734, 14.2738555 ], [ 121.5578011, 14.2737749 ], [ 121.5578359, 14.2736684 ], [ 121.5578762, 14.2728677 ], [ 121.5579244, 14.2723219 ], [ 121.5581015, 14.2716824 ], [ 121.5581846, 14.2714875 ], [ 121.5583241, 14.2713315 ], [ 121.5585119, 14.2712067 ], [ 121.5587532, 14.2710663 ], [ 121.5590134, 14.2709884 ], [ 121.5592816, 14.2709416 ], [ 121.559351, 14.2709457 ], [ 121.5595472, 14.2709572 ], [ 121.5597993, 14.2711027 ], [ 121.5600917, 14.2713757 ], [ 121.5602097, 14.2714797 ], [ 121.5603304, 14.2715498 ], [ 121.560486, 14.2715784 ], [ 121.5607059, 14.2715524 ], [ 121.5609527, 14.2715004 ], [ 121.5611619, 14.2714952 ], [ 121.5613657, 14.2715212 ], [ 121.5615937, 14.2715342 ], [ 121.56176, 14.2715134 ], [ 121.5619022, 14.2714745 ], [ 121.5620819, 14.2713783 ], [ 121.562283, 14.2712587 ], [ 121.5623689, 14.2711833 ], [ 121.5624359, 14.2710793 ], [ 121.5624815, 14.2709156 ], [ 121.5625352, 14.2706972 ], [ 121.5625861, 14.2705672 ], [ 121.5626478, 14.2704659 ], [ 121.5627283, 14.2703905 ], [ 121.5628731, 14.2703411 ], [ 121.5630689, 14.2703411 ], [ 121.5632406, 14.2703333 ], [ 121.5640345, 14.2701903 ], [ 121.5645978, 14.2701019 ], [ 121.5650806, 14.2700344 ], [ 121.5652522, 14.2700214 ], [ 121.5654212, 14.2699798 ], [ 121.5655339, 14.2699252 ], [ 121.5656224, 14.269829 ], [ 121.5656841, 14.2696522 ], [ 121.565696395513385, 14.269604539255754 ] ], [ [ 121.567030571913136, 14.26947596728659 ], [ 121.5675348, 14.2695925 ], [ 121.5683287, 14.2696652 ], [ 121.5685138, 14.26966 ], [ 121.568664, 14.2696236 ], [ 121.5688089, 14.2695561 ], [ 121.568951, 14.2694105 ], [ 121.569050528513159, 14.269282228165734 ] ] ] } },
{ "type": "Feature", "properties": { "full_id": "w343333789", "osm_id": "343333789", "osm_type": "way", "highway": "path", "motor_vehicle": null, "bus_bay": null, "embankment": null, "handrail": null, "tunnel": null, "covered": null, "horse": null, "description": null, "bridge:structure": null, "bridge:name": null, "source_ref": null, "width": null, "motorcycle": null, "service": null, "reg_name": null, "foot": null, "source:name": null, "narrow": null, "source:nat_name": null, "shoulder:surface": null, "overtaking": null, "maxweight": null, "layer": null, "bridge": null, "shoulder:line": null, "shoulder:bicycle": null, "shoulder": null, "junction": null, "railway": null, "is_in": null, "abandoned:railway": null, "sidewalk": null, "lit": null, "razed:railway": null, "old_name": null, "short_name": null, "postal_code": null, "bicycle": null, "access": null, "lanes": null, "surface": null, "maxspeed:type": null, "maxspeed": null, "oneway": null, "name:etymology:wikidata": null, "name:etymology": null, "ref": null, "nat_name": null, "name": null, "designation": null, "Road_Class": "Other" }, "geometry": { "type": "MultiLineString", "coordinates": [ [ [ 121.575518, 14.2918292 ], [ 121.5754637, 14.2921494 ], [ 121.5754048, 14.2924583 ], [ 121.5754714, 14.2925733 ], [ 121.5754957, 14.2927211 ], [ 121.5754887, 14.2928287 ], [ 121.5755546, 14.2931413 ], [ 121.5755893, 14.2932791 ], [ 121.5754367, 14.2934101 ], [ 121.5753847, 14.2935042 ], [ 121.575024, 14.293726 ] ] ] } },
{ "type": "Feature", "properties": { "full_id": "w343333790", "osm_id": "343333790", "osm_type": "way", "highway": "path", "motor_vehicle": null, "bus_bay": null, "embankment": null, "handrail": null, "tunnel": null, "covered": null, "horse": null, "description": null, "bridge:structure": null, "bridge:name": null, "source_ref": null, "width": null, "motorcycle": null, "service": null, "reg_name": null, "foot": null, "source:name": null, "narrow": null, "source:nat_name": null, "shoulder:surface": null, "overtaking": null, "maxweight": null, "layer": null, "bridge": null, "shoulder:line": null, "shoulder:bicycle": null, "shoulder": null, "junction": null, "railway": null, "is_in": null, "abandoned:railway": null, "sidewalk": null, "lit": null, "razed:railway": null, "old_name": null, "short_name": null, "postal_code": null, "bicycle": null, "access": null, "lanes": null, "surface": null, "maxspeed:type": null, "maxspeed": null, "oneway": null, "name:etymology:wikidata": null, "name:etymology": null, "ref": null, "nat_name": null, "name": null, "designation": null, "Road_Class": "Other" }, "geometry": { "type": "MultiLineString", "coordinates": [ [ [ 121.5745128, 14.2883264 ], [ 121.5749919, 14.2883153 ], [ 121.5752577, 14.2883703 ], [ 121.5760719, 14.2882491 ], [ 121.5763368, 14.2883608 ], [ 121.5764746, 14.2883237 ], [ 121.5766185, 14.2882296 ], [ 121.576749, 14.2882113 ], [ 121.5771591, 14.2882579 ], [ 121.5774643, 14.2881268 ], [ 121.5776655, 14.287905 ], [ 121.5777938, 14.2876126 ], [ 121.5783036, 14.2871992 ], [ 121.5786504, 14.287021 ] ] ] } },
{ "type": "Feature", "properties": { "full_id": "w343333791", "osm_id": "343333791", "osm_type": "way", "highway": "path", "motor_vehicle": null, "bus_bay": null, "embankment": null, "handrail": null, "tunnel": null, "covered": null, "horse": null, "description": null, "bridge:structure": null, "bridge:name": null, "source_ref": null, "width": null, "motorcycle": null, "service": null, "reg_name": null, "foot": null, "source:name": null, "narrow": null, "source:nat_name": null, "shoulder:surface": null, "overtaking": null, "maxweight": null, "layer": null, "bridge": null, "shoulder:line": null, "shoulder:bicycle": null, "shoulder": null, "junction": null, "railway": null, "is_in": null, "abandoned:railway": null, "sidewalk": null, "lit": null, "razed:railway": null, "old_name": null, "short_name": null, "postal_code": null, "bicycle": null, "access": null, "lanes": null, "surface": null, "maxspeed:type": null, "maxspeed": null, "oneway": null, "name:etymology:wikidata": null, "name:etymology": null, "ref": null, "nat_name": null, "name": null, "designation": null, "Road_Class": "Other" }, "geometry": { "type": "MultiLineString", "coordinates": [ [ [ 121.5854303, 14.2915168 ], [ 121.5851925, 14.2916123 ], [ 121.5848516, 14.2915766 ], [ 121.5843464, 14.2916574 ], [ 121.5841109, 14.291686 ], [ 121.5838829, 14.2916479 ], [ 121.5837063, 14.2917216 ], [ 121.5836106, 14.291869 ], [ 121.5833507, 14.291926 ], [ 121.5829632, 14.2921636 ], [ 121.5827817, 14.2921589 ], [ 121.5822643, 14.2920686 ], [ 121.5819185, 14.2919189 ], [ 121.581764, 14.2919117 ], [ 121.5816414, 14.2919973 ], [ 121.5813274, 14.2919807 ], [ 121.5810969, 14.2918428 ], [ 121.5809375, 14.2919094 ], [ 121.5805991, 14.2919759 ], [ 121.5800277, 14.2919022 ], [ 121.5798143, 14.2918903 ], [ 121.579574, 14.2917858 ], [ 121.5793974, 14.2918757 ], [ 121.579184, 14.2917806 ], [ 121.578978, 14.2917806 ], [ 121.5787573, 14.2918281 ], [ 121.5786518, 14.2917901 ], [ 121.5781565, 14.2916238 ], [ 121.5779406, 14.2915097 ], [ 121.5777126, 14.2915002 ], [ 121.5775679, 14.2914028 ], [ 121.5774477, 14.2912435 ], [ 121.5772883, 14.2912839 ], [ 121.5771313, 14.291398 ], [ 121.5769425, 14.2914336 ], [ 121.5764716, 14.2913053 ], [ 121.576219, 14.2914408 ], [ 121.5760989, 14.291657 ], [ 121.5759248, 14.2917735 ], [ 121.575807, 14.291783 ], [ 121.5757212, 14.2917283 ], [ 121.575518, 14.2918292 ] ] ] } },
{ "type": "Feature", "properties": { "full_id": "w343333792", "osm_id": "343333792", "osm_type": "way", "highway": "track", "motor_vehicle": null, "bus_bay": null, "embankment": null, "handrail": null, "tunnel": null, "covered": null, "horse": null, "description": null, "bridge:structure": null, "bridge:name": null, "source_ref": null, "width": null, "motorcycle": null, "service": null, "reg_name": null, "foot": null, "source:name": null, "narrow": null, "source:nat_name": null, "shoulder:surface": null, "overtaking": null, "maxweight": null, "layer": null, "bridge": null, "shoulder:line": null, "shoulder:bicycle": null, "shoulder": null, "junction": null, "railway": null, "is_in": null, "abandoned:railway": null, "sidewalk": null, "lit": null, "razed:railway": null, "old_name": null, "short_name": null, "postal_code": null, "bicycle": null, "access": null, "lanes": null, "surface": null, "maxspeed:type": null, "maxspeed": null, "oneway": null, "name:etymology:wikidata": null, "name:etymology": null, "ref": null, "nat_name": null, "name": null, "designation": null, "Road_Class": "Other" }, "geometry": { "type": "MultiLineString", "coordinates": [ [ [ 121.5733525, 14.2883117 ], [ 121.573487, 14.288318 ], [ 121.5737617, 14.2883774 ], [ 121.5740315, 14.2882562 ], [ 121.5745128, 14.2883264 ] ] ] } },
{ "type": "Feature", "properties": { "full_id": "w343333793", "osm_id": "343333793", "osm_type": "way", "highway": "track", "motor_vehicle": null, "bus_bay": null, "embankment": null, "handrail": null, "tunnel": null, "covered": null, "horse": null, "description": null, "bridge:structure": null, "bridge:name": null, "source_ref": null, "width": null, "motorcycle": null, "service": null, "reg_name": null, "foot": null, "source:name": null, "narrow": null, "source:nat_name": null, "shoulder:surface": null, "overtaking": null, "maxweight": null, "layer": null, "bridge": null, "shoulder:line": null, "shoulder:bicycle": null, "shoulder": null, "junction": null, "railway": null, "is_in": null, "abandoned:railway": null, "sidewalk": null, "lit": null, "razed:railway": null, "old_name": null, "short_name": null, "postal_code": null, "bicycle": null, "access": null, "lanes": null, "surface": null, "maxspeed:type": null, "maxspeed": null, "oneway": null, "name:etymology:wikidata": null, "name:etymology": null, "ref": null, "nat_name": null, "name": null, "designation": null, "Road_Class": "Other" }, "geometry": { "type": "MultiLineString", "coordinates": [ [ [ 121.5635955, 14.2810092 ], [ 121.5640327, 14.2814708 ], [ 121.5642512, 14.2815951 ], [ 121.5644732, 14.2815346 ], [ 121.5647125, 14.2815615 ], [ 121.5651876, 14.2819279 ], [ 121.5652847, 14.2822136 ], [ 121.5653506, 14.2825161 ], [ 121.565395, 14.2826269 ], [ 121.5659274, 14.2830218 ], [ 121.5660834, 14.2830638 ], [ 121.5663499, 14.2832553 ], [ 121.5666522, 14.2832571 ], [ 121.5668534, 14.283205 ], [ 121.5671048, 14.2832083 ], [ 121.5673806, 14.283368 ], [ 121.5675817, 14.2834218 ], [ 121.567795, 14.2835444 ], [ 121.5680413, 14.2835932 ], [ 121.5682025, 14.2835528 ], [ 121.5683742, 14.2834705 ], [ 121.568695, 14.2833966 ], [ 121.5690921, 14.2836066 ], [ 121.5694976, 14.2840174 ], [ 121.5696922, 14.2844889 ], [ 121.5699939, 14.2846032 ], [ 121.5701777, 14.2848737 ], [ 121.5700858, 14.2850787 ], [ 121.5699384, 14.2852972 ], [ 121.5698985, 14.2854921 ], [ 121.5699471, 14.2856568 ], [ 121.5700196, 14.2857013 ], [ 121.5703667, 14.2857661 ], [ 121.5707205, 14.2857644 ], [ 121.5711835, 14.2861812 ], [ 121.5714679, 14.2863274 ], [ 121.5717772, 14.2863808 ], [ 121.5723604, 14.2867606 ], [ 121.5725736, 14.2869909 ], [ 121.5727415, 14.2870941 ], [ 121.5727765, 14.2871942 ], [ 121.5727991, 14.2874345 ], [ 121.5728945, 14.2876513 ], [ 121.5728422, 14.2879898 ], [ 121.5729205, 14.2881101 ], [ 121.5730824, 14.2882538 ], [ 121.5733525, 14.2883117 ], [ 121.5735263, 14.2885533 ], [ 121.5734945, 14.2887335 ], [ 121.5734257, 14.2888884 ], [ 121.5734268, 14.2893596 ], [ 121.5735876, 14.2895493 ], [ 121.5737577, 14.2896842 ], [ 121.5740898, 14.2898682 ], [ 121.5742169, 14.2900789 ], [ 121.5744014, 14.2903182 ], [ 121.574598, 14.2904569 ], [ 121.5746887, 14.2906328 ], [ 121.5746691, 14.2908157 ], [ 121.5747167, 14.2912839 ], [ 121.5748315, 14.2914475 ], [ 121.5749546, 14.2916086 ], [ 121.575518, 14.2918292 ] ] ] } },
{ "type": "Feature", "properties": { "full_id": "w371578900", "osm_id": "371578900", "osm_type": "way", "highway": "residential", "motor_vehicle": null, "bus_bay": null, "embankment": null, "handrail": null, "tunnel": null, "covered": null, "horse": null, "description": null, "bridge:structure": null, "bridge:name": null, "source_ref": null, "width": null, "motorcycle": null, "service": null, "reg_name": null, "foot": null, "source:name": null, "narrow": null, "source:nat_name": null, "shoulder:surface": null, "overtaking": null, "maxweight": null, "layer": null, "bridge": null, "shoulder:line": null, "shoulder:bicycle": null, "shoulder": null, "junction": null, "railway": null, "is_in": null, "abandoned:railway": null, "sidewalk": null, "lit": null, "razed:railway": null, "old_name": null, "short_name": null, "postal_code": null, "bicycle": null, "access": null, "lanes": null, "surface": null, "maxspeed:type": null, "maxspeed": null, "oneway": "yes", "name:etymology:wikidata": null, "name:etymology": null, "ref": null, "nat_name": null, "name": null, "designation": null, "Road_Class": "Barangay Road" }, "geometry": { "type": "MultiLineString", "coordinates": [ [ [ 121.5566531, 14.2820435 ], [ 121.5567818, 14.2820058 ], [ 121.556983, 14.2820084 ], [ 121.5572378, 14.2820461 ], [ 121.5574953, 14.2821215 ], [ 121.557844, 14.2822839 ], [ 121.5580586, 14.2824321 ], [ 121.5582477, 14.2826166 ], [ 121.5583456, 14.2827323 ], [ 121.558371, 14.282835 ] ] ] } },
{ "type": "Feature", "properties": { "full_id": "w371578903", "osm_id": "371578903", "osm_type": "way", "highway": "residential", "motor_vehicle": null, "bus_bay": null, "embankment": null, "handrail": null, "tunnel": null, "covered": null, "horse": null, "description": null, "bridge:structure": null, "bridge:name": null, "source_ref": null, "width": null, "motorcycle": null, "service": null, "reg_name": null, "foot": null, "source:name": null, "narrow": null, "source:nat_name": null, "shoulder:surface": null, "overtaking": null, "maxweight": null, "layer": null, "bridge": null, "shoulder:line": null, "shoulder:bicycle": null, "shoulder": null, "junction": null, "railway": null, "is_in": null, "abandoned:railway": null, "sidewalk": null, "lit": null, "razed:railway": null, "old_name": null, "short_name": null, "postal_code": null, "bicycle": null, "access": null, "lanes": null, "surface": null, "maxspeed:type": null, "maxspeed": null, "oneway": null, "name:etymology:wikidata": null, "name:etymology": null, "ref": null, "nat_name": null, "name": null, "designation": null, "Road_Class": "Barangay Road" }, "geometry": { "type": "MultiLineString", "coordinates": [ [ [ 121.558371, 14.282835 ], [ 121.5585709, 14.2831612 ], [ 121.5587908, 14.283824 ], [ 121.5588813, 14.2842009 ], [ 121.5589918, 14.2846324 ], [ 121.5591023, 14.285002 ], [ 121.5591445, 14.2851261 ], [ 121.5592012, 14.2852406 ], [ 121.5592897, 14.2853524 ], [ 121.5594274, 14.2854608 ], [ 121.5596706, 14.2856305 ], [ 121.5598637, 14.2858021 ], [ 121.5600018, 14.2860074 ] ] ] } },
{ "type": "Feature", "properties": { "full_id": "w371578906", "osm_id": "371578906", "osm_type": "way", "highway": "residential", "motor_vehicle": null, "bus_bay": null, "embankment": null, "handrail": null, "tunnel": null, "covered": null, "horse": null, "description": null, "bridge:structure": null, "bridge:name": null, "source_ref": null, "width": null, "motorcycle": null, "service": null, "reg_name": null, "foot": null, "source:name": null, "narrow": null, "source:nat_name": null, "shoulder:surface": null, "overtaking": null, "maxweight": null, "layer": null, "bridge": null, "shoulder:line": null, "shoulder:bicycle": null, "shoulder": null, "junction": null, "railway": null, "is_in": null, "abandoned:railway": null, "sidewalk": null, "lit": null, "razed:railway": null, "old_name": null, "short_name": null, "postal_code": null, "bicycle": null, "access": null, "lanes": null, "surface": null, "maxspeed:type": null, "maxspeed": null, "oneway": null, "name:etymology:wikidata": null, "name:etymology": null, "ref": null, "nat_name": null, "name": null, "designation": null, "Road_Class": "Barangay Road" }, "geometry": { "type": "MultiLineString", "coordinates": [ [ [ 121.558371, 14.282835 ], [ 121.5589665, 14.282475 ] ] ] } },
{ "type": "Feature", "properties": { "full_id": "w371578907", "osm_id": "371578907", "osm_type": "way", "highway": "residential", "motor_vehicle": null, "bus_bay": null, "embankment": null, "handrail": null, "tunnel": null, "covered": null, "horse": null, "description": null, "bridge:structure": null, "bridge:name": null, "source_ref": null, "width": null, "motorcycle": null, "service": null, "reg_name": null, "foot": null, "source:name": null, "narrow": null, "source:nat_name": null, "shoulder:surface": null, "overtaking": null, "maxweight": null, "layer": null, "bridge": null, "shoulder:line": null, "shoulder:bicycle": null, "shoulder": null, "junction": null, "railway": null, "is_in": null, "abandoned:railway": null, "sidewalk": null, "lit": null, "razed:railway": null, "old_name": null, "short_name": null, "postal_code": null, "bicycle": null, "access": null, "lanes": null, "surface": null, "maxspeed:type": null, "maxspeed": null, "oneway": "yes", "name:etymology:wikidata": null, "name:etymology": null, "ref": null, "nat_name": null, "name": null, "designation": null, "Road_Class": "Barangay Road" }, "geometry": { "type": "MultiLineString", "coordinates": [ [ [ 121.558371, 14.282835 ], [ 121.5582705, 14.2828155 ], [ 121.5581498, 14.2827154 ], [ 121.5579754, 14.2825712 ], [ 121.5577649, 14.2824321 ], [ 121.5574349, 14.2822696 ], [ 121.5571962, 14.2821917 ], [ 121.5569669, 14.2821319 ], [ 121.5567845, 14.2820929 ], [ 121.5566531, 14.2820435 ] ] ] } },
{ "type": "Feature", "properties": { "full_id": "w371578910", "osm_id": "371578910", "osm_type": "way", "highway": "residential", "motor_vehicle": null, "bus_bay": null, "embankment": null, "handrail": null, "tunnel": null, "covered": null, "horse": null, "description": null, "bridge:structure": null, "bridge:name": null, "source_ref": null, "width": null, "motorcycle": null, "service": null, "reg_name": null, "foot": null, "source:name": null, "narrow": null, "source:nat_name": null, "shoulder:surface": null, "overtaking": null, "maxweight": null, "layer": null, "bridge": null, "shoulder:line": null, "shoulder:bicycle": null, "shoulder": null, "junction": null, "railway": null, "is_in": null, "abandoned:railway": null, "sidewalk": null, "lit": null, "razed:railway": null, "old_name": null, "short_name": null, "postal_code": null, "bicycle": null, "access": null, "lanes": null, "surface": null, "maxspeed:type": null, "maxspeed": null, "oneway": null, "name:etymology:wikidata": null, "name:etymology": null, "ref": null, "nat_name": null, "name": null, "designation": null, "Road_Class": "Barangay Road" }, "geometry": { "type": "MultiLineString", "coordinates": [ [ [ 121.5592012, 14.2852406 ], [ 121.5591207, 14.2853342 ], [ 121.5590215, 14.2853628 ], [ 121.5589276, 14.2853706 ], [ 121.5586486, 14.2853134 ], [ 121.5584019, 14.2852406 ], [ 121.5583697, 14.2852094 ], [ 121.5583536, 14.2851678 ], [ 121.5583482, 14.2851185 ], [ 121.5584233, 14.2848767 ], [ 121.5585896, 14.2844167 ], [ 121.5586218, 14.2843491 ], [ 121.5586647, 14.2843075 ], [ 121.5587237, 14.2842815 ], [ 121.5588813, 14.2842009 ] ] ] } },
{ "type": "Feature", "properties": { "full_id": "w728196818", "osm_id": "728196818", "osm_type": "way", "highway": "path", "motor_vehicle": null, "bus_bay": null, "embankment": null, "handrail": null, "tunnel": null, "covered": null, "horse": null, "description": null, "bridge:structure": null, "bridge:name": null, "source_ref": null, "width": null, "motorcycle": null, "service": null, "reg_name": null, "foot": null, "source:name": null, "narrow": null, "source:nat_name": null, "shoulder:surface": null, "overtaking": null, "maxweight": null, "layer": null, "bridge": null, "shoulder:line": null, "shoulder:bicycle": null, "shoulder": null, "junction": null, "railway": null, "is_in": null, "abandoned:railway": null, "sidewalk": null, "lit": null, "razed:railway": null, "old_name": null, "short_name": null, "postal_code": null, "bicycle": null, "access": null, "lanes": null, "surface": null, "maxspeed:type": null, "maxspeed": null, "oneway": null, "name:etymology:wikidata": null, "name:etymology": null, "ref": null, "nat_name": null, "name": null, "designation": null, "Road_Class": "Other" }, "geometry": { "type": "MultiLineString", "coordinates": [ [ [ 121.5127695, 14.3160516 ], [ 121.5128718, 14.3157555 ], [ 121.5128447, 14.3153534 ], [ 121.5127906, 14.3150387 ], [ 121.5128808, 14.3148026 ], [ 121.515858, 14.3137274 ], [ 121.516246, 14.3134914 ], [ 121.5167646, 14.3134787 ] ] ] } },
{ "type": "Feature", "properties": { "full_id": "w728196819", "osm_id": "728196819", "osm_type": "way", "highway": "path", "motor_vehicle": null, "bus_bay": null, "embankment": null, "handrail": null, "tunnel": null, "covered": null, "horse": null, "description": null, "bridge:structure": null, "bridge:name": null, "source_ref": null, "width": null, "motorcycle": null, "service": null, "reg_name": null, "foot": null, "source:name": null, "narrow": null, "source:nat_name": null, "shoulder:surface": null, "overtaking": null, "maxweight": null, "layer": null, "bridge": null, "shoulder:line": null, "shoulder:bicycle": null, "shoulder": null, "junction": null, "railway": null, "is_in": null, "abandoned:railway": null, "sidewalk": null, "lit": null, "razed:railway": null, "old_name": null, "short_name": null, "postal_code": null, "bicycle": null, "access": null, "lanes": null, "surface": null, "maxspeed:type": null, "maxspeed": null, "oneway": null, "name:etymology:wikidata": null, "name:etymology": null, "ref": null, "nat_name": null, "name": null, "designation": null, "Road_Class": "Other" }, "geometry": { "type": "MultiLineString", "coordinates": [ [ [ 121.516719, 14.3129758 ], [ 121.5159843, 14.3131767 ], [ 121.5155874, 14.3133952 ], [ 121.5153348, 14.3134214 ], [ 121.5151724, 14.3133253 ], [ 121.5151904, 14.3131417 ], [ 121.5152626, 14.3130106 ], [ 121.5158219, 14.3127221 ], [ 121.5159482, 14.3125822 ], [ 121.5159212, 14.3124336 ], [ 121.5158039, 14.3123637 ], [ 121.5156144, 14.31232 ], [ 121.5152265, 14.3121714 ], [ 121.515052, 14.3117503 ] ] ] } },
{ "type": "Feature", "properties": { "full_id": "w728196820", "osm_id": "728196820", "osm_type": "way", "highway": "path", "motor_vehicle": null, "bus_bay": null, "embankment": null, "handrail": null, "tunnel": null, "covered": null, "horse": null, "description": null, "bridge:structure": null, "bridge:name": null, "source_ref": null, "width": null, "motorcycle": null, "service": null, "reg_name": null, "foot": null, "source:name": null, "narrow": null, "source:nat_name": null, "shoulder:surface": null, "overtaking": null, "maxweight": null, "layer": null, "bridge": null, "shoulder:line": null, "shoulder:bicycle": null, "shoulder": null, "junction": null, "railway": null, "is_in": null, "abandoned:railway": null, "sidewalk": null, "lit": null, "razed:railway": null, "old_name": null, "short_name": null, "postal_code": null, "bicycle": null, "access": null, "lanes": null, "surface": null, "maxspeed:type": null, "maxspeed": null, "oneway": null, "name:etymology:wikidata": null, "name:etymology": null, "ref": null, "nat_name": null, "name": null, "designation": null, "Road_Class": "Other" }, "geometry": { "type": "MultiLineString", "coordinates": [ [ [ 121.5158553, 14.3143597 ], [ 121.5154791, 14.3143655 ], [ 121.5139995, 14.3148813 ], [ 121.5138822, 14.3151348 ], [ 121.5141106, 14.3158593 ] ] ] } },
{ "type": "Feature", "properties": { "full_id": "w728196821", "osm_id": "728196821", "osm_type": "way", "highway": "path", "motor_vehicle": null, "bus_bay": null, "embankment": null, "handrail": null, "tunnel": null, "covered": null, "horse": null, "description": null, "bridge:structure": null, "bridge:name": null, "source_ref": null, "width": null, "motorcycle": null, "service": null, "reg_name": null, "foot": null, "source:name": null, "narrow": null, "source:nat_name": null, "shoulder:surface": null, "overtaking": null, "maxweight": null, "layer": null, "bridge": null, "shoulder:line": null, "shoulder:bicycle": null, "shoulder": null, "junction": null, "railway": null, "is_in": null, "abandoned:railway": null, "sidewalk": null, "lit": null, "razed:railway": null, "old_name": null, "short_name": null, "postal_code": null, "bicycle": null, "access": null, "lanes": null, "surface": null, "maxspeed:type": null, "maxspeed": null, "oneway": null, "name:etymology:wikidata": null, "name:etymology": null, "ref": null, "nat_name": null, "name": null, "designation": null, "Road_Class": "Other" }, "geometry": { "type": "MultiLineString", "coordinates": [ [ [ 121.5065341, 14.3176141 ], [ 121.5064934, 14.3179671 ], [ 121.5065475, 14.3182469 ], [ 121.5067009, 14.3184304 ], [ 121.5068993, 14.3184129 ], [ 121.5070978, 14.3184741 ], [ 121.5072422, 14.318649 ], [ 121.5073143, 14.3189549 ], [ 121.507296043118956, 14.319061297045609 ] ], [ [ 121.509674592591224, 14.319180496508947 ], [ 121.5097502, 14.3189549 ], [ 121.5099848, 14.3184654 ], [ 121.5102825, 14.3183168 ], [ 121.5111486, 14.3180895 ], [ 121.512123, 14.3176087 ], [ 121.512529, 14.3175126 ], [ 121.5126192, 14.317329 ], [ 121.5127635, 14.317023 ], [ 121.5129981, 14.3169006 ], [ 121.5132868, 14.3167783 ], [ 121.5134582, 14.3167171 ], [ 121.513487, 14.3164551 ] ] ] } },
{ "type": "Feature", "properties": { "full_id": "w728196822", "osm_id": "728196822", "osm_type": "way", "highway": "path", "motor_vehicle": null, "bus_bay": null, "embankment": null, "handrail": null, "tunnel": null, "covered": null, "horse": null, "description": null, "bridge:structure": null, "bridge:name": null, "source_ref": null, "width": null, "motorcycle": null, "service": null, "reg_name": null, "foot": null, "source:name": null, "narrow": null, "source:nat_name": null, "shoulder:surface": null, "overtaking": null, "maxweight": null, "layer": null, "bridge": null, "shoulder:line": null, "shoulder:bicycle": null, "shoulder": null, "junction": null, "railway": null, "is_in": null, "abandoned:railway": null, "sidewalk": null, "lit": null, "razed:railway": null, "old_name": null, "short_name": null, "postal_code": null, "bicycle": null, "access": null, "lanes": null, "surface": null, "maxspeed:type": null, "maxspeed": null, "oneway": null, "name:etymology:wikidata": null, "name:etymology": null, "ref": null, "nat_name": null, "name": null, "designation": null, "Road_Class": "Other" }, "geometry": { "type": "MultiLineString", "coordinates": [ [ [ 121.5134582, 14.3167171 ], [ 121.5136477, 14.3172416 ], [ 121.513765, 14.3175825 ] ] ] } },
{ "type": "Feature", "properties": { "full_id": "w728196823", "osm_id": "728196823", "osm_type": "way", "highway": "path", "motor_vehicle": null, "bus_bay": null, "embankment": null, "handrail": null, "tunnel": null, "covered": null, "horse": null, "description": null, "bridge:structure": null, "bridge:name": null, "source_ref": null, "width": null, "motorcycle": null, "service": null, "reg_name": null, "foot": null, "source:name": null, "narrow": null, "source:nat_name": null, "shoulder:surface": null, "overtaking": null, "maxweight": null, "layer": null, "bridge": null, "shoulder:line": null, "shoulder:bicycle": null, "shoulder": null, "junction": null, "railway": null, "is_in": null, "abandoned:railway": null, "sidewalk": null, "lit": null, "razed:railway": null, "old_name": null, "short_name": null, "postal_code": null, "bicycle": null, "access": null, "lanes": null, "surface": null, "maxspeed:type": null, "maxspeed": null, "oneway": null, "name:etymology:wikidata": null, "name:etymology": null, "ref": null, "nat_name": null, "name": null, "designation": null, "Road_Class": "Other" }, "geometry": { "type": "MultiLineString", "coordinates": [ [ [ 121.5136477, 14.3172416 ], [ 121.5144055, 14.3166646 ], [ 121.5151814, 14.3161226 ], [ 121.5158851, 14.3158254 ], [ 121.5163903, 14.3157817 ], [ 121.5168053, 14.3157293 ], [ 121.5168053, 14.3153097 ], [ 121.5167331, 14.3151785 ], [ 121.516094, 14.315155 ] ] ] } },
{ "type": "Feature", "properties": { "full_id": "w728196824", "osm_id": "728196824", "osm_type": "way", "highway": "path", "motor_vehicle": null, "bus_bay": null, "embankment": null, "handrail": null, "tunnel": null, "covered": null, "horse": null, "description": null, "bridge:structure": null, "bridge:name": null, "source_ref": null, "width": null, "motorcycle": null, "service": null, "reg_name": null, "foot": null, "source:name": null, "narrow": null, "source:nat_name": null, "shoulder:surface": null, "overtaking": null, "maxweight": null, "layer": null, "bridge": null, "shoulder:line": null, "shoulder:bicycle": null, "shoulder": null, "junction": null, "railway": null, "is_in": null, "abandoned:railway": null, "sidewalk": null, "lit": null, "razed:railway": null, "old_name": null, "short_name": null, "postal_code": null, "bicycle": null, "access": null, "lanes": null, "surface": null, "maxspeed:type": null, "maxspeed": null, "oneway": null, "name:etymology:wikidata": null, "name:etymology": null, "ref": null, "nat_name": null, "name": null, "designation": null, "Road_Class": "Other" }, "geometry": { "type": "MultiLineString", "coordinates": [ [ [ 121.4950977, 14.2970605 ], [ 121.4945321, 14.2967289 ], [ 121.4942641, 14.2965126 ], [ 121.4940249, 14.2964786 ], [ 121.4939547, 14.2964786 ] ] ] } },
{ "type": "Feature", "properties": { "full_id": "w865315605", "osm_id": "865315605", "osm_type": "way", "highway": "path", "motor_vehicle": null, "bus_bay": null, "embankment": null, "handrail": null, "tunnel": null, "covered": null, "horse": null, "description": null, "bridge:structure": null, "bridge:name": null, "source_ref": null, "width": null, "motorcycle": null, "service": null, "reg_name": null, "foot": null, "source:name": null, "narrow": null, "source:nat_name": null, "shoulder:surface": null, "overtaking": null, "maxweight": null, "layer": null, "bridge": null, "shoulder:line": null, "shoulder:bicycle": null, "shoulder": null, "junction": null, "railway": null, "is_in": null, "abandoned:railway": null, "sidewalk": null, "lit": null, "razed:railway": null, "old_name": null, "short_name": null, "postal_code": null, "bicycle": null, "access": null, "lanes": null, "surface": null, "maxspeed:type": null, "maxspeed": null, "oneway": null, "name:etymology:wikidata": null, "name:etymology": null, "ref": null, "nat_name": null, "name": null, "designation": null, "Road_Class": "Other" }, "geometry": { "type": "MultiLineString", "coordinates": [ [ [ 121.5654212, 14.2699798 ], [ 121.5655186, 14.2701489 ], [ 121.5658211, 14.2703622 ], [ 121.5668203, 14.2703355 ], [ 121.567297, 14.2703622 ], [ 121.5674895, 14.2705221 ], [ 121.5681586, 14.2707619 ], [ 121.5684153, 14.2707619 ], [ 121.568892, 14.2704776 ], [ 121.5691303, 14.2704688 ], [ 121.5695611, 14.2706642 ], [ 121.5698545, 14.2705576 ], [ 121.5701111, 14.2702644 ], [ 121.5705878, 14.2700512 ], [ 121.5709362, 14.2699268 ], [ 121.5710828, 14.2699002 ], [ 121.5712753, 14.2697669 ], [ 121.5714403, 14.2697403 ], [ 121.5717245, 14.269918 ], [ 121.5718895, 14.2699268 ], [ 121.5725037, 14.2695981 ], [ 121.5728428, 14.269456 ], [ 121.5731362, 14.269607 ], [ 121.5739153, 14.2697936 ], [ 121.574227, 14.2699002 ], [ 121.5744654, 14.2701934 ], [ 121.5747587, 14.2703177 ], [ 121.5752629, 14.2706464 ], [ 121.5753637, 14.2706464 ], [ 121.575987, 14.270451 ], [ 121.5767754, 14.2703266 ], [ 121.5769129, 14.2704066 ], [ 121.5772062, 14.2707886 ], [ 121.5774537, 14.2709485 ], [ 121.5781229, 14.2709751 ], [ 121.5782145, 14.2708508 ], [ 121.5783429, 14.2706642 ], [ 121.5786087, 14.2704954 ], [ 121.5788929, 14.2704776 ] ] ] } },
{ "type": "Feature", "properties": { "full_id": "w870301105", "osm_id": "870301105", "osm_type": "way", "highway": "residential", "motor_vehicle": null, "bus_bay": null, "embankment": null, "handrail": null, "tunnel": null, "covered": null, "horse": null, "description": null, "bridge:structure": null, "bridge:name": null, "source_ref": null, "width": null, "motorcycle": null, "service": null, "reg_name": null, "foot": null, "source:name": null, "narrow": null, "source:nat_name": null, "shoulder:surface": null, "overtaking": null, "maxweight": null, "layer": null, "bridge": null, "shoulder:line": null, "shoulder:bicycle": null, "shoulder": null, "junction": null, "railway": null, "is_in": null, "abandoned:railway": null, "sidewalk": null, "lit": null, "razed:railway": null, "old_name": null, "short_name": null, "postal_code": null, "bicycle": null, "access": null, "lanes": null, "surface": null, "maxspeed:type": null, "maxspeed": null, "oneway": null, "name:etymology:wikidata": null, "name:etymology": null, "ref": null, "nat_name": null, "name": null, "designation": null, "Road_Class": "Barangay Road" }, "geometry": { "type": "MultiLineString", "coordinates": [ [ [ 121.5498832, 14.2877697 ], [ 121.5503767, 14.2875566 ], [ 121.5508622, 14.2874786 ] ] ] } },
{ "type": "Feature", "properties": { "full_id": "w870301106", "osm_id": "870301106", "osm_type": "way", "highway": "residential", "motor_vehicle": null, "bus_bay": null, "embankment": null, "handrail": null, "tunnel": null, "covered": null, "horse": null, "description": null, "bridge:structure": null, "bridge:name": null, "source_ref": null, "width": null, "motorcycle": null, "service": null, "reg_name": null, "foot": null, "source:name": null, "narrow": null, "source:nat_name": null, "shoulder:surface": null, "overtaking": null, "maxweight": null, "layer": null, "bridge": null, "shoulder:line": null, "shoulder:bicycle": null, "shoulder": null, "junction": null, "railway": null, "is_in": null, "abandoned:railway": null, "sidewalk": null, "lit": null, "razed:railway": null, "old_name": null, "short_name": null, "postal_code": null, "bicycle": null, "access": null, "lanes": null, "surface": null, "maxspeed:type": null, "maxspeed": null, "oneway": null, "name:etymology:wikidata": null, "name:etymology": null, "ref": null, "nat_name": null, "name": null, "designation": null, "Road_Class": "Barangay Road" }, "geometry": { "type": "MultiLineString", "coordinates": [ [ [ 121.5508622, 14.2874786 ], [ 121.5508676, 14.2874084 ], [ 121.550889, 14.2873408 ], [ 121.5510365, 14.2871173 ], [ 121.5512082, 14.2868704 ], [ 121.5512994, 14.286808 ], [ 121.5514389, 14.2867664 ], [ 121.5515622, 14.2867534 ], [ 121.5516588, 14.2868028 ], [ 121.5517098, 14.2868886 ], [ 121.5517125, 14.2869795 ], [ 121.5516588, 14.2870627 ], [ 121.5514791, 14.2872836 ], [ 121.5512216, 14.2875696 ], [ 121.5511438, 14.287606 ], [ 121.5510499, 14.287606 ], [ 121.5509641, 14.2875878 ], [ 121.5508944, 14.2875462 ], [ 121.5508622, 14.2874786 ] ] ] } },
{ "type": "Feature", "properties": { "full_id": "w870631645", "osm_id": "870631645", "osm_type": "way", "highway": "service", "motor_vehicle": null, "bus_bay": null, "embankment": null, "handrail": null, "tunnel": null, "covered": null, "horse": null, "description": null, "bridge:structure": null, "bridge:name": null, "source_ref": null, "width": null, "motorcycle": null, "service": null, "reg_name": null, "foot": null, "source:name": null, "narrow": null, "source:nat_name": null, "shoulder:surface": null, "overtaking": null, "maxweight": null, "layer": null, "bridge": null, "shoulder:line": null, "shoulder:bicycle": null, "shoulder": null, "junction": null, "railway": null, "is_in": null, "abandoned:railway": null, "sidewalk": null, "lit": null, "razed:railway": null, "old_name": null, "short_name": null, "postal_code": null, "bicycle": null, "access": null, "lanes": null, "surface": null, "maxspeed:type": null, "maxspeed": null, "oneway": null, "name:etymology:wikidata": null, "name:etymology": null, "ref": null, "nat_name": null, "name": null, "designation": null, "Road_Class": "Barangay Road" }, "geometry": { "type": "MultiLineString", "coordinates": [ [ [ 121.5561435, 14.2870081 ], [ 121.556468, 14.2870861 ] ] ] } },
{ "type": "Feature", "properties": { "full_id": "w870631646", "osm_id": "870631646", "osm_type": "way", "highway": "residential", "motor_vehicle": null, "bus_bay": null, "embankment": null, "handrail": null, "tunnel": null, "covered": null, "horse": null, "description": null, "bridge:structure": null, "bridge:name": null, "source_ref": null, "width": null, "motorcycle": null, "service": null, "reg_name": null, "foot": null, "source:name": null, "narrow": null, "source:nat_name": null, "shoulder:surface": null, "overtaking": null, "maxweight": null, "layer": null, "bridge": null, "shoulder:line": null, "shoulder:bicycle": null, "shoulder": null, "junction": null, "railway": null, "is_in": null, "abandoned:railway": null, "sidewalk": null, "lit": null, "razed:railway": null, "old_name": null, "short_name": null, "postal_code": null, "bicycle": null, "access": null, "lanes": null, "surface": null, "maxspeed:type": null, "maxspeed": null, "oneway": null, "name:etymology:wikidata": null, "name:etymology": null, "ref": null, "nat_name": null, "name": null, "designation": null, "Road_Class": "Barangay Road" }, "geometry": { "type": "MultiLineString", "coordinates": [ [ [ 121.5620953, 14.276967 ], [ 121.5619317, 14.2769254 ], [ 121.5617251, 14.2768344 ], [ 121.5616071, 14.2767148 ], [ 121.5615159, 14.2764965 ], [ 121.5614596, 14.2762054 ] ] ] } },
{ "type": "Feature", "properties": { "full_id": "w870640828", "osm_id": "870640828", "osm_type": "way", "highway": "residential", "motor_vehicle": null, "bus_bay": null, "embankment": null, "handrail": null, "tunnel": null, "covered": null, "horse": null, "description": null, "bridge:structure": null, "bridge:name": null, "source_ref": null, "width": null, "motorcycle": null, "service": null, "reg_name": null, "foot": null, "source:name": null, "narrow": null, "source:nat_name": null, "shoulder:surface": null, "overtaking": null, "maxweight": null, "layer": null, "bridge": null, "shoulder:line": null, "shoulder:bicycle": null, "shoulder": null, "junction": null, "railway": null, "is_in": null, "abandoned:railway": null, "sidewalk": null, "lit": null, "razed:railway": null, "old_name": null, "short_name": null, "postal_code": null, "bicycle": null, "access": null, "lanes": null, "surface": null, "maxspeed:type": null, "maxspeed": null, "oneway": null, "name:etymology:wikidata": null, "name:etymology": null, "ref": null, "nat_name": null, "name": null, "designation": null, "Road_Class": "Barangay Road" }, "geometry": { "type": "MultiLineString", "coordinates": [ [ [ 121.5537187, 14.2831222 ], [ 121.5536892, 14.2829611 ] ] ] } },
{ "type": "Feature", "properties": { "full_id": "w870640829", "osm_id": "870640829", "osm_type": "way", "highway": "residential", "motor_vehicle": null, "bus_bay": null, "embankment": null, "handrail": null, "tunnel": null, "covered": null, "horse": null, "description": null, "bridge:structure": null, "bridge:name": null, "source_ref": null, "width": null, "motorcycle": null, "service": null, "reg_name": null, "foot": null, "source:name": null, "narrow": null, "source:nat_name": null, "shoulder:surface": null, "overtaking": null, "maxweight": null, "layer": null, "bridge": null, "shoulder:line": null, "shoulder:bicycle": null, "shoulder": null, "junction": null, "railway": null, "is_in": null, "abandoned:railway": null, "sidewalk": null, "lit": null, "razed:railway": null, "old_name": null, "short_name": null, "postal_code": null, "bicycle": null, "access": null, "lanes": null, "surface": null, "maxspeed:type": null, "maxspeed": null, "oneway": null, "name:etymology:wikidata": null, "name:etymology": null, "ref": null, "nat_name": null, "name": null, "designation": null, "Road_Class": "Barangay Road" }, "geometry": { "type": "MultiLineString", "coordinates": [ [ [ 121.5526981, 14.2832733 ], [ 121.5530027, 14.2831427 ], [ 121.5536892, 14.2829611 ], [ 121.5543866, 14.2828233 ], [ 121.554569, 14.2829065 ] ] ] } },
{ "type": "Feature", "properties": { "full_id": "w870640830", "osm_id": "870640830", "osm_type": "way", "highway": "tertiary", "motor_vehicle": null, "bus_bay": null, "embankment": null, "handrail": null, "tunnel": null, "covered": null, "horse": null, "description": null, "bridge:structure": null, "bridge:name": null, "source_ref": null, "width": null, "motorcycle": null, "service": null, "reg_name": null, "foot": null, "source:name": null, "narrow": null, "source:nat_name": null, "shoulder:surface": null, "overtaking": null, "maxweight": null, "layer": null, "bridge": null, "shoulder:line": null, "shoulder:bicycle": null, "shoulder": null, "junction": null, "railway": null, "is_in": null, "abandoned:railway": null, "sidewalk": null, "lit": null, "razed:railway": null, "old_name": null, "short_name": null, "postal_code": null, "bicycle": null, "access": null, "lanes": null, "surface": null, "maxspeed:type": null, "maxspeed": null, "oneway": null, "name:etymology:wikidata": null, "name:etymology": null, "ref": null, "nat_name": null, "name": null, "designation": null, "Road_Class": "Municipal Road" }, "geometry": { "type": "MultiLineString", "coordinates": [ [ [ 121.552907034007788, 14.27283902861722 ], [ 121.5530455, 14.2729613 ], [ 121.5531689, 14.2730861 ], [ 121.5532547, 14.2732317 ], [ 121.5533084, 14.273424 ], [ 121.5533379, 14.2738191 ] ] ] } },
{ "type": "Feature", "properties": { "full_id": "w870641980", "osm_id": "870641980", "osm_type": "way", "highway": "residential", "motor_vehicle": null, "bus_bay": null, "embankment": null, "handrail": null, "tunnel": null, "covered": null, "horse": null, "description": null, "bridge:structure": null, "bridge:name": null, "source_ref": null, "width": null, "motorcycle": null, "service": null, "reg_name": null, "foot": null, "source:name": null, "narrow": null, "source:nat_name": null, "shoulder:surface": null, "overtaking": null, "maxweight": null, "layer": null, "bridge": null, "shoulder:line": null, "shoulder:bicycle": null, "shoulder": null, "junction": null, "railway": null, "is_in": null, "abandoned:railway": null, "sidewalk": null, "lit": null, "razed:railway": null, "old_name": null, "short_name": null, "postal_code": null, "bicycle": null, "access": null, "lanes": null, "surface": null, "maxspeed:type": null, "maxspeed": null, "oneway": null, "name:etymology:wikidata": null, "name:etymology": null, "ref": null, "nat_name": null, "name": null, "designation": null, "Road_Class": "Barangay Road" }, "geometry": { "type": "MultiLineString", "coordinates": [ [ [ 121.5622964, 14.275974 ], [ 121.5623742, 14.2756595 ], [ 121.562511, 14.2750408 ], [ 121.5626237, 14.2748251 ], [ 121.5627417, 14.2746847 ], [ 121.5628383, 14.2746145 ], [ 121.5630609, 14.2745002 ], [ 121.5633827, 14.2743858 ], [ 121.564292, 14.2740739 ] ] ] } },
{ "type": "Feature", "properties": { "full_id": "w874857863", "osm_id": "874857863", "osm_type": "way", "highway": "service", "motor_vehicle": null, "bus_bay": null, "embankment": null, "handrail": null, "tunnel": null, "covered": null, "horse": null, "description": null, "bridge:structure": null, "bridge:name": null, "source_ref": null, "width": null, "motorcycle": null, "service": null, "reg_name": null, "foot": null, "source:name": null, "narrow": null, "source:nat_name": null, "shoulder:surface": null, "overtaking": null, "maxweight": null, "layer": null, "bridge": null, "shoulder:line": null, "shoulder:bicycle": null, "shoulder": null, "junction": null, "railway": null, "is_in": null, "abandoned:railway": null, "sidewalk": null, "lit": null, "razed:railway": null, "old_name": null, "short_name": null, "postal_code": null, "bicycle": null, "access": null, "lanes": null, "surface": null, "maxspeed:type": null, "maxspeed": null, "oneway": null, "name:etymology:wikidata": null, "name:etymology": null, "ref": null, "nat_name": null, "name": null, "designation": null, "Road_Class": "Barangay Road" }, "geometry": { "type": "MultiLineString", "coordinates": [ [ [ 121.5561102, 14.2870065 ], [ 121.5561435, 14.2870081 ] ] ] } },
{ "type": "Feature", "properties": { "full_id": "w881003950", "osm_id": "881003950", "osm_type": "way", "highway": "residential", "motor_vehicle": null, "bus_bay": null, "embankment": null, "handrail": null, "tunnel": null, "covered": null, "horse": null, "description": null, "bridge:structure": null, "bridge:name": null, "source_ref": null, "width": null, "motorcycle": null, "service": null, "reg_name": null, "foot": null, "source:name": null, "narrow": null, "source:nat_name": null, "shoulder:surface": null, "overtaking": null, "maxweight": null, "layer": null, "bridge": null, "shoulder:line": null, "shoulder:bicycle": null, "shoulder": null, "junction": null, "railway": null, "is_in": null, "abandoned:railway": null, "sidewalk": null, "lit": null, "razed:railway": null, "old_name": null, "short_name": null, "postal_code": null, "bicycle": null, "access": null, "lanes": null, "surface": null, "maxspeed:type": null, "maxspeed": null, "oneway": null, "name:etymology:wikidata": null, "name:etymology": null, "ref": null, "nat_name": null, "name": null, "designation": null, "Road_Class": "Barangay Road" }, "geometry": { "type": "MultiLineString", "coordinates": [ [ [ 121.5470097, 14.2911694 ], [ 121.5473155, 14.2910186 ], [ 121.5473799, 14.2909537 ], [ 121.5473839, 14.2908835 ], [ 121.5472487, 14.2904954 ], [ 121.5471712, 14.2903413 ], [ 121.547168, 14.2902636 ], [ 121.5471746, 14.2902491 ], [ 121.5472055, 14.2901817 ], [ 121.5473383, 14.2899084 ], [ 121.5474478, 14.2897825 ], [ 121.547598, 14.289748 ], [ 121.5479326, 14.2897744 ], [ 121.5480636, 14.2897426 ], [ 121.5481671, 14.2895786 ], [ 121.5484015, 14.2891161 ] ] ] } },
{ "type": "Feature", "properties": { "full_id": "w887419793", "osm_id": "887419793", "osm_type": "way", "highway": "residential", "motor_vehicle": null, "bus_bay": null, "embankment": null, "handrail": null, "tunnel": null, "covered": null, "horse": null, "description": null, "bridge:structure": null, "bridge:name": null, "source_ref": null, "width": null, "motorcycle": null, "service": null, "reg_name": null, "foot": null, "source:name": null, "narrow": null, "source:nat_name": null, "shoulder:surface": null, "overtaking": null, "maxweight": null, "layer": null, "bridge": null, "shoulder:line": null, "shoulder:bicycle": null, "shoulder": null, "junction": null, "railway": null, "is_in": null, "abandoned:railway": null, "sidewalk": null, "lit": null, "razed:railway": null, "old_name": null, "short_name": null, "postal_code": null, "bicycle": null, "access": null, "lanes": null, "surface": null, "maxspeed:type": null, "maxspeed": null, "oneway": null, "name:etymology:wikidata": null, "name:etymology": null, "ref": null, "nat_name": null, "name": null, "designation": null, "Road_Class": "Barangay Road" }, "geometry": { "type": "MultiLineString", "coordinates": [ [ [ 121.493683, 14.2929707 ], [ 121.4937942, 14.2936329 ] ] ] } },
{ "type": "Feature", "properties": { "full_id": "w962168146", "osm_id": "962168146", "osm_type": "way", "highway": "service", "motor_vehicle": null, "bus_bay": null, "embankment": null, "handrail": null, "tunnel": null, "covered": null, "horse": null, "description": null, "bridge:structure": null, "bridge:name": null, "source_ref": null, "width": null, "motorcycle": null, "service": null, "reg_name": null, "foot": null, "source:name": null, "narrow": null, "source:nat_name": null, "shoulder:surface": null, "overtaking": null, "maxweight": null, "layer": null, "bridge": null, "shoulder:line": null, "shoulder:bicycle": null, "shoulder": null, "junction": null, "railway": null, "is_in": null, "abandoned:railway": null, "sidewalk": null, "lit": null, "razed:railway": null, "old_name": null, "short_name": null, "postal_code": null, "bicycle": null, "access": null, "lanes": null, "surface": null, "maxspeed:type": null, "maxspeed": null, "oneway": null, "name:etymology:wikidata": null, "name:etymology": null, "ref": null, "nat_name": null, "name": null, "designation": null, "Road_Class": "Barangay Road" }, "geometry": { "type": "MultiLineString", "coordinates": [ [ [ 121.5516588, 14.2868028 ], [ 121.5518707, 14.2867144 ], [ 121.5522999, 14.286587 ] ] ] } },
{ "type": "Feature", "properties": { "full_id": "w962212749", "osm_id": "962212749", "osm_type": "way", "highway": "service", "motor_vehicle": null, "bus_bay": null, "embankment": null, "handrail": null, "tunnel": null, "covered": null, "horse": null, "description": null, "bridge:structure": null, "bridge:name": null, "source_ref": null, "width": null, "motorcycle": null, "service": null, "reg_name": null, "foot": null, "source:name": null, "narrow": null, "source:nat_name": null, "shoulder:surface": null, "overtaking": null, "maxweight": null, "layer": null, "bridge": null, "shoulder:line": null, "shoulder:bicycle": null, "shoulder": null, "junction": null, "railway": null, "is_in": null, "abandoned:railway": null, "sidewalk": null, "lit": null, "razed:railway": null, "old_name": null, "short_name": null, "postal_code": null, "bicycle": null, "access": null, "lanes": null, "surface": null, "maxspeed:type": null, "maxspeed": null, "oneway": null, "name:etymology:wikidata": null, "name:etymology": null, "ref": null, "nat_name": null, "name": null, "designation": null, "Road_Class": "Barangay Road" }, "geometry": { "type": "MultiLineString", "coordinates": [ [ [ 121.5467682, 14.2891368 ], [ 121.546979, 14.2892423 ], [ 121.5477935, 14.2896498 ], [ 121.547825, 14.2896656 ], [ 121.5480636, 14.2897426 ] ] ] } },
{ "type": "Feature", "properties": { "full_id": "w962255241", "osm_id": "962255241", "osm_type": "way", "highway": "service", "motor_vehicle": null, "bus_bay": null, "embankment": null, "handrail": null, "tunnel": null, "covered": null, "horse": null, "description": null, "bridge:structure": null, "bridge:name": null, "source_ref": null, "width": null, "motorcycle": null, "service": null, "reg_name": null, "foot": null, "source:name": null, "narrow": null, "source:nat_name": null, "shoulder:surface": null, "overtaking": null, "maxweight": null, "layer": null, "bridge": null, "shoulder:line": null, "shoulder:bicycle": null, "shoulder": null, "junction": null, "railway": null, "is_in": null, "abandoned:railway": null, "sidewalk": null, "lit": null, "razed:railway": null, "old_name": null, "short_name": null, "postal_code": null, "bicycle": null, "access": null, "lanes": null, "surface": null, "maxspeed:type": null, "maxspeed": null, "oneway": null, "name:etymology:wikidata": null, "name:etymology": null, "ref": null, "nat_name": null, "name": null, "designation": null, "Road_Class": "Barangay Road" }, "geometry": { "type": "MultiLineString", "coordinates": [ [ [ 121.4955838, 14.2954314 ], [ 121.4958908, 14.295589 ], [ 121.496131, 14.2957246 ] ] ] } },
{ "type": "Feature", "properties": { "full_id": "w962255242", "osm_id": "962255242", "osm_type": "way", "highway": "residential", "motor_vehicle": null, "bus_bay": null, "embankment": null, "handrail": null, "tunnel": null, "covered": null, "horse": null, "description": null, "bridge:structure": null, "bridge:name": null, "source_ref": null, "width": null, "motorcycle": null, "service": null, "reg_name": null, "foot": null, "source:name": null, "narrow": null, "source:nat_name": null, "shoulder:surface": null, "overtaking": null, "maxweight": null, "layer": null, "bridge": null, "shoulder:line": null, "shoulder:bicycle": null, "shoulder": null, "junction": null, "railway": null, "is_in": null, "abandoned:railway": null, "sidewalk": null, "lit": null, "razed:railway": null, "old_name": null, "short_name": null, "postal_code": null, "bicycle": null, "access": null, "lanes": null, "surface": null, "maxspeed:type": null, "maxspeed": null, "oneway": null, "name:etymology:wikidata": null, "name:etymology": null, "ref": null, "nat_name": null, "name": null, "designation": null, "Road_Class": "Barangay Road" }, "geometry": { "type": "MultiLineString", "coordinates": [ [ [ 121.4938476, 14.2941411 ], [ 121.4938629, 14.2943373 ], [ 121.4938699, 14.2944371 ], [ 121.493876, 14.2944586 ], [ 121.4938891, 14.2944772 ], [ 121.4939235, 14.2944953 ], [ 121.4939941, 14.2945144 ] ] ] } },
{ "type": "Feature", "properties": { "full_id": "w962255243", "osm_id": "962255243", "osm_type": "way", "highway": "footway", "motor_vehicle": null, "bus_bay": null, "embankment": null, "handrail": null, "tunnel": null, "covered": null, "horse": null, "description": null, "bridge:structure": null, "bridge:name": null, "source_ref": null, "width": null, "motorcycle": null, "service": null, "reg_name": null, "foot": null, "source:name": null, "narrow": null, "source:nat_name": null, "shoulder:surface": null, "overtaking": null, "maxweight": null, "layer": null, "bridge": null, "shoulder:line": null, "shoulder:bicycle": null, "shoulder": null, "junction": null, "railway": null, "is_in": null, "abandoned:railway": null, "sidewalk": null, "lit": null, "razed:railway": null, "old_name": null, "short_name": null, "postal_code": null, "bicycle": null, "access": null, "lanes": null, "surface": null, "maxspeed:type": null, "maxspeed": null, "oneway": null, "name:etymology:wikidata": null, "name:etymology": null, "ref": null, "nat_name": null, "name": null, "designation": null, "Road_Class": "Other" }, "geometry": { "type": "MultiLineString", "coordinates": [ [ [ 121.4940885, 14.2982561 ], [ 121.494187, 14.2983048 ], [ 121.4942123, 14.29834 ], [ 121.4942194, 14.2983977 ], [ 121.4942113, 14.2984887 ], [ 121.4941901, 14.2986062 ], [ 121.4941931, 14.2986404 ], [ 121.4942093, 14.2986737 ], [ 121.4942325, 14.298705 ] ] ] } },
{ "type": "Feature", "properties": { "full_id": "w962255244", "osm_id": "962255244", "osm_type": "way", "highway": "footway", "motor_vehicle": null, "bus_bay": null, "embankment": null, "handrail": null, "tunnel": null, "covered": null, "horse": null, "description": null, "bridge:structure": null, "bridge:name": null, "source_ref": null, "width": null, "motorcycle": null, "service": null, "reg_name": null, "foot": null, "source:name": null, "narrow": null, "source:nat_name": null, "shoulder:surface": null, "overtaking": null, "maxweight": null, "layer": null, "bridge": null, "shoulder:line": null, "shoulder:bicycle": null, "shoulder": null, "junction": null, "railway": null, "is_in": null, "abandoned:railway": null, "sidewalk": null, "lit": null, "razed:railway": null, "old_name": null, "short_name": null, "postal_code": null, "bicycle": null, "access": null, "lanes": null, "surface": null, "maxspeed:type": null, "maxspeed": null, "oneway": null, "name:etymology:wikidata": null, "name:etymology": null, "ref": null, "nat_name": null, "name": null, "designation": null, "Road_Class": "Other" }, "geometry": { "type": "MultiLineString", "coordinates": [ [ [ 121.497639, 14.2930043 ], [ 121.4978369, 14.2931064 ] ] ] } },
{ "type": "Feature", "properties": { "full_id": "w962519134", "osm_id": "962519134", "osm_type": "way", "highway": "service", "motor_vehicle": null, "bus_bay": null, "embankment": null, "handrail": null, "tunnel": null, "covered": null, "horse": null, "description": null, "bridge:structure": null, "bridge:name": null, "source_ref": null, "width": null, "motorcycle": null, "service": null, "reg_name": null, "foot": null, "source:name": null, "narrow": null, "source:nat_name": null, "shoulder:surface": null, "overtaking": null, "maxweight": null, "layer": null, "bridge": null, "shoulder:line": null, "shoulder:bicycle": null, "shoulder": null, "junction": null, "railway": null, "is_in": null, "abandoned:railway": null, "sidewalk": null, "lit": null, "razed:railway": null, "old_name": null, "short_name": null, "postal_code": null, "bicycle": null, "access": null, "lanes": null, "surface": null, "maxspeed:type": null, "maxspeed": null, "oneway": null, "name:etymology:wikidata": null, "name:etymology": null, "ref": null, "nat_name": null, "name": null, "designation": null, "Road_Class": "Barangay Road" }, "geometry": { "type": "MultiLineString", "coordinates": [ [ [ 121.5177603, 14.3096718 ], [ 121.5177665, 14.309614 ], [ 121.5177926, 14.3095022 ], [ 121.5178441, 14.3093683 ], [ 121.5178677, 14.3093365 ], [ 121.5179045, 14.3093112 ], [ 121.5179575, 14.3093099 ], [ 121.5180146, 14.309319 ], [ 121.5180534, 14.3093294 ] ] ] } },
{ "type": "Feature", "properties": { "full_id": "w962519135", "osm_id": "962519135", "osm_type": "way", "highway": "service", "motor_vehicle": null, "bus_bay": null, "embankment": null, "handrail": null, "tunnel": null, "covered": null, "horse": null, "description": null, "bridge:structure": null, "bridge:name": null, "source_ref": null, "width": null, "motorcycle": null, "service": null, "reg_name": null, "foot": null, "source:name": null, "narrow": null, "source:nat_name": null, "shoulder:surface": null, "overtaking": null, "maxweight": null, "layer": null, "bridge": null, "shoulder:line": null, "shoulder:bicycle": null, "shoulder": null, "junction": null, "railway": null, "is_in": null, "abandoned:railway": null, "sidewalk": null, "lit": null, "razed:railway": null, "old_name": null, "short_name": null, "postal_code": null, "bicycle": null, "access": null, "lanes": null, "surface": null, "maxspeed:type": null, "maxspeed": null, "oneway": null, "name:etymology:wikidata": null, "name:etymology": null, "ref": null, "nat_name": null, "name": null, "designation": null, "Road_Class": "Barangay Road" }, "geometry": { "type": "MultiLineString", "coordinates": [ [ [ 121.5139443, 14.3099155 ], [ 121.5139121, 14.3099993 ], [ 121.5138651, 14.3100714 ], [ 121.5137934, 14.3101013 ] ] ] } },
{ "type": "Feature", "properties": { "full_id": "w971057258", "osm_id": "971057258", "osm_type": "way", "highway": "path", "motor_vehicle": null, "bus_bay": null, "embankment": null, "handrail": null, "tunnel": null, "covered": null, "horse": null, "description": null, "bridge:structure": null, "bridge:name": null, "source_ref": null, "width": null, "motorcycle": null, "service": null, "reg_name": null, "foot": null, "source:name": null, "narrow": null, "source:nat_name": null, "shoulder:surface": null, "overtaking": null, "maxweight": null, "layer": null, "bridge": null, "shoulder:line": null, "shoulder:bicycle": null, "shoulder": null, "junction": null, "railway": null, "is_in": null, "abandoned:railway": null, "sidewalk": null, "lit": null, "razed:railway": null, "old_name": null, "short_name": null, "postal_code": null, "bicycle": null, "access": null, "lanes": null, "surface": null, "maxspeed:type": null, "maxspeed": null, "oneway": null, "name:etymology:wikidata": null, "name:etymology": null, "ref": null, "nat_name": null, "name": null, "designation": null, "Road_Class": "Other" }, "geometry": { "type": "MultiLineString", "coordinates": [ [ [ 121.559351, 14.2709457 ], [ 121.5593353, 14.2706972 ], [ 121.559439509798452, 14.27048554119976 ] ] ] } },
{ "type": "Feature", "properties": { "full_id": "w971057260", "osm_id": "971057260", "osm_type": "way", "highway": "tertiary", "motor_vehicle": null, "bus_bay": null, "embankment": null, "handrail": null, "tunnel": null, "covered": null, "horse": null, "description": null, "bridge:structure": null, "bridge:name": null, "source_ref": null, "width": null, "motorcycle": null, "service": null, "reg_name": null, "foot": null, "source:name": null, "narrow": null, "source:nat_name": null, "shoulder:surface": null, "overtaking": null, "maxweight": null, "layer": null, "bridge": null, "shoulder:line": null, "shoulder:bicycle": null, "shoulder": null, "junction": null, "railway": null, "is_in": null, "abandoned:railway": null, "sidewalk": null, "lit": null, "razed:railway": null, "old_name": null, "short_name": null, "postal_code": null, "bicycle": null, "access": null, "lanes": null, "surface": null, "maxspeed:type": null, "maxspeed": null, "oneway": null, "name:etymology:wikidata": null, "name:etymology": null, "ref": null, "nat_name": null, "name": null, "designation": null, "Road_Class": "Municipal Road" }, "geometry": { "type": "MultiLineString", "coordinates": [ [ [ 121.5533379, 14.2738191 ], [ 121.5532681, 14.2740037 ], [ 121.5532199, 14.2742012 ] ] ] } },
{ "type": "Feature", "properties": { "full_id": "w1309070678", "osm_id": "1309070678", "osm_type": "way", "highway": "track", "motor_vehicle": null, "bus_bay": null, "embankment": null, "handrail": null, "tunnel": null, "covered": null, "horse": null, "description": null, "bridge:structure": null, "bridge:name": null, "source_ref": null, "width": null, "motorcycle": null, "service": null, "reg_name": null, "foot": null, "source:name": null, "narrow": null, "source:nat_name": null, "shoulder:surface": null, "overtaking": null, "maxweight": null, "layer": null, "bridge": null, "shoulder:line": null, "shoulder:bicycle": null, "shoulder": null, "junction": null, "railway": null, "is_in": null, "abandoned:railway": null, "sidewalk": null, "lit": null, "razed:railway": null, "old_name": null, "short_name": null, "postal_code": null, "bicycle": null, "access": null, "lanes": null, "surface": null, "maxspeed:type": null, "maxspeed": null, "oneway": null, "name:etymology:wikidata": null, "name:etymology": null, "ref": null, "nat_name": null, "name": null, "designation": null, "Road_Class": "Other" }, "geometry": { "type": "MultiLineString", "coordinates": [ [ [ 121.566428, 14.273887 ], [ 121.5665036, 14.2741671 ], [ 121.566294, 14.2742477 ], [ 121.5662524, 14.2745939 ], [ 121.5660963, 14.2749267 ], [ 121.5661795, 14.2752897 ], [ 121.5660651, 14.2757334 ], [ 121.5661161, 14.2759293 ], [ 121.5664398, 14.2761148 ], [ 121.5664327, 14.2762241 ], [ 121.5663217, 14.2763417 ], [ 121.5660859, 14.2763787 ], [ 121.5653541, 14.2768862 ], [ 121.5653125, 14.2771921 ], [ 121.5649379, 14.2773904 ], [ 121.5645529, 14.2773871 ], [ 121.5645321, 14.2776156 ], [ 121.5643622, 14.2776795 ], [ 121.5642511, 14.2778191 ], [ 121.5644801, 14.2783819 ], [ 121.5648113, 14.278916 ], [ 121.5642234, 14.2800322 ], [ 121.5638177, 14.2805532 ], [ 121.5635955, 14.2810092 ] ] ] } },
{ "type": "Feature", "properties": { "full_id": "w1309070679", "osm_id": "1309070679", "osm_type": "way", "highway": "track", "motor_vehicle": null, "bus_bay": null, "embankment": null, "handrail": null, "tunnel": null, "covered": null, "horse": null, "description": null, "bridge:structure": null, "bridge:name": null, "source_ref": null, "width": null, "motorcycle": null, "service": null, "reg_name": null, "foot": null, "source:name": null, "narrow": null, "source:nat_name": null, "shoulder:surface": null, "overtaking": null, "maxweight": null, "layer": null, "bridge": null, "shoulder:line": null, "shoulder:bicycle": null, "shoulder": null, "junction": null, "railway": null, "is_in": null, "abandoned:railway": null, "sidewalk": null, "lit": null, "razed:railway": null, "old_name": null, "short_name": null, "postal_code": null, "bicycle": null, "access": null, "lanes": null, "surface": null, "maxspeed:type": null, "maxspeed": null, "oneway": null, "name:etymology:wikidata": null, "name:etymology": null, "ref": null, "nat_name": null, "name": null, "designation": null, "Road_Class": "Other" }, "geometry": { "type": "MultiLineString", "coordinates": [ [ [ 121.5650806, 14.2700344 ], [ 121.5651529, 14.2703992 ], [ 121.5652396, 14.2707252 ], [ 121.5654165, 14.2709134 ], [ 121.5657599, 14.2715487 ], [ 121.5663079, 14.2723957 ], [ 121.5664877, 14.2726855 ], [ 121.5664813, 14.2733671 ], [ 121.5663911, 14.2737503 ], [ 121.566428, 14.273887 ] ] ] } },
{ "type": "Feature", "properties": { "full_id": "w1316750167", "osm_id": "1316750167", "osm_type": "way", "highway": "residential", "motor_vehicle": null, "bus_bay": null, "embankment": null, "handrail": null, "tunnel": null, "covered": null, "horse": null, "description": null, "bridge:structure": null, "bridge:name": null, "source_ref": null, "width": null, "motorcycle": null, "service": null, "reg_name": null, "foot": null, "source:name": null, "narrow": null, "source:nat_name": null, "shoulder:surface": null, "overtaking": null, "maxweight": null, "layer": null, "bridge": null, "shoulder:line": null, "shoulder:bicycle": null, "shoulder": null, "junction": null, "railway": null, "is_in": null, "abandoned:railway": null, "sidewalk": null, "lit": null, "razed:railway": null, "old_name": null, "short_name": null, "postal_code": null, "bicycle": null, "access": null, "lanes": null, "surface": null, "maxspeed:type": null, "maxspeed": null, "oneway": null, "name:etymology:wikidata": null, "name:etymology": null, "ref": null, "nat_name": null, "name": null, "designation": null, "Road_Class": "Barangay Road" }, "geometry": { "type": "MultiLineString", "coordinates": [ [ [ 121.5570527, 14.2792934 ], [ 121.5570018, 14.2792128 ], [ 121.5570205, 14.2791089 ], [ 121.55705, 14.2790387 ], [ 121.5571588, 14.2789893 ], [ 121.5573882, 14.2788769 ], [ 121.5574899, 14.2787704 ], [ 121.5576097, 14.2785987 ], [ 121.5577032, 14.2783348 ], [ 121.5577179, 14.2781441 ], [ 121.5577163, 14.2779851 ], [ 121.5577491, 14.2777912 ], [ 121.5578213, 14.2776243 ], [ 121.5579098, 14.2775178 ], [ 121.558146, 14.2773557 ], [ 121.5586135, 14.2771792 ], [ 121.5588049, 14.2771386 ], [ 121.559118, 14.2771857 ], [ 121.5597289, 14.2773434 ] ] ] } },
{ "type": "Feature", "properties": { "full_id": "w1316750168", "osm_id": "1316750168", "osm_type": "way", "highway": "residential", "motor_vehicle": null, "bus_bay": null, "embankment": null, "handrail": null, "tunnel": null, "covered": null, "horse": null, "description": null, "bridge:structure": null, "bridge:name": null, "source_ref": null, "width": null, "motorcycle": null, "service": null, "reg_name": null, "foot": null, "source:name": null, "narrow": null, "source:nat_name": null, "shoulder:surface": null, "overtaking": null, "maxweight": null, "layer": null, "bridge": null, "shoulder:line": null, "shoulder:bicycle": null, "shoulder": null, "junction": null, "railway": null, "is_in": null, "abandoned:railway": null, "sidewalk": null, "lit": null, "razed:railway": null, "old_name": null, "short_name": null, "postal_code": null, "bicycle": null, "access": null, "lanes": null, "surface": null, "maxspeed:type": null, "maxspeed": null, "oneway": null, "name:etymology:wikidata": null, "name:etymology": null, "ref": null, "nat_name": null, "name": null, "designation": null, "Road_Class": "Barangay Road" }, "geometry": { "type": "MultiLineString", "coordinates": [ [ [ 121.5564573, 14.2797847 ], [ 121.5566424, 14.2797171 ], [ 121.5568677, 14.2795351 ], [ 121.5570527, 14.2792934 ] ] ] } },
{ "type": "Feature", "properties": { "full_id": "w1316750169", "osm_id": "1316750169", "osm_type": "way", "highway": "residential", "motor_vehicle": null, "bus_bay": null, "embankment": null, "handrail": null, "tunnel": null, "covered": null, "horse": null, "description": null, "bridge:structure": null, "bridge:name": null, "source_ref": null, "width": null, "motorcycle": null, "service": null, "reg_name": null, "foot": null, "source:name": null, "narrow": null, "source:nat_name": null, "shoulder:surface": null, "overtaking": null, "maxweight": null, "layer": null, "bridge": null, "shoulder:line": null, "shoulder:bicycle": null, "shoulder": null, "junction": null, "railway": null, "is_in": null, "abandoned:railway": null, "sidewalk": null, "lit": null, "razed:railway": null, "old_name": null, "short_name": null, "postal_code": null, "bicycle": null, "access": null, "lanes": null, "surface": null, "maxspeed:type": null, "maxspeed": null, "oneway": null, "name:etymology:wikidata": null, "name:etymology": null, "ref": null, "nat_name": null, "name": null, "designation": null, "Road_Class": "Barangay Road" }, "geometry": { "type": "MultiLineString", "coordinates": [ [ [ 121.556343, 14.2805048 ], [ 121.5564439, 14.2803253 ], [ 121.5564734, 14.2801564 ], [ 121.5564841, 14.2799224 ], [ 121.5564573, 14.2797847 ], [ 121.5563176, 14.2795586 ] ] ] } },
{ "type": "Feature", "properties": { "full_id": "w1316750170", "osm_id": "1316750170", "osm_type": "way", "highway": "residential", "motor_vehicle": null, "bus_bay": null, "embankment": null, "handrail": null, "tunnel": null, "covered": null, "horse": null, "description": null, "bridge:structure": null, "bridge:name": null, "source_ref": null, "width": null, "motorcycle": null, "service": null, "reg_name": null, "foot": null, "source:name": null, "narrow": null, "source:nat_name": null, "shoulder:surface": null, "overtaking": null, "maxweight": null, "layer": null, "bridge": null, "shoulder:line": null, "shoulder:bicycle": null, "shoulder": null, "junction": "circular", "railway": null, "is_in": null, "abandoned:railway": null, "sidewalk": null, "lit": null, "razed:railway": null, "old_name": null, "short_name": null, "postal_code": null, "bicycle": null, "access": null, "lanes": null, "surface": null, "maxspeed:type": null, "maxspeed": null, "oneway": null, "name:etymology:wikidata": null, "name:etymology": null, "ref": null, "nat_name": null, "name": null, "designation": null, "Road_Class": "Barangay Road" }, "geometry": { "type": "MultiLineString", "coordinates": [ [ [ 121.5563404, 14.2787458 ], [ 121.556329, 14.2787444 ], [ 121.5562883, 14.2787394 ], [ 121.5562465, 14.2787086 ], [ 121.5562262, 14.2786617 ], [ 121.5562329, 14.2786112 ], [ 121.5562646, 14.2785707 ], [ 121.5563131, 14.278551 ], [ 121.5563651, 14.2785575 ], [ 121.5564069, 14.2785883 ], [ 121.5564273, 14.2786352 ], [ 121.5564206, 14.2786857 ], [ 121.5563888, 14.2787262 ], [ 121.5563404, 14.2787458 ] ] ] } },
{ "type": "Feature", "properties": { "full_id": "w1316750171", "osm_id": "1316750171", "osm_type": "way", "highway": "residential", "motor_vehicle": null, "bus_bay": null, "embankment": null, "handrail": null, "tunnel": null, "covered": null, "horse": null, "description": null, "bridge:structure": null, "bridge:name": null, "source_ref": null, "width": null, "motorcycle": null, "service": null, "reg_name": null, "foot": null, "source:name": null, "narrow": null, "source:nat_name": null, "shoulder:surface": null, "overtaking": null, "maxweight": null, "layer": null, "bridge": null, "shoulder:line": null, "shoulder:bicycle": null, "shoulder": null, "junction": null, "railway": null, "is_in": null, "abandoned:railway": null, "sidewalk": null, "lit": null, "razed:railway": null, "old_name": null, "short_name": null, "postal_code": null, "bicycle": null, "access": null, "lanes": null, "surface": null, "maxspeed:type": null, "maxspeed": null, "oneway": null, "name:etymology:wikidata": null, "name:etymology": null, "ref": null, "nat_name": null, "name": null, "designation": null, "Road_Class": "Barangay Road" }, "geometry": { "type": "MultiLineString", "coordinates": [ [ [ 121.5560174, 14.2821761 ], [ 121.5559105, 14.2818897 ], [ 121.555913, 14.2817078 ], [ 121.555996, 14.2814871 ], [ 121.5560928, 14.2812577 ], [ 121.5562278, 14.2808647 ], [ 121.556343, 14.2805048 ], [ 121.5563394, 14.2801323 ], [ 121.5563159, 14.2796778 ], [ 121.5563176, 14.2795586 ], [ 121.556329, 14.2787444 ] ] ] } },
{ "type": "Feature", "properties": { "full_id": "w1316750172", "osm_id": "1316750172", "osm_type": "way", "highway": "residential", "motor_vehicle": null, "bus_bay": null, "embankment": null, "handrail": null, "tunnel": null, "covered": null, "horse": null, "description": null, "bridge:structure": null, "bridge:name": null, "source_ref": null, "width": null, "motorcycle": null, "service": null, "reg_name": null, "foot": null, "source:name": null, "narrow": null, "source:nat_name": null, "shoulder:surface": null, "overtaking": null, "maxweight": null, "layer": null, "bridge": null, "shoulder:line": null, "shoulder:bicycle": null, "shoulder": null, "junction": null, "railway": null, "is_in": null, "abandoned:railway": null, "sidewalk": null, "lit": null, "razed:railway": null, "old_name": null, "short_name": null, "postal_code": null, "bicycle": null, "access": null, "lanes": null, "surface": null, "maxspeed:type": null, "maxspeed": null, "oneway": null, "name:etymology:wikidata": null, "name:etymology": null, "ref": null, "nat_name": null, "name": null, "designation": null, "Road_Class": "Barangay Road" }, "geometry": { "type": "MultiLineString", "coordinates": [ [ [ 121.5554649, 14.2785227 ], [ 121.5557626, 14.2786332 ], [ 121.5559986, 14.278667 ], [ 121.5562262, 14.2786617 ] ] ] } },
{ "type": "Feature", "properties": { "full_id": "w1316750173", "osm_id": "1316750173", "osm_type": "way", "highway": "residential", "motor_vehicle": null, "bus_bay": null, "embankment": null, "handrail": null, "tunnel": null, "covered": null, "horse": null, "description": null, "bridge:structure": null, "bridge:name": null, "source_ref": null, "width": null, "motorcycle": null, "service": null, "reg_name": null, "foot": null, "source:name": null, "narrow": null, "source:nat_name": null, "shoulder:surface": null, "overtaking": null, "maxweight": null, "layer": null, "bridge": null, "shoulder:line": null, "shoulder:bicycle": null, "shoulder": null, "junction": null, "railway": null, "is_in": null, "abandoned:railway": null, "sidewalk": null, "lit": null, "razed:railway": null, "old_name": null, "short_name": null, "postal_code": null, "bicycle": null, "access": null, "lanes": null, "surface": null, "maxspeed:type": null, "maxspeed": null, "oneway": null, "name:etymology:wikidata": null, "name:etymology": null, "ref": null, "nat_name": null, "name": null, "designation": null, "Road_Class": "Barangay Road" }, "geometry": { "type": "MultiLineString", "coordinates": [ [ [ 121.5539494, 14.2776155 ], [ 121.5540688, 14.2775895 ], [ 121.5541854, 14.2775947 ], [ 121.5544187, 14.2776859 ], [ 121.554691, 14.2777923 ], [ 121.5549512, 14.2779093 ], [ 121.5552033, 14.2780574 ], [ 121.5553924, 14.2782355 ], [ 121.5554354, 14.2783342 ], [ 121.5554649, 14.2784421 ], [ 121.5554649, 14.2785227 ] ] ] } },
{ "type": "Feature", "properties": { "full_id": "w1316750174", "osm_id": "1316750174", "osm_type": "way", "highway": "residential", "motor_vehicle": null, "bus_bay": null, "embankment": null, "handrail": null, "tunnel": null, "covered": null, "horse": null, "description": null, "bridge:structure": null, "bridge:name": null, "source_ref": null, "width": null, "motorcycle": null, "service": null, "reg_name": null, "foot": null, "source:name": null, "narrow": null, "source:nat_name": null, "shoulder:surface": null, "overtaking": null, "maxweight": null, "layer": null, "bridge": null, "shoulder:line": null, "shoulder:bicycle": null, "shoulder": null, "junction": null, "railway": null, "is_in": null, "abandoned:railway": null, "sidewalk": null, "lit": null, "razed:railway": null, "old_name": null, "short_name": null, "postal_code": null, "bicycle": null, "access": null, "lanes": null, "surface": null, "maxspeed:type": null, "maxspeed": null, "oneway": null, "name:etymology:wikidata": null, "name:etymology": null, "ref": null, "nat_name": null, "name": null, "designation": null, "Road_Class": "Barangay Road" }, "geometry": { "type": "MultiLineString", "coordinates": [ [ [ 121.5544175, 14.279322 ], [ 121.554333, 14.2781263 ], [ 121.5543517, 14.2778924 ], [ 121.5544187, 14.2776859 ] ] ] } },
{ "type": "Feature", "properties": { "full_id": "w1316750175", "osm_id": "1316750175", "osm_type": "way", "highway": "residential", "motor_vehicle": null, "bus_bay": null, "embankment": null, "handrail": null, "tunnel": null, "covered": null, "horse": null, "description": null, "bridge:structure": null, "bridge:name": null, "source_ref": null, "width": null, "motorcycle": null, "service": null, "reg_name": null, "foot": null, "source:name": null, "narrow": null, "source:nat_name": null, "shoulder:surface": null, "overtaking": null, "maxweight": null, "layer": null, "bridge": null, "shoulder:line": null, "shoulder:bicycle": null, "shoulder": null, "junction": null, "railway": null, "is_in": null, "abandoned:railway": null, "sidewalk": null, "lit": null, "razed:railway": null, "old_name": null, "short_name": null, "postal_code": null, "bicycle": null, "access": null, "lanes": null, "surface": null, "maxspeed:type": null, "maxspeed": null, "oneway": null, "name:etymology:wikidata": null, "name:etymology": null, "ref": null, "nat_name": null, "name": null, "designation": null, "Road_Class": "Barangay Road" }, "geometry": { "type": "MultiLineString", "coordinates": [ [ [ 121.5549821, 14.2788203 ], [ 121.5548936, 14.2787397 ], [ 121.5548587, 14.2786722 ], [ 121.5548131, 14.2785422 ], [ 121.5547997, 14.2783394 ], [ 121.5548184, 14.2781783 ], [ 121.5549512, 14.2779093 ] ] ] } },
{ "type": "Feature", "properties": { "full_id": "w1316750176", "osm_id": "1316750176", "osm_type": "way", "highway": "residential", "motor_vehicle": null, "bus_bay": null, "embankment": null, "handrail": null, "tunnel": null, "covered": null, "horse": null, "description": null, "bridge:structure": null, "bridge:name": null, "source_ref": null, "width": null, "motorcycle": null, "service": null, "reg_name": null, "foot": null, "source:name": null, "narrow": null, "source:nat_name": null, "shoulder:surface": null, "overtaking": null, "maxweight": null, "layer": null, "bridge": null, "shoulder:line": null, "shoulder:bicycle": null, "shoulder": null, "junction": null, "railway": null, "is_in": null, "abandoned:railway": null, "sidewalk": null, "lit": null, "razed:railway": null, "old_name": null, "short_name": null, "postal_code": null, "bicycle": null, "access": null, "lanes": null, "surface": null, "maxspeed:type": null, "maxspeed": null, "oneway": null, "name:etymology:wikidata": null, "name:etymology": null, "ref": null, "nat_name": null, "name": null, "designation": null, "Road_Class": "Barangay Road" }, "geometry": { "type": "MultiLineString", "coordinates": [ [ [ 121.5554649, 14.2785227 ], [ 121.5554112, 14.2785474 ], [ 121.5552744, 14.2785994 ], [ 121.5550706, 14.2787346 ], [ 121.5549821, 14.2788203 ], [ 121.5548694, 14.2789243 ], [ 121.5547863, 14.2791271 ], [ 121.5547299, 14.2792388 ], [ 121.5546508, 14.279283 ], [ 121.5545395, 14.2793168 ], [ 121.5544175, 14.279322 ], [ 121.5541278, 14.2793233 ], [ 121.5540165, 14.2792908 ], [ 121.5539655, 14.2792427 ], [ 121.5539145, 14.2791686 ], [ 121.5538971, 14.2790673 ], [ 121.5537818, 14.278034 ], [ 121.5537737, 14.2778898 ], [ 121.5537778, 14.277817 ], [ 121.5538073, 14.2777299 ], [ 121.5538622, 14.277674 ], [ 121.5539494, 14.2776155 ] ] ] } },
{ "type": "Feature", "properties": { "full_id": "w1333111741", "osm_id": "1333111741", "osm_type": "way", "highway": "residential", "motor_vehicle": null, "bus_bay": null, "embankment": null, "handrail": null, "tunnel": null, "covered": null, "horse": null, "description": null, "bridge:structure": null, "bridge:name": null, "source_ref": null, "width": null, "motorcycle": null, "service": null, "reg_name": null, "foot": null, "source:name": null, "narrow": null, "source:nat_name": null, "shoulder:surface": null, "overtaking": null, "maxweight": null, "layer": null, "bridge": null, "shoulder:line": null, "shoulder:bicycle": null, "shoulder": null, "junction": null, "railway": null, "is_in": null, "abandoned:railway": null, "sidewalk": null, "lit": null, "razed:railway": null, "old_name": null, "short_name": null, "postal_code": null, "bicycle": null, "access": null, "lanes": null, "surface": "dirt", "maxspeed:type": null, "maxspeed": null, "oneway": null, "name:etymology:wikidata": null, "name:etymology": null, "ref": null, "nat_name": null, "name": null, "designation": null, "Road_Class": "Barangay Road" }, "geometry": { "type": "MultiLineString", "coordinates": [ [ [ 121.5470378, 14.28216 ], [ 121.5472943, 14.2824711 ], [ 121.5474434, 14.2826284 ], [ 121.5474321, 14.2827332 ], [ 121.5473431, 14.2827763 ], [ 121.5471645, 14.2827222 ], [ 121.5470535, 14.2825438 ], [ 121.5470378, 14.28216 ] ] ] } },
{ "type": "Feature", "properties": { "full_id": "w1333111742", "osm_id": "1333111742", "osm_type": "way", "highway": "residential", "motor_vehicle": null, "bus_bay": null, "embankment": null, "handrail": null, "tunnel": null, "covered": null, "horse": null, "description": null, "bridge:structure": null, "bridge:name": null, "source_ref": null, "width": null, "motorcycle": null, "service": null, "reg_name": null, "foot": null, "source:name": null, "narrow": null, "source:nat_name": null, "shoulder:surface": null, "overtaking": null, "maxweight": null, "layer": null, "bridge": null, "shoulder:line": null, "shoulder:bicycle": null, "shoulder": null, "junction": null, "railway": null, "is_in": null, "abandoned:railway": null, "sidewalk": null, "lit": null, "razed:railway": null, "old_name": null, "short_name": null, "postal_code": null, "bicycle": null, "access": null, "lanes": null, "surface": "dirt", "maxspeed:type": null, "maxspeed": null, "oneway": null, "name:etymology:wikidata": null, "name:etymology": null, "ref": null, "nat_name": null, "name": null, "designation": null, "Road_Class": "Barangay Road" }, "geometry": { "type": "MultiLineString", "coordinates": [ [ [ 121.5471242, 14.281564 ], [ 121.54684500445164, 14.281287851606331 ] ] ] } },
{ "type": "Feature", "properties": { "full_id": "w1333111743", "osm_id": "1333111743", "osm_type": "way", "highway": "residential", "motor_vehicle": null, "bus_bay": null, "embankment": null, "handrail": null, "tunnel": null, "covered": null, "horse": null, "description": null, "bridge:structure": null, "bridge:name": null, "source_ref": null, "width": null, "motorcycle": null, "service": null, "reg_name": null, "foot": null, "source:name": null, "narrow": null, "source:nat_name": null, "shoulder:surface": null, "overtaking": null, "maxweight": null, "layer": null, "bridge": null, "shoulder:line": null, "shoulder:bicycle": null, "shoulder": null, "junction": null, "railway": null, "is_in": null, "abandoned:railway": null, "sidewalk": null, "lit": null, "razed:railway": null, "old_name": null, "short_name": null, "postal_code": null, "bicycle": null, "access": null, "lanes": null, "surface": "dirt", "maxspeed:type": null, "maxspeed": null, "oneway": null, "name:etymology:wikidata": null, "name:etymology": null, "ref": null, "nat_name": null, "name": null, "designation": null, "Road_Class": "Barangay Road" }, "geometry": { "type": "MultiLineString", "coordinates": [ [ [ 121.5535928, 14.282404 ], [ 121.5537341, 14.282335 ], [ 121.5538096, 14.2822809 ] ] ] } },
{ "type": "Feature", "properties": { "full_id": "w1333111744", "osm_id": "1333111744", "osm_type": "way", "highway": "residential", "motor_vehicle": null, "bus_bay": null, "embankment": null, "handrail": null, "tunnel": null, "covered": null, "horse": null, "description": null, "bridge:structure": null, "bridge:name": null, "source_ref": null, "width": null, "motorcycle": null, "service": null, "reg_name": null, "foot": null, "source:name": null, "narrow": null, "source:nat_name": null, "shoulder:surface": null, "overtaking": null, "maxweight": null, "layer": null, "bridge": null, "shoulder:line": null, "shoulder:bicycle": null, "shoulder": null, "junction": null, "railway": null, "is_in": null, "abandoned:railway": null, "sidewalk": null, "lit": null, "razed:railway": null, "old_name": null, "short_name": null, "postal_code": null, "bicycle": null, "access": null, "lanes": null, "surface": "dirt", "maxspeed:type": null, "maxspeed": null, "oneway": null, "name:etymology:wikidata": null, "name:etymology": null, "ref": null, "nat_name": null, "name": null, "designation": null, "Road_Class": "Barangay Road" }, "geometry": { "type": "MultiLineString", "coordinates": [ [ [ 121.5545838, 14.2806687 ], [ 121.5544425, 14.2807 ], [ 121.5541864, 14.28076 ], [ 121.5539592, 14.280875 ], [ 121.553752, 14.2819144 ], [ 121.5537367, 14.2821465 ], [ 121.5538096, 14.2822809 ], [ 121.5539426, 14.2823147 ], [ 121.5540874, 14.2823105 ], [ 121.554309, 14.2822276 ] ] ] } },
{ "type": "Feature", "properties": { "full_id": "w1333111745", "osm_id": "1333111745", "osm_type": "way", "highway": "residential", "motor_vehicle": null, "bus_bay": null, "embankment": null, "handrail": null, "tunnel": null, "covered": null, "horse": null, "description": null, "bridge:structure": null, "bridge:name": null, "source_ref": null, "width": null, "motorcycle": null, "service": null, "reg_name": null, "foot": null, "source:name": null, "narrow": null, "source:nat_name": null, "shoulder:surface": null, "overtaking": null, "maxweight": null, "layer": null, "bridge": null, "shoulder:line": null, "shoulder:bicycle": null, "shoulder": null, "junction": null, "railway": null, "is_in": null, "abandoned:railway": null, "sidewalk": null, "lit": null, "razed:railway": null, "old_name": null, "short_name": null, "postal_code": null, "bicycle": null, "access": null, "lanes": null, "surface": "dirt", "maxspeed:type": null, "maxspeed": null, "oneway": null, "name:etymology:wikidata": null, "name:etymology": null, "ref": null, "nat_name": null, "name": null, "designation": null, "Road_Class": "Barangay Road" }, "geometry": { "type": "MultiLineString", "coordinates": [ [ [ 121.5535218, 14.2825138 ], [ 121.5536181, 14.2828947 ], [ 121.5536892, 14.2829611 ] ] ] } },
{ "type": "Feature", "properties": { "full_id": "w1333111746", "osm_id": "1333111746", "osm_type": "way", "highway": "residential", "motor_vehicle": null, "bus_bay": null, "embankment": null, "handrail": null, "tunnel": null, "covered": null, "horse": null, "description": null, "bridge:structure": null, "bridge:name": null, "source_ref": null, "width": null, "motorcycle": null, "service": null, "reg_name": null, "foot": null, "source:name": null, "narrow": null, "source:nat_name": null, "shoulder:surface": null, "overtaking": null, "maxweight": null, "layer": null, "bridge": null, "shoulder:line": null, "shoulder:bicycle": null, "shoulder": null, "junction": "circular", "railway": null, "is_in": null, "abandoned:railway": null, "sidewalk": null, "lit": null, "razed:railway": null, "old_name": null, "short_name": null, "postal_code": null, "bicycle": null, "access": null, "lanes": null, "surface": "dirt", "maxspeed:type": null, "maxspeed": null, "oneway": null, "name:etymology:wikidata": null, "name:etymology": null, "ref": null, "nat_name": null, "name": null, "designation": null, "Road_Class": "Barangay Road" }, "geometry": { "type": "MultiLineString", "coordinates": [ [ [ 121.5534183, 14.2823798 ], [ 121.5534381, 14.282356 ], [ 121.5534648, 14.2823398 ], [ 121.5534955, 14.2823329 ], [ 121.5535269, 14.2823362 ], [ 121.5535554, 14.2823492 ], [ 121.553578, 14.2823705 ], [ 121.5535911, 14.282395 ], [ 121.5535928, 14.282404 ], [ 121.5535962, 14.2824221 ], [ 121.5535928, 14.2824495 ], [ 121.5535812, 14.2824747 ], [ 121.5535623, 14.2824954 ], [ 121.553538, 14.2825098 ], [ 121.5535218, 14.2825138 ], [ 121.5535104, 14.2825165 ], [ 121.553482, 14.2825151 ], [ 121.5534543, 14.282505 ], [ 121.5534311, 14.282487 ], [ 121.5534147, 14.2824631 ], [ 121.5534116, 14.2824521 ], [ 121.5534068, 14.2824354 ], [ 121.553408, 14.2824067 ], [ 121.5534183, 14.2823798 ] ] ] } },
{ "type": "Feature", "properties": { "full_id": "w1333111747", "osm_id": "1333111747", "osm_type": "way", "highway": "residential", "motor_vehicle": null, "bus_bay": null, "embankment": null, "handrail": null, "tunnel": null, "covered": null, "horse": null, "description": null, "bridge:structure": null, "bridge:name": null, "source_ref": null, "width": null, "motorcycle": null, "service": null, "reg_name": null, "foot": null, "source:name": null, "narrow": null, "source:nat_name": null, "shoulder:surface": null, "overtaking": null, "maxweight": null, "layer": null, "bridge": null, "shoulder:line": null, "shoulder:bicycle": null, "shoulder": null, "junction": null, "railway": null, "is_in": null, "abandoned:railway": null, "sidewalk": null, "lit": null, "razed:railway": null, "old_name": null, "short_name": null, "postal_code": null, "bicycle": null, "access": null, "lanes": null, "surface": "dirt", "maxspeed:type": null, "maxspeed": null, "oneway": null, "name:etymology:wikidata": null, "name:etymology": null, "ref": null, "nat_name": null, "name": null, "designation": null, "Road_Class": "Barangay Road" }, "geometry": { "type": "MultiLineString", "coordinates": [ [ [ 121.5470378, 14.28216 ], [ 121.547036, 14.2818751 ], [ 121.5471242, 14.281564 ], [ 121.5473309, 14.2812968 ], [ 121.5476022, 14.2810914 ], [ 121.5479102, 14.2809993 ], [ 121.5489596, 14.2809375 ], [ 121.5496453, 14.2809139 ], [ 121.5505613, 14.2809967 ], [ 121.5507968, 14.2810863 ], [ 121.5515366, 14.281586 ], [ 121.5528007, 14.2824365 ], [ 121.5529847, 14.2825117 ], [ 121.5534116, 14.2824521 ] ] ] } },
{ "type": "Feature", "properties": { "full_id": "w1388169582", "osm_id": "1388169582", "osm_type": "way", "highway": "service", "motor_vehicle": null, "bus_bay": null, "embankment": null, "handrail": null, "tunnel": null, "covered": null, "horse": null, "description": null, "bridge:structure": null, "bridge:name": null, "source_ref": null, "width": null, "motorcycle": null, "service": null, "reg_name": null, "foot": null, "source:name": null, "narrow": null, "source:nat_name": null, "shoulder:surface": null, "overtaking": null, "maxweight": null, "layer": null, "bridge": null, "shoulder:line": null, "shoulder:bicycle": null, "shoulder": null, "junction": null, "railway": null, "is_in": null, "abandoned:railway": null, "sidewalk": null, "lit": null, "razed:railway": null, "old_name": null, "short_name": null, "postal_code": null, "bicycle": null, "access": null, "lanes": null, "surface": null, "maxspeed:type": null, "maxspeed": null, "oneway": null, "name:etymology:wikidata": null, "name:etymology": null, "ref": null, "nat_name": null, "name": null, "designation": null, "Road_Class": "Barangay Road" }, "geometry": { "type": "MultiLineString", "coordinates": [ [ [ 121.5477935, 14.2896498 ], [ 121.5478854, 14.2894133 ], [ 121.5479602, 14.2892419 ], [ 121.5480407, 14.2890942 ] ] ] } },
{ "type": "Feature", "properties": { "full_id": "w1388169583", "osm_id": "1388169583", "osm_type": "way", "highway": "service", "motor_vehicle": null, "bus_bay": null, "embankment": null, "handrail": null, "tunnel": null, "covered": null, "horse": null, "description": null, "bridge:structure": null, "bridge:name": null, "source_ref": null, "width": null, "motorcycle": null, "service": null, "reg_name": null, "foot": null, "source:name": null, "narrow": null, "source:nat_name": null, "shoulder:surface": null, "overtaking": null, "maxweight": null, "layer": null, "bridge": null, "shoulder:line": null, "shoulder:bicycle": null, "shoulder": null, "junction": null, "railway": null, "is_in": null, "abandoned:railway": null, "sidewalk": null, "lit": null, "razed:railway": null, "old_name": null, "short_name": null, "postal_code": null, "bicycle": null, "access": null, "lanes": null, "surface": null, "maxspeed:type": null, "maxspeed": null, "oneway": null, "name:etymology:wikidata": null, "name:etymology": null, "ref": null, "nat_name": null, "name": null, "designation": null, "Road_Class": "Barangay Road" }, "geometry": { "type": "MultiLineString", "coordinates": [ [ [ 121.5470874, 14.2889772 ], [ 121.5478854, 14.2894133 ] ] ] } },
{ "type": "Feature", "properties": { "full_id": "w1388169584", "osm_id": "1388169584", "osm_type": "way", "highway": "service", "motor_vehicle": null, "bus_bay": null, "embankment": null, "handrail": null, "tunnel": null, "covered": null, "horse": null, "description": null, "bridge:structure": null, "bridge:name": null, "source_ref": null, "width": null, "motorcycle": null, "service": null, "reg_name": null, "foot": null, "source:name": null, "narrow": null, "source:nat_name": null, "shoulder:surface": null, "overtaking": null, "maxweight": null, "layer": null, "bridge": null, "shoulder:line": null, "shoulder:bicycle": null, "shoulder": null, "junction": null, "railway": null, "is_in": null, "abandoned:railway": null, "sidewalk": null, "lit": null, "razed:railway": null, "old_name": null, "short_name": null, "postal_code": null, "bicycle": null, "access": null, "lanes": null, "surface": null, "maxspeed:type": null, "maxspeed": null, "oneway": null, "name:etymology:wikidata": null, "name:etymology": null, "ref": null, "nat_name": null, "name": null, "designation": null, "Road_Class": "Barangay Road" }, "geometry": { "type": "MultiLineString", "coordinates": [ [ [ 121.546979, 14.2892423 ], [ 121.5470874, 14.2889772 ], [ 121.5471737, 14.2887718 ], [ 121.5472182, 14.288672 ] ] ] } },
{ "type": "Feature", "properties": { "full_id": "w1388169585", "osm_id": "1388169585", "osm_type": "way", "highway": "service", "motor_vehicle": null, "bus_bay": null, "embankment": null, "handrail": null, "tunnel": null, "covered": null, "horse": null, "description": null, "bridge:structure": null, "bridge:name": null, "source_ref": null, "width": null, "motorcycle": null, "service": null, "reg_name": null, "foot": null, "source:name": null, "narrow": null, "source:nat_name": null, "shoulder:surface": null, "overtaking": null, "maxweight": null, "layer": null, "bridge": null, "shoulder:line": null, "shoulder:bicycle": null, "shoulder": null, "junction": null, "railway": null, "is_in": null, "abandoned:railway": null, "sidewalk": null, "lit": null, "razed:railway": null, "old_name": null, "short_name": null, "postal_code": null, "bicycle": null, "access": null, "lanes": null, "surface": null, "maxspeed:type": null, "maxspeed": null, "oneway": null, "name:etymology:wikidata": null, "name:etymology": null, "ref": null, "nat_name": null, "name": null, "designation": null, "Road_Class": "Barangay Road" }, "geometry": { "type": "MultiLineString", "coordinates": [ [ [ 121.5472487, 14.2904954 ], [ 121.5468875, 14.2900251 ], [ 121.5466085, 14.2898411 ], [ 121.5465395, 14.2897854 ], [ 121.5465538, 14.2897102 ], [ 121.5467682, 14.2891368 ], [ 121.5468271, 14.2889493 ], [ 121.5468702, 14.2886622 ], [ 121.5469162, 14.2885424 ] ] ] } },
{ "type": "Feature", "properties": { "full_id": "w1388169586", "osm_id": "1388169586", "osm_type": "way", "highway": "residential", "motor_vehicle": null, "bus_bay": null, "embankment": null, "handrail": null, "tunnel": null, "covered": null, "horse": null, "description": null, "bridge:structure": null, "bridge:name": null, "source_ref": null, "width": null, "motorcycle": null, "service": null, "reg_name": null, "foot": null, "source:name": null, "narrow": null, "source:nat_name": null, "shoulder:surface": null, "overtaking": null, "maxweight": null, "layer": null, "bridge": null, "shoulder:line": null, "shoulder:bicycle": null, "shoulder": null, "junction": null, "railway": null, "is_in": null, "abandoned:railway": null, "sidewalk": null, "lit": null, "razed:railway": null, "old_name": null, "short_name": null, "postal_code": null, "bicycle": null, "access": null, "lanes": null, "surface": null, "maxspeed:type": null, "maxspeed": null, "oneway": null, "name:etymology:wikidata": null, "name:etymology": null, "ref": null, "nat_name": null, "name": null, "designation": null, "Road_Class": "Barangay Road" }, "geometry": { "type": "MultiLineString", "coordinates": [ [ [ 121.5480636, 14.2897426 ], [ 121.5481768, 14.2898733 ], [ 121.5483455, 14.2899434 ], [ 121.5486371, 14.2899761 ], [ 121.5490033, 14.2898943 ], [ 121.549372, 14.2898803 ], [ 121.5496973, 14.289899 ], [ 121.5499913, 14.2899854 ], [ 121.5502081, 14.2900064 ], [ 121.5503816, 14.2899621 ], [ 121.5504949, 14.2898266 ], [ 121.550594, 14.2895008 ] ] ] } },
{ "type": "Feature", "properties": { "full_id": "w1428266116", "osm_id": "1428266116", "osm_type": "way", "highway": "service", "motor_vehicle": null, "bus_bay": null, "embankment": null, "handrail": null, "tunnel": null, "covered": null, "horse": null, "description": null, "bridge:structure": null, "bridge:name": null, "source_ref": null, "width": null, "motorcycle": null, "service": null, "reg_name": null, "foot": null, "source:name": null, "narrow": null, "source:nat_name": null, "shoulder:surface": null, "overtaking": null, "maxweight": null, "layer": null, "bridge": null, "shoulder:line": null, "shoulder:bicycle": null, "shoulder": null, "junction": null, "railway": null, "is_in": null, "abandoned:railway": null, "sidewalk": null, "lit": null, "razed:railway": null, "old_name": null, "short_name": null, "postal_code": null, "bicycle": null, "access": null, "lanes": null, "surface": null, "maxspeed:type": null, "maxspeed": null, "oneway": null, "name:etymology:wikidata": null, "name:etymology": null, "ref": null, "nat_name": null, "name": null, "designation": null, "Road_Class": "Barangay Road" }, "geometry": { "type": "MultiLineString", "coordinates": [ [ [ 121.5553797, 14.2872979 ], [ 121.5552134, 14.2873044 ], [ 121.554801, 14.2872966 ], [ 121.5547635, 14.2872888 ], [ 121.5547353, 14.287268 ] ] ] } },
{ "type": "Feature", "properties": { "full_id": "w1428297545", "osm_id": "1428297545", "osm_type": "way", "highway": "service", "motor_vehicle": null, "bus_bay": null, "embankment": null, "handrail": null, "tunnel": null, "covered": "yes", "horse": null, "description": null, "bridge:structure": null, "bridge:name": null, "source_ref": null, "width": null, "motorcycle": null, "service": null, "reg_name": null, "foot": null, "source:name": null, "narrow": null, "source:nat_name": null, "shoulder:surface": null, "overtaking": null, "maxweight": null, "layer": null, "bridge": null, "shoulder:line": null, "shoulder:bicycle": null, "shoulder": null, "junction": null, "railway": null, "is_in": null, "abandoned:railway": null, "sidewalk": null, "lit": null, "razed:railway": null, "old_name": null, "short_name": null, "postal_code": null, "bicycle": null, "access": null, "lanes": null, "surface": null, "maxspeed:type": null, "maxspeed": null, "oneway": "yes", "name:etymology:wikidata": null, "name:etymology": null, "ref": null, "nat_name": null, "name": null, "designation": null, "Road_Class": "Barangay Road" }, "geometry": { "type": "MultiLineString", "coordinates": [ [ [ 121.5554037, 14.2869314 ], [ 121.5554307, 14.2869145 ], [ 121.555489, 14.2869055 ], [ 121.5555266, 14.2869132 ] ] ] } },
{ "type": "Feature", "properties": { "full_id": "w1428297546", "osm_id": "1428297546", "osm_type": "way", "highway": "service", "motor_vehicle": null, "bus_bay": null, "embankment": null, "handrail": null, "tunnel": null, "covered": null, "horse": null, "description": null, "bridge:structure": null, "bridge:name": null, "source_ref": null, "width": null, "motorcycle": null, "service": null, "reg_name": null, "foot": null, "source:name": null, "narrow": null, "source:nat_name": null, "shoulder:surface": null, "overtaking": null, "maxweight": null, "layer": null, "bridge": null, "shoulder:line": null, "shoulder:bicycle": null, "shoulder": null, "junction": null, "railway": null, "is_in": null, "abandoned:railway": null, "sidewalk": null, "lit": null, "razed:railway": null, "old_name": null, "short_name": null, "postal_code": null, "bicycle": null, "access": null, "lanes": null, "surface": null, "maxspeed:type": null, "maxspeed": null, "oneway": "yes", "name:etymology:wikidata": null, "name:etymology": null, "ref": null, "nat_name": null, "name": null, "designation": null, "Road_Class": "Barangay Road" }, "geometry": { "type": "MultiLineString", "coordinates": [ [ [ 121.555363, 14.2871946 ], [ 121.5553562, 14.2871309 ], [ 121.5553609, 14.2870692 ], [ 121.5553603, 14.2870205 ], [ 121.555367, 14.286975 ], [ 121.5554037, 14.2869314 ] ] ] } },
{ "type": "Feature", "properties": { "full_id": "w1514712019", "osm_id": "1514712019", "osm_type": "way", "highway": "track", "motor_vehicle": null, "bus_bay": null, "embankment": null, "handrail": null, "tunnel": null, "covered": null, "horse": null, "description": null, "bridge:structure": null, "bridge:name": null, "source_ref": null, "width": null, "motorcycle": null, "service": null, "reg_name": null, "foot": null, "source:name": null, "narrow": null, "source:nat_name": null, "shoulder:surface": null, "overtaking": null, "maxweight": null, "layer": null, "bridge": null, "shoulder:line": null, "shoulder:bicycle": null, "shoulder": null, "junction": null, "railway": null, "is_in": null, "abandoned:railway": null, "sidewalk": null, "lit": null, "razed:railway": null, "old_name": null, "short_name": null, "postal_code": null, "bicycle": null, "access": null, "lanes": null, "surface": null, "maxspeed:type": null, "maxspeed": null, "oneway": null, "name:etymology:wikidata": null, "name:etymology": null, "ref": null, "nat_name": null, "name": null, "designation": null, "Road_Class": "Other" }, "geometry": { "type": "MultiLineString", "coordinates": [ [ [ 121.5737577, 14.2896842 ], [ 121.5735025, 14.2900464 ], [ 121.5733504, 14.2901564 ], [ 121.5730645, 14.29029 ], [ 121.5729509, 14.2903136 ], [ 121.5728191, 14.2902959 ], [ 121.572665, 14.2902488 ], [ 121.5725413, 14.2902016 ], [ 121.5724278, 14.2901112 ], [ 121.5723305, 14.290011 ], [ 121.572227, 14.2899698 ], [ 121.5721135, 14.2899678 ], [ 121.5719574, 14.2900012 ], [ 121.5718722, 14.2900012 ], [ 121.5717505, 14.2899658 ], [ 121.5715883, 14.2898912 ], [ 121.5714646, 14.2898263 ], [ 121.5712578, 14.2897831 ], [ 121.5710793, 14.2897811 ], [ 121.5709313, 14.2898381 ], [ 121.5707914, 14.2899363 ], [ 121.5706556, 14.2899639 ], [ 121.5704812, 14.2899756 ], [ 121.5702804, 14.2899835 ], [ 121.5701121, 14.2899737 ], [ 121.5699479, 14.289956 ], [ 121.5698262, 14.2899599 ], [ 121.5696579, 14.2900032 ], [ 121.5694065, 14.290127 ], [ 121.5691753, 14.2903038 ], [ 121.5689421, 14.2905357 ], [ 121.5688306, 14.2906634 ], [ 121.568717, 14.2907754 ], [ 121.5686055, 14.2908383 ], [ 121.5684555, 14.2909149 ], [ 121.5683135, 14.2910132 ], [ 121.5680661, 14.2912745 ], [ 121.5679303, 14.2913865 ], [ 121.5676971, 14.2915005 ], [ 121.5675205, 14.2915375 ], [ 121.5674622, 14.2915182 ], [ 121.5674157, 14.2915028 ], [ 121.5673743, 14.2914092 ], [ 121.5673329, 14.2912274 ], [ 121.5672198, 14.2910482 ], [ 121.5670735, 14.2909493 ], [ 121.5668693, 14.2909172 ], [ 121.5666596, 14.2909787 ], [ 121.5664582, 14.2910857 ], [ 121.5663368, 14.2911819 ], [ 121.5662816, 14.2912808 ], [ 121.5662347, 14.2913504 ], [ 121.5661492, 14.2913958 ], [ 121.5660277, 14.2914252 ], [ 121.5658677, 14.2914921 ], [ 121.5657518, 14.2915964 ], [ 121.5656911, 14.2916766 ], [ 121.5656801, 14.2917595 ], [ 121.5656939, 14.2918771 ], [ 121.5657353, 14.2921124 ], [ 121.5657439, 14.2921589 ], [ 121.5657546, 14.2922167 ], [ 121.5657518, 14.2923745 ], [ 121.5656994, 14.2924734 ], [ 121.5656166, 14.292567 ], [ 121.5654648, 14.2927087 ], [ 121.5653738, 14.2928344 ], [ 121.5653572, 14.292952 ], [ 121.5653876, 14.2930162 ], [ 121.56552, 14.2931178 ], [ 121.5657297, 14.2932301 ], [ 121.5658732, 14.2933023 ], [ 121.566025, 14.2933585 ], [ 121.5661381, 14.2934253 ], [ 121.5662016, 14.2935055 ], [ 121.5662237, 14.2936232 ], [ 121.5661767, 14.2937462 ], [ 121.5660277, 14.2940911 ], [ 121.5659532, 14.294182 ], [ 121.5657546, 14.2943906 ], [ 121.5656883, 14.2945029 ], [ 121.5656608, 14.2946045 ], [ 121.5656856, 14.2947302 ], [ 121.565818, 14.295019 ], [ 121.5658789, 14.2951567 ], [ 121.5658596, 14.2953438 ], [ 121.5657566, 14.2955497 ], [ 121.5654798, 14.2958366 ], [ 121.5653381, 14.295924 ], [ 121.5651933, 14.2959583 ], [ 121.5650838, 14.29603 ], [ 121.5648843, 14.2961579 ], [ 121.5646042, 14.296264 ], [ 121.5643306, 14.2963607 ], [ 121.5642051, 14.2963794 ], [ 121.5640603, 14.2963575 ], [ 121.5638961, 14.2963669 ], [ 121.5636804, 14.2963981 ] ] ] } },
{ "type": "Feature", "properties": { "full_id": "w1514712020", "osm_id": "1514712020", "osm_type": "way", "highway": "track", "motor_vehicle": null, "bus_bay": null, "embankment": null, "handrail": null, "tunnel": null, "covered": null, "horse": null, "description": null, "bridge:structure": null, "bridge:name": null, "source_ref": null, "width": null, "motorcycle": null, "service": null, "reg_name": null, "foot": null, "source:name": null, "narrow": null, "source:nat_name": null, "shoulder:surface": null, "overtaking": null, "maxweight": null, "layer": null, "bridge": null, "shoulder:line": null, "shoulder:bicycle": null, "shoulder": null, "junction": null, "railway": null, "is_in": null, "abandoned:railway": null, "sidewalk": null, "lit": null, "razed:railway": null, "old_name": null, "short_name": null, "postal_code": null, "bicycle": null, "access": null, "lanes": null, "surface": null, "maxspeed:type": null, "maxspeed": null, "oneway": null, "name:etymology:wikidata": null, "name:etymology": null, "ref": null, "nat_name": null, "name": null, "designation": null, "Road_Class": "Other" }, "geometry": { "type": "MultiLineString", "coordinates": [ [ [ 121.5674622, 14.2915182 ], [ 121.5671575, 14.291591 ], [ 121.5669643, 14.2916498 ], [ 121.5667602, 14.2917086 ], [ 121.5665642, 14.2917407 ], [ 121.5663932, 14.2917461 ], [ 121.566189, 14.2917755 ], [ 121.5660179, 14.291853 ], [ 121.565891, 14.29196 ], [ 121.5657889, 14.2921017 ], [ 121.5657439, 14.2921589 ] ] ] } },
{ "type": "Feature", "properties": { "full_id": "w33621634", "osm_id": "33621634", "osm_type": "way", "highway": "primary", "motor_vehicle": null, "bus_bay": null, "embankment": null, "handrail": null, "tunnel": null, "covered": null, "horse": null, "description": null, "bridge:structure": null, "bridge:name": null, "source_ref": null, "width": null, "motorcycle": null, "service": null, "reg_name": null, "foot": null, "source:name": null, "narrow": null, "source:nat_name": null, "shoulder:surface": null, "overtaking": null, "maxweight": null, "layer": null, "bridge": null, "shoulder:line": "solid_line", "shoulder:bicycle": "yes", "shoulder": "both", "junction": null, "railway": null, "is_in": null, "abandoned:railway": null, "sidewalk": "no", "lit": "yes", "razed:railway": null, "old_name": null, "short_name": null, "postal_code": null, "bicycle": null, "access": null, "lanes": "2", "surface": "asphalt", "maxspeed:type": null, "maxspeed": null, "oneway": null, "name:etymology:wikidata": null, "name:etymology": null, "ref": "66", "nat_name": "Calamba-Santa Cruz-Famy Road", "name": "National Highway", "designation": "national_secondary_road", "Road_Class": "National Road" }, "geometry": { "type": "MultiLineString", "coordinates": [ [ [ 121.4590276, 14.2916118 ], [ 121.4587532, 14.2915235 ], [ 121.4583672, 14.2913899 ], [ 121.4582586, 14.2913271 ], [ 121.4581869, 14.2912373 ], [ 121.4581483, 14.2911474 ], [ 121.4581396, 14.290968 ], [ 121.4581199, 14.2906622 ], [ 121.4581145, 14.2905778 ], [ 121.4581056, 14.2902933 ], [ 121.4580633, 14.2898267 ], [ 121.4580497, 14.2896256 ], [ 121.4580405, 14.2893777 ], [ 121.4580342, 14.2891024 ], [ 121.4580257, 14.2889019 ], [ 121.4579783, 14.2881658 ], [ 121.4579014, 14.28719 ], [ 121.4578434, 14.2863611 ], [ 121.4577944, 14.2855668 ], [ 121.4577789, 14.2853167 ], [ 121.4577349, 14.2846036 ], [ 121.4577034, 14.2840219 ], [ 121.4576937, 14.2837911 ], [ 121.4576831, 14.2835385 ], [ 121.4576632, 14.2830667 ], [ 121.457657846331088, 14.282990629958197 ] ] ] } },
{ "type": "Feature", "properties": { "full_id": "w96027956", "osm_id": "96027956", "osm_type": "way", "highway": "residential", "motor_vehicle": null, "bus_bay": null, "embankment": null, "handrail": null, "tunnel": null, "covered": null, "horse": null, "description": null, "bridge:structure": null, "bridge:name": null, "source_ref": null, "width": null, "motorcycle": null, "service": null, "reg_name": null, "foot": null, "source:name": null, "narrow": null, "source:nat_name": null, "shoulder:surface": null, "overtaking": null, "maxweight": null, "layer": null, "bridge": null, "shoulder:line": null, "shoulder:bicycle": null, "shoulder": null, "junction": null, "railway": null, "is_in": null, "abandoned:railway": null, "sidewalk": null, "lit": null, "razed:railway": null, "old_name": null, "short_name": null, "postal_code": null, "bicycle": null, "access": null, "lanes": null, "surface": null, "maxspeed:type": null, "maxspeed": null, "oneway": "yes", "name:etymology:wikidata": null, "name:etymology": null, "ref": null, "nat_name": null, "name": null, "designation": null, "Road_Class": "Barangay Road" }, "geometry": { "type": "MultiLineString", "coordinates": [ [ [ 121.458679, 14.3048881 ], [ 121.4589181, 14.3049836 ], [ 121.4591662, 14.3050827 ] ] ] } },
{ "type": "Feature", "properties": { "full_id": "w96052668", "osm_id": "96052668", "osm_type": "way", "highway": "residential", "motor_vehicle": null, "bus_bay": null, "embankment": null, "handrail": null, "tunnel": null, "covered": null, "horse": null, "description": null, "bridge:structure": null, "bridge:name": null, "source_ref": null, "width": null, "motorcycle": null, "service": null, "reg_name": null, "foot": null, "source:name": null, "narrow": null, "source:nat_name": null, "shoulder:surface": null, "overtaking": null, "maxweight": null, "layer": null, "bridge": null, "shoulder:line": null, "shoulder:bicycle": null, "shoulder": null, "junction": null, "railway": null, "is_in": null, "abandoned:railway": null, "sidewalk": null, "lit": null, "razed:railway": null, "old_name": null, "short_name": null, "postal_code": null, "bicycle": null, "access": null, "lanes": null, "surface": null, "maxspeed:type": null, "maxspeed": null, "oneway": null, "name:etymology:wikidata": null, "name:etymology": null, "ref": null, "nat_name": null, "name": "Magano Street", "designation": null, "Road_Class": "Barangay Road" }, "geometry": { "type": "MultiLineString", "coordinates": [ [ [ 121.4545066, 14.2897919 ], [ 121.454606, 14.2898041 ], [ 121.4548375, 14.2898358 ], [ 121.4554578, 14.2899646 ], [ 121.456015, 14.2900881 ], [ 121.4563832, 14.290174 ], [ 121.4567965, 14.2902738 ], [ 121.4581145, 14.2905778 ] ] ] } },
{ "type": "Feature", "properties": { "full_id": "w96052670", "osm_id": "96052670", "osm_type": "way", "highway": "unclassified", "motor_vehicle": null, "bus_bay": null, "embankment": null, "handrail": null, "tunnel": null, "covered": null, "horse": null, "description": null, "bridge:structure": null, "bridge:name": null, "source_ref": null, "width": null, "motorcycle": null, "service": null, "reg_name": null, "foot": null, "source:name": null, "narrow": null, "source:nat_name": null, "shoulder:surface": null, "overtaking": null, "maxweight": null, "layer": null, "bridge": null, "shoulder:line": null, "shoulder:bicycle": null, "shoulder": null, "junction": null, "railway": null, "is_in": null, "abandoned:railway": null, "sidewalk": null, "lit": null, "razed:railway": null, "old_name": null, "short_name": null, "postal_code": null, "bicycle": null, "access": null, "lanes": null, "surface": "unpaved", "maxspeed:type": null, "maxspeed": null, "oneway": null, "name:etymology:wikidata": null, "name:etymology": null, "ref": null, "nat_name": null, "name": null, "designation": null, "Road_Class": "Barangay Road" }, "geometry": { "type": "MultiLineString", "coordinates": [ [ [ 121.4581483, 14.2911474 ], [ 121.458011, 14.2912135 ], [ 121.4579659, 14.2913215 ], [ 121.4578715, 14.2916918 ], [ 121.4577582, 14.2921493 ] ] ] } },
{ "type": "Feature", "properties": { "full_id": "w96052672", "osm_id": "96052672", "osm_type": "way", "highway": "residential", "motor_vehicle": null, "bus_bay": null, "embankment": null, "handrail": null, "tunnel": null, "covered": null, "horse": null, "description": null, "bridge:structure": null, "bridge:name": null, "source_ref": null, "width": null, "motorcycle": null, "service": null, "reg_name": null, "foot": null, "source:name": null, "narrow": null, "source:nat_name": null, "shoulder:surface": null, "overtaking": null, "maxweight": null, "layer": null, "bridge": null, "shoulder:line": null, "shoulder:bicycle": null, "shoulder": null, "junction": null, "railway": null, "is_in": null, "abandoned:railway": null, "sidewalk": null, "lit": null, "razed:railway": null, "old_name": null, "short_name": null, "postal_code": null, "bicycle": null, "access": null, "lanes": null, "surface": null, "maxspeed:type": null, "maxspeed": null, "oneway": null, "name:etymology:wikidata": null, "name:etymology": null, "ref": null, "nat_name": null, "name": "General Luna Street", "designation": null, "Road_Class": "Barangay Road" }, "geometry": { "type": "MultiLineString", "coordinates": [ [ [ 121.4591662, 14.3050827 ], [ 121.4590633, 14.305306 ], [ 121.4589815, 14.3054976 ], [ 121.4589452, 14.3055889 ], [ 121.4584583, 14.3068145 ], [ 121.4582831, 14.3072411 ], [ 121.4581544, 14.3074594 ], [ 121.4577547, 14.3081052 ], [ 121.4576179, 14.3082872 ], [ 121.4575727, 14.3083362 ], [ 121.457516, 14.3083977 ], [ 121.4573872, 14.3084444 ], [ 121.4570653, 14.3089798 ], [ 121.4569433, 14.3090565 ], [ 121.4567851, 14.3090734 ], [ 121.456663, 14.3090773 ], [ 121.4565758, 14.3091059 ], [ 121.4565557, 14.3091462 ], [ 121.4564458, 14.3093034 ], [ 121.4561708, 14.3098206 ], [ 121.4561668, 14.3098336 ], [ 121.4560327, 14.3100831 ], [ 121.4558423, 14.3102468 ], [ 121.4555607, 14.3105873 ], [ 121.4550135, 14.3112344 ], [ 121.4546702, 14.3116606 ], [ 121.4545414, 14.3118426 ], [ 121.454233, 14.3124013 ], [ 121.4539862, 14.3128484 ], [ 121.4535397, 14.3136865 ], [ 121.453443, 14.3138308 ], [ 121.4533425, 14.3139399 ], [ 121.453195, 14.3140907 ], [ 121.4529961, 14.3142814 ], [ 121.4529348, 14.3143402 ], [ 121.4528329, 14.3144805 ], [ 121.4526961, 14.3147664 ], [ 121.4524141, 14.3153663 ], [ 121.4522964, 14.315598 ], [ 121.4521132, 14.315958 ], [ 121.4517412, 14.316739 ], [ 121.451355, 14.317555 ], [ 121.4511397, 14.317975 ], [ 121.4510907, 14.3180657 ], [ 121.4507971, 14.3186284 ], [ 121.45073, 14.3187168 ], [ 121.4506308, 14.3188051 ], [ 121.450506, 14.3188825 ], [ 121.4499139, 14.3191651 ], [ 121.4496651, 14.3192833 ], [ 121.4495022, 14.3193944 ], [ 121.4493728, 14.3195224 ], [ 121.4491234, 14.3198602 ], [ 121.4488203, 14.3202501 ], [ 121.4487002, 14.3203953 ], [ 121.4486647, 14.3204346 ], [ 121.4480961, 14.3212818 ], [ 121.4475504, 14.322231 ], [ 121.4472481, 14.3225907 ], [ 121.446586, 14.3234113 ], [ 121.4464573, 14.3236234 ], [ 121.4463687, 14.3238625 ], [ 121.4458957, 14.324533 ], [ 121.4457894, 14.3246837 ], [ 121.4454809, 14.3250995 ], [ 121.4450085, 14.325823 ], [ 121.4447568, 14.3262642 ], [ 121.4444751, 14.3268589 ], [ 121.4439883, 14.3279478 ], [ 121.4437804, 14.3284214 ], [ 121.44375, 14.328545 ], [ 121.4437482, 14.3286365 ], [ 121.4438099, 14.3288833 ], [ 121.4438532, 14.3290188 ], [ 121.4439038, 14.329177 ], [ 121.4439311, 14.3292941 ], [ 121.4439155, 14.329447 ], [ 121.4438689, 14.329535 ], [ 121.443767, 14.3296591 ], [ 121.4434371, 14.3299878 ] ] ] } },
{ "type": "Feature", "properties": { "full_id": "w97661855", "osm_id": "97661855", "osm_type": "way", "highway": "residential", "motor_vehicle": null, "bus_bay": null, "embankment": null, "handrail": null, "tunnel": null, "covered": null, "horse": null, "description": null, "bridge:structure": null, "bridge:name": null, "source_ref": null, "width": null, "motorcycle": null, "service": null, "reg_name": null, "foot": null, "source:name": null, "narrow": null, "source:nat_name": null, "shoulder:surface": null, "overtaking": null, "maxweight": null, "layer": null, "bridge": null, "shoulder:line": null, "shoulder:bicycle": null, "shoulder": null, "junction": null, "railway": null, "is_in": null, "abandoned:railway": null, "sidewalk": null, "lit": null, "razed:railway": null, "old_name": null, "short_name": null, "postal_code": null, "bicycle": null, "access": null, "lanes": null, "surface": null, "maxspeed:type": null, "maxspeed": null, "oneway": null, "name:etymology:wikidata": null, "name:etymology": null, "ref": null, "nat_name": null, "name": null, "designation": null, "Road_Class": "Barangay Road" }, "geometry": { "type": "MultiLineString", "coordinates": [ [ [ 121.452924, 14.3009696 ], [ 121.4528342, 14.3011086 ], [ 121.4528112, 14.301149 ], [ 121.4525887, 14.3014179 ], [ 121.4523885, 14.3016472 ] ] ] } },
{ "type": "Feature", "properties": { "full_id": "w97661856", "osm_id": "97661856", "osm_type": "way", "highway": "unclassified", "motor_vehicle": null, "bus_bay": null, "embankment": null, "handrail": null, "tunnel": null, "covered": null, "horse": null, "description": null, "bridge:structure": null, "bridge:name": null, "source_ref": null, "width": null, "motorcycle": null, "service": null, "reg_name": null, "foot": null, "source:name": null, "narrow": null, "source:nat_name": null, "shoulder:surface": null, "overtaking": null, "maxweight": null, "layer": null, "bridge": null, "shoulder:line": null, "shoulder:bicycle": null, "shoulder": null, "junction": null, "railway": null, "is_in": null, "abandoned:railway": null, "sidewalk": null, "lit": null, "razed:railway": null, "old_name": null, "short_name": null, "postal_code": null, "bicycle": null, "access": null, "lanes": null, "surface": null, "maxspeed:type": null, "maxspeed": null, "oneway": null, "name:etymology:wikidata": null, "name:etymology": null, "ref": null, "nat_name": null, "name": null, "designation": null, "Road_Class": "Barangay Road" }, "geometry": { "type": "MultiLineString", "coordinates": [ [ [ 121.4569048, 14.2990865 ], [ 121.457068, 14.2993984 ], [ 121.4570953, 14.2994945 ], [ 121.4571055, 14.2997389 ], [ 121.457124, 14.3004858 ], [ 121.4570963, 14.3005342 ], [ 121.4569553, 14.3007214 ], [ 121.4569243, 14.3007791 ], [ 121.4568869, 14.3008721 ], [ 121.4568668, 14.3009787 ], [ 121.4568561, 14.3010826 ], [ 121.4568695, 14.3012282 ], [ 121.4568722, 14.3014647 ], [ 121.456824, 14.3020442 ], [ 121.4567783, 14.3023757 ], [ 121.456722, 14.3026239 ], [ 121.456392, 14.30357 ], [ 121.4562982, 14.3036531 ], [ 121.4557403, 14.3040092 ], [ 121.4556732, 14.3041002 ], [ 121.4555727, 14.3042821 ], [ 121.4555002, 14.3044133 ], [ 121.4550902, 14.3050648 ], [ 121.4550725, 14.305093 ], [ 121.454671, 14.3057628 ], [ 121.4544595, 14.3060586 ], [ 121.4543577, 14.3061937 ], [ 121.4542785, 14.3063093 ], [ 121.4542168, 14.3064003 ], [ 121.4541337, 14.3065203 ], [ 121.4540988, 14.3065705 ], [ 121.4540072, 14.3067146 ], [ 121.4538546, 14.3069526 ], [ 121.4537635, 14.3070982 ], [ 121.4536925, 14.3072216 ], [ 121.4536079, 14.3073802 ], [ 121.4535034, 14.3075959 ], [ 121.4534148, 14.3077934 ], [ 121.453266, 14.3081235 ], [ 121.4531775, 14.3083106 ], [ 121.4531117, 14.3084509 ], [ 121.4529884, 14.3086796 ], [ 121.4528858, 14.3088843 ], [ 121.4525404, 14.3095425 ], [ 121.4519449, 14.3107199 ], [ 121.4516472, 14.3113852 ], [ 121.4516083, 14.3114463 ], [ 121.4514998, 14.3115671 ], [ 121.4511517, 14.3114781 ], [ 121.4511034, 14.3114658 ], [ 121.4510625, 14.3114658 ], [ 121.4509069, 14.3118088 ], [ 121.4502847, 14.3131109 ], [ 121.4502075, 14.3132462 ], [ 121.4500113, 14.3135901 ], [ 121.4499333, 14.3137269 ], [ 121.4497804, 14.3140361 ], [ 121.4492708, 14.3152758 ], [ 121.4489087, 14.3161335 ], [ 121.4487156, 14.3165311 ], [ 121.4484715, 14.3169885 ], [ 121.4480531, 14.3179319 ], [ 121.4478948, 14.3183659 ], [ 121.44775, 14.3188623 ], [ 121.4477245, 14.3189364 ], [ 121.4476869, 14.3190377 ], [ 121.4476427, 14.319117 ], [ 121.4475529, 14.31923 ], [ 121.4474201, 14.3194185 ], [ 121.4472698, 14.3196394 ], [ 121.4470955, 14.3199694 ], [ 121.4468756, 14.3203541 ], [ 121.4466261, 14.320853 ], [ 121.4463364, 14.3213884 ], [ 121.4460226, 14.3219368 ], [ 121.4455345, 14.3226229 ], [ 121.4451858, 14.3230907 ], [ 121.4445759, 14.3239314 ], [ 121.4443269, 14.3242835 ] ] ] } },
{ "type": "Feature", "properties": { "full_id": "w97661864", "osm_id": "97661864", "osm_type": "way", "highway": "residential", "motor_vehicle": null, "bus_bay": null, "embankment": null, "handrail": null, "tunnel": null, "covered": null, "horse": null, "description": null, "bridge:structure": null, "bridge:name": null, "source_ref": null, "width": null, "motorcycle": null, "service": null, "reg_name": null, "foot": null, "source:name": null, "narrow": null, "source:nat_name": null, "shoulder:surface": null, "overtaking": null, "maxweight": null, "layer": null, "bridge": null, "shoulder:line": null, "shoulder:bicycle": null, "shoulder": null, "junction": null, "railway": null, "is_in": null, "abandoned:railway": null, "sidewalk": null, "lit": null, "razed:railway": null, "old_name": null, "short_name": null, "postal_code": null, "bicycle": null, "access": null, "lanes": null, "surface": null, "maxspeed:type": null, "maxspeed": null, "oneway": null, "name:etymology:wikidata": null, "name:etymology": null, "ref": null, "nat_name": null, "name": "Cosme Street", "designation": null, "Road_Class": "Barangay Road" }, "geometry": { "type": "MultiLineString", "coordinates": [ [ [ 121.4581145, 14.2905778 ], [ 121.4581965, 14.2906173 ], [ 121.4582378, 14.2906595 ], [ 121.458303, 14.2907417 ], [ 121.4584068, 14.2906825 ], [ 121.4584661, 14.2906509 ], [ 121.4586391, 14.2906993 ], [ 121.4589114, 14.2907695 ], [ 121.4593191, 14.2908527 ] ] ] } },
{ "type": "Feature", "properties": { "full_id": "w97661866", "osm_id": "97661866", "osm_type": "way", "highway": "residential", "motor_vehicle": null, "bus_bay": null, "embankment": null, "handrail": null, "tunnel": null, "covered": null, "horse": null, "description": null, "bridge:structure": null, "bridge:name": null, "source_ref": null, "width": null, "motorcycle": null, "service": null, "reg_name": null, "foot": null, "source:name": null, "narrow": null, "source:nat_name": null, "shoulder:surface": null, "overtaking": null, "maxweight": null, "layer": null, "bridge": null, "shoulder:line": null, "shoulder:bicycle": null, "shoulder": null, "junction": null, "railway": null, "is_in": null, "abandoned:railway": null, "sidewalk": null, "lit": null, "razed:railway": null, "old_name": null, "short_name": null, "postal_code": null, "bicycle": null, "access": null, "lanes": null, "surface": null, "maxspeed:type": null, "maxspeed": null, "oneway": null, "name:etymology:wikidata": null, "name:etymology": null, "ref": null, "nat_name": null, "name": null, "designation": null, "Road_Class": "Barangay Road" }, "geometry": { "type": "MultiLineString", "coordinates": [ [ [ 121.4527483, 14.301839 ], [ 121.4526027, 14.3017657 ], [ 121.4523885, 14.3016472 ], [ 121.4521636, 14.3014933 ], [ 121.451855, 14.3012841 ], [ 121.4518216, 14.3012749 ], [ 121.4517814, 14.3012821 ], [ 121.4517558, 14.3012919 ], [ 121.4516861, 14.3013607 ], [ 121.4512449, 14.3018819 ], [ 121.4511697, 14.3019742 ], [ 121.4509493, 14.302229 ], [ 121.4508117, 14.302416 ], [ 121.4507729, 14.3025017 ], [ 121.4507299, 14.3025941 ], [ 121.4506213, 14.302941 ], [ 121.4505879, 14.3029851 ], [ 121.4505563, 14.3030072 ], [ 121.4505207, 14.3030164 ], [ 121.4504771, 14.3030151 ], [ 121.4503941, 14.3029994 ], [ 121.4502739, 14.3029761 ], [ 121.4501534, 14.3029236 ], [ 121.4500459, 14.3028682 ], [ 121.4499816, 14.3028448 ], [ 121.449708, 14.302733 ], [ 121.4494625, 14.3026174 ], [ 121.4493767, 14.3026005 ], [ 121.4492989, 14.3025979 ], [ 121.4491272, 14.3025277 ], [ 121.4489381, 14.3024549 ], [ 121.4487289, 14.3023575 ], [ 121.4484099, 14.3022431 ], [ 121.4480478, 14.3021314 ], [ 121.4479727, 14.3021236 ], [ 121.4479204, 14.3021314 ], [ 121.4478573, 14.3022041 ], [ 121.4472779, 14.3034088 ] ] ] } },
{ "type": "Feature", "properties": { "full_id": "w97661870", "osm_id": "97661870", "osm_type": "way", "highway": "residential", "motor_vehicle": null, "bus_bay": null, "embankment": null, "handrail": null, "tunnel": null, "covered": null, "horse": null, "description": null, "bridge:structure": null, "bridge:name": null, "source_ref": null, "width": null, "motorcycle": null, "service": null, "reg_name": null, "foot": null, "source:name": null, "narrow": null, "source:nat_name": null, "shoulder:surface": null, "overtaking": null, "maxweight": null, "layer": null, "bridge": null, "shoulder:line": null, "shoulder:bicycle": null, "shoulder": null, "junction": null, "railway": null, "is_in": null, "abandoned:railway": null, "sidewalk": null, "lit": null, "razed:railway": null, "old_name": null, "short_name": null, "postal_code": null, "bicycle": null, "access": null, "lanes": null, "surface": null, "maxspeed:type": null, "maxspeed": null, "oneway": null, "name:etymology:wikidata": null, "name:etymology": null, "ref": null, "nat_name": null, "name": "Daang Hapon Street", "designation": null, "Road_Class": "Barangay Road" }, "geometry": { "type": "MultiLineString", "coordinates": [ [ [ 121.458303, 14.2907417 ], [ 121.4583185, 14.2908136 ], [ 121.4583353, 14.290851 ], [ 121.4584474, 14.2909161 ], [ 121.4586774, 14.2910109 ], [ 121.4587285, 14.2910299 ], [ 121.4587719, 14.2910473 ], [ 121.4588114, 14.2910577 ], [ 121.4589521, 14.2911096 ], [ 121.4592413, 14.2912267 ] ] ] } },
{ "type": "Feature", "properties": { "full_id": "w97661874", "osm_id": "97661874", "osm_type": "way", "highway": "residential", "motor_vehicle": null, "bus_bay": null, "embankment": null, "handrail": null, "tunnel": null, "covered": null, "horse": null, "description": null, "bridge:structure": null, "bridge:name": null, "source_ref": null, "width": null, "motorcycle": null, "service": null, "reg_name": null, "foot": null, "source:name": null, "narrow": null, "source:nat_name": null, "shoulder:surface": null, "overtaking": null, "maxweight": null, "layer": null, "bridge": null, "shoulder:line": null, "shoulder:bicycle": null, "shoulder": null, "junction": null, "railway": null, "is_in": null, "abandoned:railway": null, "sidewalk": null, "lit": null, "razed:railway": null, "old_name": null, "short_name": null, "postal_code": null, "bicycle": null, "access": null, "lanes": null, "surface": null, "maxspeed:type": null, "maxspeed": null, "oneway": null, "name:etymology:wikidata": null, "name:etymology": null, "ref": null, "nat_name": null, "name": null, "designation": null, "Road_Class": "Barangay Road" }, "geometry": { "type": "MultiLineString", "coordinates": [ [ [ 121.4523885, 14.3016472 ], [ 121.4519503, 14.3020937 ], [ 121.4514889, 14.3025862 ] ] ] } },
{ "type": "Feature", "properties": { "full_id": "w97661876", "osm_id": "97661876", "osm_type": "way", "highway": "residential", "motor_vehicle": null, "bus_bay": null, "embankment": null, "handrail": null, "tunnel": null, "covered": null, "horse": null, "description": null, "bridge:structure": null, "bridge:name": null, "source_ref": null, "width": null, "motorcycle": null, "service": null, "reg_name": null, "foot": null, "source:name": null, "narrow": null, "source:nat_name": null, "shoulder:surface": null, "overtaking": null, "maxweight": null, "layer": null, "bridge": null, "shoulder:line": null, "shoulder:bicycle": null, "shoulder": null, "junction": null, "railway": null, "is_in": null, "abandoned:railway": null, "sidewalk": null, "lit": null, "razed:railway": null, "old_name": null, "short_name": null, "postal_code": null, "bicycle": null, "access": null, "lanes": null, "surface": null, "maxspeed:type": null, "maxspeed": null, "oneway": null, "name:etymology:wikidata": null, "name:etymology": null, "ref": null, "nat_name": null, "name": null, "designation": null, "Road_Class": "Barangay Road" }, "geometry": { "type": "MultiLineString", "coordinates": [ [ [ 121.4541435, 14.2995035 ], [ 121.4540794, 14.2994277 ], [ 121.4538842, 14.2992373 ], [ 121.4537662, 14.2990943 ], [ 121.4536482, 14.2989488 ], [ 121.4534068, 14.2986707 ], [ 121.453262, 14.2985082 ], [ 121.4532177, 14.2984471 ], [ 121.4531386, 14.2983016 ], [ 121.4529836, 14.298053 ], [ 121.4528382, 14.2978052 ], [ 121.4527041, 14.2975504 ], [ 121.4526048, 14.2971866 ], [ 121.4525431, 14.2969708 ], [ 121.4525323, 14.2968149 ], [ 121.452476, 14.2964614 ], [ 121.4523902, 14.2962457 ], [ 121.452269, 14.2960999 ], [ 121.4522024, 14.2959832 ], [ 121.4519744, 14.2957466 ], [ 121.4518691, 14.2956867 ], [ 121.4518055, 14.2956505 ], [ 121.451497, 14.2955751 ], [ 121.4510223, 14.2954867 ], [ 121.4505368, 14.2953516 ] ] ] } },
{ "type": "Feature", "properties": { "full_id": "w97661880", "osm_id": "97661880", "osm_type": "way", "highway": "residential", "motor_vehicle": null, "bus_bay": null, "embankment": null, "handrail": null, "tunnel": null, "covered": null, "horse": null, "description": null, "bridge:structure": null, "bridge:name": null, "source_ref": null, "width": null, "motorcycle": null, "service": null, "reg_name": null, "foot": null, "source:name": null, "narrow": null, "source:nat_name": null, "shoulder:surface": null, "overtaking": null, "maxweight": null, "layer": null, "bridge": null, "shoulder:line": null, "shoulder:bicycle": null, "shoulder": null, "junction": null, "railway": null, "is_in": null, "abandoned:railway": null, "sidewalk": null, "lit": null, "razed:railway": null, "old_name": null, "short_name": null, "postal_code": null, "bicycle": null, "access": null, "lanes": null, "surface": null, "maxspeed:type": null, "maxspeed": null, "oneway": null, "name:etymology:wikidata": null, "name:etymology": null, "ref": null, "nat_name": null, "name": null, "designation": null, "Road_Class": "Barangay Road" }, "geometry": { "type": "MultiLineString", "coordinates": [ [ [ 121.454029, 14.2995751 ], [ 121.4539874, 14.2997142 ], [ 121.4539365, 14.2998078 ], [ 121.4538801, 14.2999131 ], [ 121.4538037, 14.3000534 ], [ 121.4537648, 14.3001002 ], [ 121.453726, 14.3001508 ], [ 121.4535905, 14.3002652 ], [ 121.4535168, 14.3003003 ], [ 121.4534242, 14.3003575 ], [ 121.4533134, 14.3004394 ], [ 121.4530674, 14.300594 ], [ 121.4529039, 14.3006928 ], [ 121.4528837, 14.3007266 ], [ 121.4528676, 14.3007708 ], [ 121.4528704, 14.3009202 ], [ 121.452924, 14.3009696 ] ] ] } },
{ "type": "Feature", "properties": { "full_id": "w97661883", "osm_id": "97661883", "osm_type": "way", "highway": "residential", "motor_vehicle": null, "bus_bay": null, "embankment": null, "handrail": null, "tunnel": null, "covered": null, "horse": null, "description": null, "bridge:structure": null, "bridge:name": null, "source_ref": null, "width": null, "motorcycle": null, "service": null, "reg_name": null, "foot": null, "source:name": null, "narrow": null, "source:nat_name": null, "shoulder:surface": null, "overtaking": null, "maxweight": null, "layer": null, "bridge": null, "shoulder:line": null, "shoulder:bicycle": null, "shoulder": null, "junction": null, "railway": null, "is_in": null, "abandoned:railway": null, "sidewalk": null, "lit": null, "razed:railway": null, "old_name": null, "short_name": null, "postal_code": null, "bicycle": null, "access": null, "lanes": null, "surface": null, "maxspeed:type": null, "maxspeed": null, "oneway": null, "name:etymology:wikidata": null, "name:etymology": null, "ref": null, "nat_name": null, "name": null, "designation": null, "Road_Class": "Barangay Road" }, "geometry": { "type": "MultiLineString", "coordinates": [ [ [ 121.4533134, 14.3004394 ], [ 121.4533008, 14.3005498 ], [ 121.4532928, 14.3007759 ], [ 121.4532794, 14.3009059 ], [ 121.4532673, 14.3009527 ], [ 121.4532512, 14.3009839 ], [ 121.4531678, 14.3011074 ], [ 121.4530737, 14.3012284 ], [ 121.4526027, 14.3017657 ], [ 121.4520576, 14.302338 ], [ 121.4516619, 14.3027383 ] ] ] } },
{ "type": "Feature", "properties": { "full_id": "w97661890", "osm_id": "97661890", "osm_type": "way", "highway": "unclassified", "motor_vehicle": null, "bus_bay": null, "embankment": null, "handrail": null, "tunnel": null, "covered": null, "horse": null, "description": null, "bridge:structure": null, "bridge:name": null, "source_ref": null, "width": null, "motorcycle": null, "service": null, "reg_name": null, "foot": null, "source:name": null, "narrow": null, "source:nat_name": null, "shoulder:surface": null, "overtaking": null, "maxweight": null, "layer": null, "bridge": null, "shoulder:line": null, "shoulder:bicycle": null, "shoulder": null, "junction": null, "railway": null, "is_in": null, "abandoned:railway": null, "sidewalk": null, "lit": null, "razed:railway": null, "old_name": null, "short_name": null, "postal_code": null, "bicycle": null, "access": null, "lanes": null, "surface": null, "maxspeed:type": null, "maxspeed": null, "oneway": null, "name:etymology:wikidata": null, "name:etymology": null, "ref": null, "nat_name": null, "name": null, "designation": null, "Road_Class": "Barangay Road" }, "geometry": { "type": "MultiLineString", "coordinates": [ [ [ 121.4577582, 14.2921493 ], [ 121.4575991, 14.2925991 ], [ 121.4574623, 14.2932047 ], [ 121.4573435, 14.2938721 ], [ 121.4572974, 14.2941053 ], [ 121.4572611, 14.2942755 ], [ 121.4572236, 14.2944809 ], [ 121.4571725, 14.2946833 ], [ 121.4571109, 14.2947798 ], [ 121.4570546, 14.2948551 ], [ 121.4569827, 14.295145 ], [ 121.4569353, 14.295336 ], [ 121.4569271, 14.2953776 ], [ 121.4569151, 14.2954997 ], [ 121.4569527, 14.2956297 ], [ 121.4569741, 14.2958272 ], [ 121.4570197, 14.2960274 ], [ 121.4570466, 14.2961937 ], [ 121.4570653, 14.2963548 ], [ 121.4570506, 14.2964315 ], [ 121.4570197, 14.2965121 ], [ 121.4568293, 14.2968799 ], [ 121.4567649, 14.2970306 ], [ 121.4567676, 14.297158 ], [ 121.4567765, 14.2972632 ], [ 121.4568239, 14.2973425 ], [ 121.4573818, 14.2980183 ], [ 121.4573926, 14.2980755 ], [ 121.4573872, 14.2981183 ], [ 121.4573269, 14.2981898 ], [ 121.4570573, 14.2985043 ], [ 121.4567864, 14.2987487 ], [ 121.4567357, 14.2987924 ] ] ] } },
{ "type": "Feature", "properties": { "full_id": "w97661898", "osm_id": "97661898", "osm_type": "way", "highway": "residential", "motor_vehicle": null, "bus_bay": null, "embankment": null, "handrail": null, "tunnel": null, "covered": null, "horse": null, "description": null, "bridge:structure": null, "bridge:name": null, "source_ref": null, "width": null, "motorcycle": null, "service": null, "reg_name": null, "foot": null, "source:name": null, "narrow": null, "source:nat_name": null, "shoulder:surface": null, "overtaking": null, "maxweight": null, "layer": null, "bridge": null, "shoulder:line": null, "shoulder:bicycle": null, "shoulder": null, "junction": null, "railway": null, "is_in": null, "abandoned:railway": null, "sidewalk": null, "lit": null, "razed:railway": null, "old_name": null, "short_name": null, "postal_code": null, "bicycle": null, "access": null, "lanes": null, "surface": null, "maxspeed:type": null, "maxspeed": null, "oneway": null, "name:etymology:wikidata": null, "name:etymology": null, "ref": null, "nat_name": null, "name": null, "designation": null, "Road_Class": "Barangay Road" }, "geometry": { "type": "MultiLineString", "coordinates": [ [ [ 121.4569048, 14.2990865 ], [ 121.4565617, 14.2992783 ], [ 121.4565235, 14.2992867 ], [ 121.4564651, 14.2992568 ], [ 121.4564384, 14.2992444 ], [ 121.4564088, 14.2992497 ], [ 121.4560595, 14.2994309 ], [ 121.4559053, 14.2994686 ], [ 121.4556584, 14.2995427 ], [ 121.4555378, 14.2995725 ], [ 121.4553661, 14.2996271 ], [ 121.4551971, 14.2996804 ], [ 121.4548512, 14.2997584 ], [ 121.4545863, 14.299815 ], [ 121.4543864, 14.2998657 ], [ 121.4543693, 14.2998311 ], [ 121.4543442, 14.2997636 ], [ 121.4543093, 14.2996752 ], [ 121.4542864, 14.2995102 ] ] ] } },
{ "type": "Feature", "properties": { "full_id": "w97661919", "osm_id": "97661919", "osm_type": "way", "highway": "residential", "motor_vehicle": null, "bus_bay": null, "embankment": null, "handrail": null, "tunnel": null, "covered": null, "horse": null, "description": null, "bridge:structure": null, "bridge:name": null, "source_ref": null, "width": null, "motorcycle": null, "service": null, "reg_name": null, "foot": null, "source:name": null, "narrow": null, "source:nat_name": null, "shoulder:surface": null, "overtaking": null, "maxweight": null, "layer": null, "bridge": null, "shoulder:line": null, "shoulder:bicycle": null, "shoulder": null, "junction": null, "railway": null, "is_in": null, "abandoned:railway": null, "sidewalk": null, "lit": null, "razed:railway": null, "old_name": null, "short_name": null, "postal_code": null, "bicycle": null, "access": null, "lanes": null, "surface": null, "maxspeed:type": null, "maxspeed": null, "oneway": null, "name:etymology:wikidata": null, "name:etymology": null, "ref": null, "nat_name": null, "name": "Manambit Street", "designation": null, "Road_Class": "Barangay Road" }, "geometry": { "type": "MultiLineString", "coordinates": [ [ [ 121.4580405, 14.2893777 ], [ 121.4581811, 14.289402 ], [ 121.4583973, 14.2894558 ], [ 121.4598615, 14.2898608 ] ] ] } },
{ "type": "Feature", "properties": { "full_id": "w101313840", "osm_id": "101313840", "osm_type": "way", "highway": "residential", "motor_vehicle": null, "bus_bay": null, "embankment": null, "handrail": null, "tunnel": null, "covered": null, "horse": null, "description": null, "bridge:structure": null, "bridge:name": null, "source_ref": null, "width": null, "motorcycle": null, "service": null, "reg_name": null, "foot": null, "source:name": null, "narrow": null, "source:nat_name": null, "shoulder:surface": null, "overtaking": null, "maxweight": null, "layer": null, "bridge": null, "shoulder:line": null, "shoulder:bicycle": null, "shoulder": null, "junction": null, "railway": null, "is_in": null, "abandoned:railway": null, "sidewalk": null, "lit": null, "razed:railway": null, "old_name": null, "short_name": null, "postal_code": null, "bicycle": null, "access": null, "lanes": null, "surface": null, "maxspeed:type": null, "maxspeed": null, "oneway": null, "name:etymology:wikidata": null, "name:etymology": null, "ref": null, "nat_name": null, "name": null, "designation": null, "Road_Class": "Barangay Road" }, "geometry": { "type": "MultiLineString", "coordinates": [ [ [ 121.4567357, 14.2987924 ], [ 121.4562607, 14.2990515 ], [ 121.4559685, 14.2991776 ], [ 121.4558905, 14.2992113 ], [ 121.4556203, 14.2992925 ], [ 121.4553098, 14.2993672 ], [ 121.4550282, 14.2994075 ], [ 121.4547023, 14.2994608 ], [ 121.4544837, 14.2994907 ], [ 121.4542864, 14.2995102 ], [ 121.4542164, 14.2995074 ], [ 121.4541435, 14.2995035 ], [ 121.454092, 14.2995375 ], [ 121.454029, 14.2995751 ], [ 121.4538319, 14.299683 ], [ 121.4537447, 14.2997363 ], [ 121.4534913, 14.2998948 ], [ 121.4528945, 14.3002834 ], [ 121.4526732, 14.3003796 ], [ 121.4525297, 14.3004329 ], [ 121.4523929, 14.3004576 ], [ 121.4523151, 14.3005251 ], [ 121.4522877, 14.3005615 ], [ 121.4522527, 14.3005791 ], [ 121.452226, 14.3005934 ], [ 121.4521852, 14.3006093 ], [ 121.4520878, 14.3006428 ], [ 121.4520416, 14.3006707 ], [ 121.4519363, 14.3007331 ] ] ] } },
{ "type": "Feature", "properties": { "full_id": "w101313841", "osm_id": "101313841", "osm_type": "way", "highway": "residential", "motor_vehicle": null, "bus_bay": null, "embankment": null, "handrail": null, "tunnel": null, "covered": null, "horse": null, "description": null, "bridge:structure": null, "bridge:name": null, "source_ref": null, "width": null, "motorcycle": null, "service": null, "reg_name": null, "foot": null, "source:name": null, "narrow": null, "source:nat_name": null, "shoulder:surface": null, "overtaking": null, "maxweight": null, "layer": null, "bridge": null, "shoulder:line": null, "shoulder:bicycle": null, "shoulder": null, "junction": null, "railway": null, "is_in": null, "abandoned:railway": null, "sidewalk": null, "lit": null, "razed:railway": null, "old_name": null, "short_name": null, "postal_code": null, "bicycle": null, "access": null, "lanes": null, "surface": null, "maxspeed:type": null, "maxspeed": null, "oneway": null, "name:etymology:wikidata": null, "name:etymology": null, "ref": null, "nat_name": null, "name": null, "designation": null, "Road_Class": "Barangay Road" }, "geometry": { "type": "MultiLineString", "coordinates": [ [ [ 121.4521636, 14.3014933 ], [ 121.452468, 14.3011463 ], [ 121.4526269, 14.3009352 ], [ 121.4526417, 14.3009332 ], [ 121.4526779, 14.3009287 ], [ 121.452698, 14.3009286 ], [ 121.4528127, 14.3009429 ], [ 121.452924, 14.3009696 ] ] ] } },
{ "type": "Feature", "properties": { "full_id": "w101313843", "osm_id": "101313843", "osm_type": "way", "highway": "residential", "motor_vehicle": null, "bus_bay": null, "embankment": null, "handrail": null, "tunnel": null, "covered": null, "horse": null, "description": null, "bridge:structure": null, "bridge:name": null, "source_ref": null, "width": null, "motorcycle": null, "service": null, "reg_name": null, "foot": null, "source:name": null, "narrow": null, "source:nat_name": null, "shoulder:surface": null, "overtaking": null, "maxweight": null, "layer": null, "bridge": null, "shoulder:line": null, "shoulder:bicycle": null, "shoulder": null, "junction": null, "railway": null, "is_in": null, "abandoned:railway": null, "sidewalk": null, "lit": null, "razed:railway": null, "old_name": null, "short_name": null, "postal_code": null, "bicycle": null, "access": null, "lanes": null, "surface": null, "maxspeed:type": null, "maxspeed": null, "oneway": null, "name:etymology:wikidata": null, "name:etymology": null, "ref": null, "nat_name": null, "name": null, "designation": null, "Road_Class": "Barangay Road" }, "geometry": { "type": "MultiLineString", "coordinates": [ [ [ 121.4526269, 14.3009352 ], [ 121.452417, 14.3007903 ], [ 121.4522709, 14.3006889 ], [ 121.4522354, 14.3006589 ], [ 121.4521852, 14.3006093 ] ] ] } },
{ "type": "Feature", "properties": { "full_id": "w101313845", "osm_id": "101313845", "osm_type": "way", "highway": "unclassified", "motor_vehicle": null, "bus_bay": null, "embankment": null, "handrail": null, "tunnel": null, "covered": null, "horse": null, "description": null, "bridge:structure": null, "bridge:name": null, "source_ref": null, "width": null, "motorcycle": null, "service": null, "reg_name": null, "foot": null, "source:name": null, "narrow": null, "source:nat_name": null, "shoulder:surface": null, "overtaking": null, "maxweight": null, "layer": null, "bridge": null, "shoulder:line": null, "shoulder:bicycle": null, "shoulder": null, "junction": null, "railway": null, "is_in": null, "abandoned:railway": null, "sidewalk": null, "lit": null, "razed:railway": null, "old_name": null, "short_name": null, "postal_code": null, "bicycle": null, "access": null, "lanes": null, "surface": null, "maxspeed:type": null, "maxspeed": null, "oneway": null, "name:etymology:wikidata": null, "name:etymology": null, "ref": null, "nat_name": null, "name": null, "designation": null, "Road_Class": "Barangay Road" }, "geometry": { "type": "MultiLineString", "coordinates": [ [ [ 121.4569048, 14.2990865 ], [ 121.4567357, 14.2987924 ] ] ] } },
{ "type": "Feature", "properties": { "full_id": "w110155909", "osm_id": "110155909", "osm_type": "way", "highway": "residential", "motor_vehicle": null, "bus_bay": null, "embankment": null, "handrail": null, "tunnel": null, "covered": null, "horse": null, "description": null, "bridge:structure": null, "bridge:name": null, "source_ref": null, "width": null, "motorcycle": null, "service": null, "reg_name": null, "foot": null, "source:name": null, "narrow": null, "source:nat_name": null, "shoulder:surface": null, "overtaking": null, "maxweight": null, "layer": null, "bridge": null, "shoulder:line": null, "shoulder:bicycle": null, "shoulder": null, "junction": null, "railway": null, "is_in": null, "abandoned:railway": null, "sidewalk": null, "lit": null, "razed:railway": null, "old_name": null, "short_name": null, "postal_code": null, "bicycle": null, "access": null, "lanes": null, "surface": null, "maxspeed:type": null, "maxspeed": null, "oneway": null, "name:etymology:wikidata": null, "name:etymology": null, "ref": null, "nat_name": null, "name": null, "designation": null, "Road_Class": "Barangay Road" }, "geometry": { "type": "MultiLineString", "coordinates": [ [ [ 121.4562891, 14.3079095 ], [ 121.4558583, 14.3087082 ] ] ] } },
{ "type": "Feature", "properties": { "full_id": "w110155913", "osm_id": "110155913", "osm_type": "way", "highway": "residential", "motor_vehicle": null, "bus_bay": null, "embankment": null, "handrail": null, "tunnel": null, "covered": null, "horse": null, "description": null, "bridge:structure": null, "bridge:name": null, "source_ref": null, "width": null, "motorcycle": null, "service": null, "reg_name": null, "foot": null, "source:name": null, "narrow": null, "source:nat_name": null, "shoulder:surface": null, "overtaking": null, "maxweight": null, "layer": null, "bridge": null, "shoulder:line": null, "shoulder:bicycle": null, "shoulder": null, "junction": null, "railway": null, "is_in": null, "abandoned:railway": null, "sidewalk": null, "lit": null, "razed:railway": null, "old_name": null, "short_name": null, "postal_code": null, "bicycle": null, "access": null, "lanes": null, "surface": null, "maxspeed:type": null, "maxspeed": null, "oneway": null, "name:etymology:wikidata": null, "name:etymology": null, "ref": null, "nat_name": null, "name": null, "designation": null, "Road_Class": "Barangay Road" }, "geometry": { "type": "MultiLineString", "coordinates": [ [ [ 121.4564923, 14.3079869 ], [ 121.4561172, 14.3087056 ], [ 121.4560486, 14.308825 ] ] ] } },
{ "type": "Feature", "properties": { "full_id": "w110156332", "osm_id": "110156332", "osm_type": "way", "highway": "residential", "motor_vehicle": null, "bus_bay": null, "embankment": null, "handrail": null, "tunnel": null, "covered": null, "horse": null, "description": null, "bridge:structure": null, "bridge:name": null, "source_ref": null, "width": null, "motorcycle": null, "service": null, "reg_name": null, "foot": null, "source:name": null, "narrow": null, "source:nat_name": null, "shoulder:surface": null, "overtaking": null, "maxweight": null, "layer": null, "bridge": null, "shoulder:line": null, "shoulder:bicycle": null, "shoulder": null, "junction": null, "railway": null, "is_in": null, "abandoned:railway": null, "sidewalk": null, "lit": null, "razed:railway": null, "old_name": null, "short_name": null, "postal_code": null, "bicycle": null, "access": null, "lanes": null, "surface": null, "maxspeed:type": null, "maxspeed": null, "oneway": null, "name:etymology:wikidata": null, "name:etymology": null, "ref": null, "nat_name": null, "name": null, "designation": null, "Road_Class": "Barangay Road" }, "geometry": { "type": "MultiLineString", "coordinates": [ [ [ 121.4561785, 14.3078919 ], [ 121.4562891, 14.3079095 ], [ 121.4564923, 14.3079869 ], [ 121.4565675, 14.3080312 ], [ 121.4569587, 14.3082186 ], [ 121.4571686, 14.3083314 ], [ 121.4573872, 14.3084444 ] ] ] } },
{ "type": "Feature", "properties": { "full_id": "w110158015", "osm_id": "110158015", "osm_type": "way", "highway": "service", "motor_vehicle": null, "bus_bay": null, "embankment": null, "handrail": null, "tunnel": null, "covered": null, "horse": null, "description": null, "bridge:structure": null, "bridge:name": null, "source_ref": null, "width": null, "motorcycle": null, "service": null, "reg_name": null, "foot": null, "source:name": null, "narrow": null, "source:nat_name": null, "shoulder:surface": null, "overtaking": null, "maxweight": null, "layer": null, "bridge": null, "shoulder:line": null, "shoulder:bicycle": null, "shoulder": null, "junction": "circular", "railway": null, "is_in": null, "abandoned:railway": null, "sidewalk": null, "lit": null, "razed:railway": null, "old_name": null, "short_name": null, "postal_code": null, "bicycle": null, "access": null, "lanes": null, "surface": null, "maxspeed:type": null, "maxspeed": null, "oneway": null, "name:etymology:wikidata": null, "name:etymology": null, "ref": null, "nat_name": null, "name": null, "designation": null, "Road_Class": "Barangay Road" }, "geometry": { "type": "MultiLineString", "coordinates": [ [ [ 121.4575492, 14.3065601 ], [ 121.4575712, 14.3065636 ], [ 121.4575962, 14.3065676 ], [ 121.4576425, 14.3065524 ], [ 121.4576699, 14.306527 ], [ 121.4576826, 14.3065032 ], [ 121.457688, 14.3064776 ], [ 121.4576829, 14.3064399 ], [ 121.4576697, 14.3064149 ], [ 121.457642, 14.3063894 ], [ 121.4576054, 14.3063757 ], [ 121.4575685, 14.3063762 ], [ 121.4575352, 14.3063891 ], [ 121.4575077, 14.306414 ], [ 121.4574905, 14.3064499 ], [ 121.457489, 14.3064814 ], [ 121.4575006, 14.3065173 ], [ 121.457524, 14.3065451 ], [ 121.4575492, 14.3065601 ] ] ] } },
{ "type": "Feature", "properties": { "full_id": "w110158669", "osm_id": "110158669", "osm_type": "way", "highway": "service", "motor_vehicle": null, "bus_bay": null, "embankment": null, "handrail": null, "tunnel": null, "covered": null, "horse": null, "description": null, "bridge:structure": null, "bridge:name": null, "source_ref": null, "width": null, "motorcycle": null, "service": null, "reg_name": null, "foot": null, "source:name": null, "narrow": null, "source:nat_name": null, "shoulder:surface": null, "overtaking": null, "maxweight": null, "layer": null, "bridge": null, "shoulder:line": null, "shoulder:bicycle": null, "shoulder": null, "junction": null, "railway": null, "is_in": null, "abandoned:railway": null, "sidewalk": null, "lit": null, "razed:railway": null, "old_name": null, "short_name": null, "postal_code": null, "bicycle": null, "access": null, "lanes": null, "surface": null, "maxspeed:type": null, "maxspeed": null, "oneway": null, "name:etymology:wikidata": null, "name:etymology": null, "ref": null, "nat_name": null, "name": null, "designation": null, "Road_Class": "Barangay Road" }, "geometry": { "type": "MultiLineString", "coordinates": [ [ [ 121.4584583, 14.3068145 ], [ 121.4576826, 14.3065032 ] ] ] } },
{ "type": "Feature", "properties": { "full_id": "w110159059", "osm_id": "110159059", "osm_type": "way", "highway": "service", "motor_vehicle": null, "bus_bay": null, "embankment": null, "handrail": null, "tunnel": null, "covered": null, "horse": null, "description": null, "bridge:structure": null, "bridge:name": null, "source_ref": null, "width": null, "motorcycle": null, "service": null, "reg_name": null, "foot": null, "source:name": null, "narrow": null, "source:nat_name": null, "shoulder:surface": null, "overtaking": null, "maxweight": null, "layer": null, "bridge": null, "shoulder:line": null, "shoulder:bicycle": null, "shoulder": null, "junction": null, "railway": null, "is_in": null, "abandoned:railway": null, "sidewalk": null, "lit": null, "razed:railway": null, "old_name": null, "short_name": null, "postal_code": null, "bicycle": null, "access": null, "lanes": null, "surface": null, "maxspeed:type": null, "maxspeed": null, "oneway": null, "name:etymology:wikidata": null, "name:etymology": null, "ref": null, "nat_name": null, "name": null, "designation": null, "Road_Class": "Barangay Road" }, "geometry": { "type": "MultiLineString", "coordinates": [ [ [ 121.4570828, 14.3077219 ], [ 121.4571673, 14.3075464 ], [ 121.457361, 14.3070579 ], [ 121.457446, 14.306858 ], [ 121.4575712, 14.3065636 ] ] ] } },
{ "type": "Feature", "properties": { "full_id": "w110159296", "osm_id": "110159296", "osm_type": "way", "highway": "service", "motor_vehicle": null, "bus_bay": null, "embankment": null, "handrail": null, "tunnel": null, "covered": null, "horse": null, "description": null, "bridge:structure": null, "bridge:name": null, "source_ref": null, "width": null, "motorcycle": null, "service": null, "reg_name": null, "foot": null, "source:name": null, "narrow": null, "source:nat_name": null, "shoulder:surface": null, "overtaking": null, "maxweight": null, "layer": null, "bridge": null, "shoulder:line": null, "shoulder:bicycle": null, "shoulder": null, "junction": null, "railway": null, "is_in": null, "abandoned:railway": null, "sidewalk": null, "lit": null, "razed:railway": null, "old_name": null, "short_name": null, "postal_code": null, "bicycle": null, "access": null, "lanes": null, "surface": null, "maxspeed:type": null, "maxspeed": null, "oneway": null, "name:etymology:wikidata": null, "name:etymology": null, "ref": null, "nat_name": null, "name": null, "designation": null, "Road_Class": "Barangay Road" }, "geometry": { "type": "MultiLineString", "coordinates": [ [ [ 121.4577372, 14.3061634 ], [ 121.457642, 14.3063894 ] ] ] } },
{ "type": "Feature", "properties": { "full_id": "w110162322", "osm_id": "110162322", "osm_type": "way", "highway": "residential", "motor_vehicle": null, "bus_bay": null, "embankment": null, "handrail": null, "tunnel": null, "covered": null, "horse": null, "description": null, "bridge:structure": null, "bridge:name": null, "source_ref": null, "width": null, "motorcycle": null, "service": null, "reg_name": null, "foot": null, "source:name": null, "narrow": null, "source:nat_name": null, "shoulder:surface": null, "overtaking": null, "maxweight": null, "layer": null, "bridge": null, "shoulder:line": null, "shoulder:bicycle": null, "shoulder": null, "junction": null, "railway": null, "is_in": null, "abandoned:railway": null, "sidewalk": null, "lit": null, "razed:railway": null, "old_name": null, "short_name": null, "postal_code": null, "bicycle": null, "access": null, "lanes": null, "surface": null, "maxspeed:type": null, "maxspeed": null, "oneway": null, "name:etymology:wikidata": null, "name:etymology": null, "ref": null, "nat_name": null, "name": null, "designation": null, "Road_Class": "Barangay Road" }, "geometry": { "type": "MultiLineString", "coordinates": [ [ [ 121.4595523, 14.3038747 ], [ 121.4593371, 14.3038376 ], [ 121.4590531, 14.3037675 ], [ 121.4587457, 14.3036901 ] ] ] } },
{ "type": "Feature", "properties": { "full_id": "w110162360", "osm_id": "110162360", "osm_type": "way", "highway": "residential", "motor_vehicle": null, "bus_bay": null, "embankment": null, "handrail": null, "tunnel": null, "covered": null, "horse": null, "description": null, "bridge:structure": null, "bridge:name": null, "source_ref": null, "width": null, "motorcycle": null, "service": null, "reg_name": null, "foot": null, "source:name": null, "narrow": null, "source:nat_name": null, "shoulder:surface": null, "overtaking": null, "maxweight": null, "layer": null, "bridge": null, "shoulder:line": null, "shoulder:bicycle": null, "shoulder": null, "junction": null, "railway": null, "is_in": null, "abandoned:railway": null, "sidewalk": null, "lit": null, "razed:railway": null, "old_name": null, "short_name": null, "postal_code": null, "bicycle": null, "access": null, "lanes": null, "surface": null, "maxspeed:type": null, "maxspeed": null, "oneway": null, "name:etymology:wikidata": null, "name:etymology": null, "ref": null, "nat_name": null, "name": null, "designation": null, "Road_Class": "Barangay Road" }, "geometry": { "type": "MultiLineString", "coordinates": [ [ [ 121.458098, 14.3051293 ], [ 121.4581489, 14.3050228 ], [ 121.458275, 14.3047836 ], [ 121.4582958, 14.3047419 ], [ 121.4583957, 14.3045419 ], [ 121.4584842, 14.30436 ], [ 121.458562, 14.3041963 ], [ 121.4587457, 14.3036901 ] ] ] } },
{ "type": "Feature", "properties": { "full_id": "w110162519", "osm_id": "110162519", "osm_type": "way", "highway": "residential", "motor_vehicle": null, "bus_bay": null, "embankment": null, "handrail": null, "tunnel": null, "covered": null, "horse": null, "description": null, "bridge:structure": null, "bridge:name": null, "source_ref": null, "width": null, "motorcycle": null, "service": null, "reg_name": null, "foot": null, "source:name": null, "narrow": null, "source:nat_name": null, "shoulder:surface": null, "overtaking": null, "maxweight": null, "layer": null, "bridge": null, "shoulder:line": null, "shoulder:bicycle": null, "shoulder": null, "junction": null, "railway": null, "is_in": null, "abandoned:railway": null, "sidewalk": null, "lit": null, "razed:railway": null, "old_name": null, "short_name": null, "postal_code": null, "bicycle": null, "access": null, "lanes": null, "surface": null, "maxspeed:type": null, "maxspeed": null, "oneway": null, "name:etymology:wikidata": null, "name:etymology": null, "ref": null, "nat_name": null, "name": null, "designation": null, "Road_Class": "Barangay Road" }, "geometry": { "type": "MultiLineString", "coordinates": [ [ [ 121.4582884, 14.3052359 ], [ 121.4583876, 14.3050306 ], [ 121.4584332, 14.3049065 ], [ 121.4584647, 14.3048136 ], [ 121.4585486, 14.3046225 ], [ 121.4585754, 14.3045341 ], [ 121.4585942, 14.3044718 ], [ 121.458621, 14.3044172 ], [ 121.4586639, 14.3043028 ], [ 121.4586746, 14.3042404 ], [ 121.4586854, 14.3041625 ] ] ] } },
{ "type": "Feature", "properties": { "full_id": "w110162550", "osm_id": "110162550", "osm_type": "way", "highway": "residential", "motor_vehicle": null, "bus_bay": null, "embankment": null, "handrail": null, "tunnel": null, "covered": null, "horse": null, "description": null, "bridge:structure": null, "bridge:name": null, "source_ref": null, "width": null, "motorcycle": null, "service": null, "reg_name": null, "foot": null, "source:name": null, "narrow": null, "source:nat_name": null, "shoulder:surface": null, "overtaking": null, "maxweight": null, "layer": null, "bridge": null, "shoulder:line": null, "shoulder:bicycle": null, "shoulder": null, "junction": null, "railway": null, "is_in": null, "abandoned:railway": null, "sidewalk": null, "lit": null, "razed:railway": null, "old_name": null, "short_name": null, "postal_code": null, "bicycle": null, "access": null, "lanes": null, "surface": null, "maxspeed:type": null, "maxspeed": null, "oneway": null, "name:etymology:wikidata": null, "name:etymology": null, "ref": null, "nat_name": null, "name": null, "designation": null, "Road_Class": "Barangay Road" }, "geometry": { "type": "MultiLineString", "coordinates": [ [ [ 121.4584869, 14.3053171 ], [ 121.458679, 14.3048881 ] ] ] } },
{ "type": "Feature", "properties": { "full_id": "w110162738", "osm_id": "110162738", "osm_type": "way", "highway": "residential", "motor_vehicle": null, "bus_bay": null, "embankment": null, "handrail": null, "tunnel": null, "covered": null, "horse": null, "description": null, "bridge:structure": null, "bridge:name": null, "source_ref": null, "width": null, "motorcycle": null, "service": null, "reg_name": null, "foot": null, "source:name": null, "narrow": null, "source:nat_name": null, "shoulder:surface": null, "overtaking": null, "maxweight": null, "layer": null, "bridge": null, "shoulder:line": null, "shoulder:bicycle": null, "shoulder": null, "junction": null, "railway": null, "is_in": null, "abandoned:railway": null, "sidewalk": null, "lit": null, "razed:railway": null, "old_name": null, "short_name": null, "postal_code": null, "bicycle": null, "access": null, "lanes": "1", "surface": null, "maxspeed:type": null, "maxspeed": null, "oneway": null, "name:etymology:wikidata": null, "name:etymology": null, "ref": null, "nat_name": null, "name": null, "designation": null, "Road_Class": "Barangay Road" }, "geometry": { "type": "MultiLineString", "coordinates": [ [ [ 121.45873, 14.3054004 ], [ 121.4589181, 14.3049836 ] ] ] } },
{ "type": "Feature", "properties": { "full_id": "w110259475", "osm_id": "110259475", "osm_type": "way", "highway": "residential", "motor_vehicle": null, "bus_bay": null, "embankment": null, "handrail": null, "tunnel": null, "covered": null, "horse": null, "description": null, "bridge:structure": null, "bridge:name": null, "source_ref": null, "width": null, "motorcycle": null, "service": null, "reg_name": null, "foot": null, "source:name": null, "narrow": null, "source:nat_name": null, "shoulder:surface": null, "overtaking": null, "maxweight": null, "layer": null, "bridge": null, "shoulder:line": null, "shoulder:bicycle": null, "shoulder": null, "junction": null, "railway": null, "is_in": null, "abandoned:railway": null, "sidewalk": null, "lit": null, "razed:railway": null, "old_name": null, "short_name": null, "postal_code": null, "bicycle": null, "access": null, "lanes": null, "surface": null, "maxspeed:type": null, "maxspeed": null, "oneway": null, "name:etymology:wikidata": null, "name:etymology": null, "ref": null, "nat_name": null, "name": null, "designation": null, "Road_Class": "Barangay Road" }, "geometry": { "type": "MultiLineString", "coordinates": [ [ [ 121.4554564, 14.2943068 ], [ 121.4567985, 14.2946927 ] ] ] } },
{ "type": "Feature", "properties": { "full_id": "w110259552", "osm_id": "110259552", "osm_type": "way", "highway": "residential", "motor_vehicle": null, "bus_bay": null, "embankment": null, "handrail": null, "tunnel": null, "covered": null, "horse": null, "description": null, "bridge:structure": null, "bridge:name": null, "source_ref": null, "width": null, "motorcycle": null, "service": null, "reg_name": null, "foot": null, "source:name": null, "narrow": null, "source:nat_name": null, "shoulder:surface": null, "overtaking": null, "maxweight": null, "layer": null, "bridge": null, "shoulder:line": null, "shoulder:bicycle": null, "shoulder": null, "junction": null, "railway": null, "is_in": null, "abandoned:railway": null, "sidewalk": null, "lit": null, "razed:railway": null, "old_name": null, "short_name": null, "postal_code": null, "bicycle": null, "access": null, "lanes": null, "surface": null, "maxspeed:type": null, "maxspeed": null, "oneway": null, "name:etymology:wikidata": null, "name:etymology": null, "ref": null, "nat_name": null, "name": null, "designation": null, "Road_Class": "Barangay Road" }, "geometry": { "type": "MultiLineString", "coordinates": [ [ [ 121.4555444, 14.2946317 ], [ 121.4567411, 14.2949451 ] ] ] } },
{ "type": "Feature", "properties": { "full_id": "w110259629", "osm_id": "110259629", "osm_type": "way", "highway": "residential", "motor_vehicle": null, "bus_bay": null, "embankment": null, "handrail": null, "tunnel": null, "covered": null, "horse": null, "description": null, "bridge:structure": null, "bridge:name": null, "source_ref": null, "width": null, "motorcycle": null, "service": null, "reg_name": null, "foot": null, "source:name": null, "narrow": null, "source:nat_name": null, "shoulder:surface": null, "overtaking": null, "maxweight": null, "layer": null, "bridge": null, "shoulder:line": null, "shoulder:bicycle": null, "shoulder": null, "junction": null, "railway": null, "is_in": null, "abandoned:railway": null, "sidewalk": null, "lit": null, "razed:railway": null, "old_name": null, "short_name": null, "postal_code": null, "bicycle": null, "access": null, "lanes": null, "surface": null, "maxspeed:type": null, "maxspeed": null, "oneway": null, "name:etymology:wikidata": null, "name:etymology": null, "ref": null, "nat_name": null, "name": null, "designation": null, "Road_Class": "Barangay Road" }, "geometry": { "type": "MultiLineString", "coordinates": [ [ [ 121.4545011, 14.2951073 ], [ 121.4545659, 14.2946888 ], [ 121.4553219, 14.2948733 ], [ 121.455609, 14.2949404 ], [ 121.4566919, 14.2952632 ], [ 121.4569353, 14.295336 ] ] ] } },
{ "type": "Feature", "properties": { "full_id": "w110259649", "osm_id": "110259649", "osm_type": "way", "highway": "residential", "motor_vehicle": null, "bus_bay": null, "embankment": null, "handrail": null, "tunnel": null, "covered": null, "horse": null, "description": null, "bridge:structure": null, "bridge:name": null, "source_ref": null, "width": null, "motorcycle": null, "service": null, "reg_name": null, "foot": null, "source:name": null, "narrow": null, "source:nat_name": null, "shoulder:surface": null, "overtaking": null, "maxweight": null, "layer": null, "bridge": null, "shoulder:line": null, "shoulder:bicycle": null, "shoulder": null, "junction": null, "railway": null, "is_in": null, "abandoned:railway": null, "sidewalk": null, "lit": null, "razed:railway": null, "old_name": null, "short_name": null, "postal_code": null, "bicycle": null, "access": null, "lanes": null, "surface": null, "maxspeed:type": null, "maxspeed": null, "oneway": null, "name:etymology:wikidata": null, "name:etymology": null, "ref": null, "nat_name": null, "name": null, "designation": null, "Road_Class": "Barangay Road" }, "geometry": { "type": "MultiLineString", "coordinates": [ [ [ 121.455609, 14.2949404 ], [ 121.4555714, 14.295232 ], [ 121.4555338, 14.2955192 ], [ 121.4554346, 14.2957934 ], [ 121.455397, 14.2960066 ], [ 121.4555714, 14.2960806 ], [ 121.4557464, 14.2960839 ], [ 121.4558932, 14.2960521 ], [ 121.4561251, 14.2959957 ], [ 121.4565212, 14.2958871 ], [ 121.4565476, 14.2957733 ], [ 121.4566195, 14.2955129 ], [ 121.4566919, 14.2952632 ], [ 121.4567411, 14.2949451 ], [ 121.4567985, 14.2946927 ] ] ] } },
{ "type": "Feature", "properties": { "full_id": "w110259854", "osm_id": "110259854", "osm_type": "way", "highway": "residential", "motor_vehicle": null, "bus_bay": null, "embankment": null, "handrail": null, "tunnel": null, "covered": null, "horse": null, "description": null, "bridge:structure": null, "bridge:name": null, "source_ref": null, "width": null, "motorcycle": null, "service": null, "reg_name": null, "foot": null, "source:name": null, "narrow": null, "source:nat_name": null, "shoulder:surface": null, "overtaking": null, "maxweight": null, "layer": null, "bridge": null, "shoulder:line": null, "shoulder:bicycle": null, "shoulder": null, "junction": null, "railway": null, "is_in": null, "abandoned:railway": null, "sidewalk": null, "lit": null, "razed:railway": null, "old_name": null, "short_name": null, "postal_code": null, "bicycle": null, "access": null, "lanes": null, "surface": null, "maxspeed:type": null, "maxspeed": null, "oneway": null, "name:etymology:wikidata": null, "name:etymology": null, "ref": null, "nat_name": null, "name": null, "designation": null, "Road_Class": "Barangay Road" }, "geometry": { "type": "MultiLineString", "coordinates": [ [ [ 121.4575472, 14.3028418 ], [ 121.4571408, 14.3027066 ], [ 121.456722, 14.3026239 ] ] ] } },
{ "type": "Feature", "properties": { "full_id": "w110260110", "osm_id": "110260110", "osm_type": "way", "highway": "residential", "motor_vehicle": null, "bus_bay": null, "embankment": null, "handrail": null, "tunnel": null, "covered": null, "horse": null, "description": null, "bridge:structure": null, "bridge:name": null, "source_ref": null, "width": null, "motorcycle": null, "service": null, "reg_name": null, "foot": null, "source:name": null, "narrow": null, "source:nat_name": null, "shoulder:surface": null, "overtaking": null, "maxweight": null, "layer": null, "bridge": null, "shoulder:line": null, "shoulder:bicycle": null, "shoulder": null, "junction": null, "railway": null, "is_in": null, "abandoned:railway": null, "sidewalk": null, "lit": null, "razed:railway": null, "old_name": null, "short_name": null, "postal_code": null, "bicycle": null, "access": null, "lanes": null, "surface": null, "maxspeed:type": null, "maxspeed": null, "oneway": null, "name:etymology:wikidata": null, "name:etymology": null, "ref": null, "nat_name": null, "name": null, "designation": null, "Road_Class": "Barangay Road" }, "geometry": { "type": "MultiLineString", "coordinates": [ [ [ 121.4539898, 14.3014879 ], [ 121.4543442, 14.3015621 ], [ 121.4548744, 14.3016748 ], [ 121.4554229, 14.3017917 ], [ 121.455966, 14.3019061 ], [ 121.4562541, 14.3019832 ], [ 121.456824, 14.3020442 ] ] ] } },
{ "type": "Feature", "properties": { "full_id": "w110260137", "osm_id": "110260137", "osm_type": "way", "highway": "residential", "motor_vehicle": null, "bus_bay": null, "embankment": null, "handrail": null, "tunnel": null, "covered": null, "horse": null, "description": null, "bridge:structure": null, "bridge:name": null, "source_ref": null, "width": null, "motorcycle": null, "service": null, "reg_name": null, "foot": null, "source:name": null, "narrow": null, "source:nat_name": null, "shoulder:surface": null, "overtaking": null, "maxweight": null, "layer": null, "bridge": null, "shoulder:line": null, "shoulder:bicycle": null, "shoulder": null, "junction": null, "railway": null, "is_in": null, "abandoned:railway": null, "sidewalk": null, "lit": null, "razed:railway": null, "old_name": null, "short_name": null, "postal_code": null, "bicycle": null, "access": null, "lanes": null, "surface": null, "maxspeed:type": null, "maxspeed": null, "oneway": null, "name:etymology:wikidata": null, "name:etymology": null, "ref": null, "nat_name": null, "name": null, "designation": null, "Road_Class": "Barangay Road" }, "geometry": { "type": "MultiLineString", "coordinates": [ [ [ 121.4491586, 14.2912813 ], [ 121.4489547, 14.2915308 ], [ 121.4487401, 14.2918947 ], [ 121.4485577, 14.2921858 ], [ 121.4484934, 14.2923418 ], [ 121.4485041, 14.2925081 ], [ 121.448547, 14.2927057 ], [ 121.4486865, 14.292976 ], [ 121.4488367, 14.2932255 ], [ 121.4488796, 14.2933919 ], [ 121.4489225, 14.293631 ], [ 121.448944, 14.2938805 ] ] ] } },
{ "type": "Feature", "properties": { "full_id": "w110260431", "osm_id": "110260431", "osm_type": "way", "highway": "track", "motor_vehicle": null, "bus_bay": null, "embankment": null, "handrail": null, "tunnel": null, "covered": null, "horse": null, "description": null, "bridge:structure": null, "bridge:name": null, "source_ref": null, "width": null, "motorcycle": null, "service": null, "reg_name": null, "foot": null, "source:name": null, "narrow": null, "source:nat_name": null, "shoulder:surface": null, "overtaking": null, "maxweight": null, "layer": null, "bridge": null, "shoulder:line": null, "shoulder:bicycle": null, "shoulder": null, "junction": null, "railway": null, "is_in": null, "abandoned:railway": null, "sidewalk": null, "lit": null, "razed:railway": null, "old_name": null, "short_name": null, "postal_code": null, "bicycle": null, "access": null, "lanes": null, "surface": null, "maxspeed:type": null, "maxspeed": null, "oneway": null, "name:etymology:wikidata": null, "name:etymology": null, "ref": null, "nat_name": null, "name": null, "designation": null, "Road_Class": "Other" }, "geometry": { "type": "MultiLineString", "coordinates": [ [ [ 121.4523151, 14.2953516 ], [ 121.4524268, 14.2950383 ], [ 121.4526175, 14.2941546 ], [ 121.4528738, 14.2933113 ], [ 121.4533328, 14.2923756 ], [ 121.4535553, 14.2916498 ], [ 121.4536128, 14.2911367 ], [ 121.4537288, 14.2908498 ] ] ] } },
{ "type": "Feature", "properties": { "full_id": "w110260633", "osm_id": "110260633", "osm_type": "way", "highway": "residential", "motor_vehicle": null, "bus_bay": null, "embankment": null, "handrail": null, "tunnel": null, "covered": null, "horse": null, "description": null, "bridge:structure": null, "bridge:name": null, "source_ref": null, "width": null, "motorcycle": null, "service": null, "reg_name": null, "foot": null, "source:name": null, "narrow": null, "source:nat_name": null, "shoulder:surface": null, "overtaking": null, "maxweight": null, "layer": null, "bridge": null, "shoulder:line": null, "shoulder:bicycle": null, "shoulder": null, "junction": null, "railway": null, "is_in": null, "abandoned:railway": null, "sidewalk": null, "lit": null, "razed:railway": null, "old_name": null, "short_name": null, "postal_code": null, "bicycle": null, "access": null, "lanes": null, "surface": null, "maxspeed:type": null, "maxspeed": null, "oneway": null, "name:etymology:wikidata": null, "name:etymology": null, "ref": null, "nat_name": null, "name": null, "designation": null, "Road_Class": "Barangay Road" }, "geometry": { "type": "MultiLineString", "coordinates": [ [ [ 121.4532257, 14.2907124 ], [ 121.4536128, 14.290856 ], [ 121.4537288, 14.2908498 ], [ 121.4539788, 14.2905111 ], [ 121.4541562, 14.2902936 ], [ 121.4543255, 14.2900506 ], [ 121.4544284, 14.2899028 ], [ 121.4544422, 14.2898829 ], [ 121.4545066, 14.2897919 ], [ 121.454592, 14.2897084 ], [ 121.4546292, 14.2896703 ], [ 121.4546836, 14.2896139 ], [ 121.454756, 14.2895827 ], [ 121.4548499, 14.2895892 ], [ 121.4552347, 14.2896333 ], [ 121.455768, 14.2897407 ], [ 121.4560381, 14.2898078 ], [ 121.456015, 14.2900881 ] ] ] } },
{ "type": "Feature", "properties": { "full_id": "w110260671", "osm_id": "110260671", "osm_type": "way", "highway": "residential", "motor_vehicle": null, "bus_bay": null, "embankment": null, "handrail": null, "tunnel": null, "covered": null, "horse": null, "description": null, "bridge:structure": null, "bridge:name": null, "source_ref": null, "width": null, "motorcycle": null, "service": null, "reg_name": null, "foot": null, "source:name": null, "narrow": null, "source:nat_name": null, "shoulder:surface": null, "overtaking": null, "maxweight": null, "layer": null, "bridge": null, "shoulder:line": null, "shoulder:bicycle": null, "shoulder": null, "junction": null, "railway": null, "is_in": null, "abandoned:railway": null, "sidewalk": null, "lit": null, "razed:railway": null, "old_name": null, "short_name": null, "postal_code": null, "bicycle": null, "access": null, "lanes": null, "surface": null, "maxspeed:type": null, "maxspeed": null, "oneway": null, "name:etymology:wikidata": null, "name:etymology": null, "ref": null, "nat_name": null, "name": null, "designation": null, "Road_Class": "Barangay Road" }, "geometry": { "type": "MultiLineString", "coordinates": [ [ [ 121.4539219, 14.2902104 ], [ 121.4541562, 14.2902936 ] ] ] } },
{ "type": "Feature", "properties": { "full_id": "w110260704", "osm_id": "110260704", "osm_type": "way", "highway": "residential", "motor_vehicle": null, "bus_bay": null, "embankment": null, "handrail": null, "tunnel": null, "covered": null, "horse": null, "description": null, "bridge:structure": null, "bridge:name": null, "source_ref": null, "width": null, "motorcycle": null, "service": null, "reg_name": null, "foot": null, "source:name": null, "narrow": null, "source:nat_name": null, "shoulder:surface": null, "overtaking": null, "maxweight": null, "layer": null, "bridge": null, "shoulder:line": null, "shoulder:bicycle": null, "shoulder": null, "junction": null, "railway": null, "is_in": null, "abandoned:railway": null, "sidewalk": null, "lit": null, "razed:railway": null, "old_name": null, "short_name": null, "postal_code": null, "bicycle": null, "access": null, "lanes": null, "surface": null, "maxspeed:type": null, "maxspeed": null, "oneway": null, "name:etymology:wikidata": null, "name:etymology": null, "ref": null, "nat_name": null, "name": null, "designation": null, "Road_Class": "Barangay Road" }, "geometry": { "type": "MultiLineString", "coordinates": [ [ [ 121.4539011, 14.2902602 ], [ 121.4539219, 14.2902104 ], [ 121.4539568, 14.2901195 ], [ 121.454048, 14.2899297 ], [ 121.4540828, 14.2898595 ], [ 121.4541365, 14.2898336 ], [ 121.4541982, 14.2898414 ], [ 121.4542759, 14.2898621 ], [ 121.4544284, 14.2899028 ] ] ] } },
{ "type": "Feature", "properties": { "full_id": "w110260731", "osm_id": "110260731", "osm_type": "way", "highway": "residential", "motor_vehicle": null, "bus_bay": null, "embankment": null, "handrail": null, "tunnel": null, "covered": null, "horse": null, "description": null, "bridge:structure": null, "bridge:name": null, "source_ref": null, "width": null, "motorcycle": null, "service": null, "reg_name": null, "foot": null, "source:name": null, "narrow": null, "source:nat_name": null, "shoulder:surface": null, "overtaking": null, "maxweight": null, "layer": null, "bridge": null, "shoulder:line": null, "shoulder:bicycle": null, "shoulder": null, "junction": null, "railway": null, "is_in": null, "abandoned:railway": null, "sidewalk": null, "lit": null, "razed:railway": null, "old_name": null, "short_name": null, "postal_code": null, "bicycle": null, "access": null, "lanes": null, "surface": null, "maxspeed:type": null, "maxspeed": null, "oneway": null, "name:etymology:wikidata": null, "name:etymology": null, "ref": null, "nat_name": null, "name": "GLFC Street", "designation": null, "Road_Class": "Barangay Road" }, "geometry": { "type": "MultiLineString", "coordinates": [ [ [ 121.4573516, 14.2900701 ], [ 121.4568682, 14.2899817 ], [ 121.4564539, 14.2898933 ], [ 121.4560381, 14.2898078 ] ] ] } },
{ "type": "Feature", "properties": { "full_id": "w110260809", "osm_id": "110260809", "osm_type": "way", "highway": "service", "motor_vehicle": null, "bus_bay": null, "embankment": null, "handrail": null, "tunnel": null, "covered": null, "horse": null, "description": null, "bridge:structure": null, "bridge:name": null, "source_ref": null, "width": null, "motorcycle": null, "service": null, "reg_name": null, "foot": null, "source:name": null, "narrow": null, "source:nat_name": null, "shoulder:surface": null, "overtaking": null, "maxweight": null, "layer": null, "bridge": null, "shoulder:line": null, "shoulder:bicycle": null, "shoulder": null, "junction": null, "railway": null, "is_in": null, "abandoned:railway": null, "sidewalk": null, "lit": null, "razed:railway": null, "old_name": null, "short_name": null, "postal_code": null, "bicycle": null, "access": null, "lanes": null, "surface": null, "maxspeed:type": null, "maxspeed": null, "oneway": null, "name:etymology:wikidata": null, "name:etymology": null, "ref": null, "nat_name": null, "name": null, "designation": null, "Road_Class": "Barangay Road" }, "geometry": { "type": "MultiLineString", "coordinates": [ [ [ 121.4580633, 14.2898267 ], [ 121.4582031, 14.2897959 ], [ 121.4583453, 14.2898076 ], [ 121.4587228, 14.2898933 ], [ 121.4587551, 14.2897679 ] ] ] } },
{ "type": "Feature", "properties": { "full_id": "w112449829", "osm_id": "112449829", "osm_type": "way", "highway": "pedestrian", "motor_vehicle": null, "bus_bay": null, "embankment": null, "handrail": null, "tunnel": null, "covered": null, "horse": null, "description": null, "bridge:structure": null, "bridge:name": null, "source_ref": null, "width": null, "motorcycle": null, "service": null, "reg_name": null, "foot": null, "source:name": null, "narrow": null, "source:nat_name": null, "shoulder:surface": null, "overtaking": null, "maxweight": null, "layer": null, "bridge": null, "shoulder:line": null, "shoulder:bicycle": null, "shoulder": null, "junction": null, "railway": null, "is_in": null, "abandoned:railway": null, "sidewalk": null, "lit": null, "razed:railway": null, "old_name": null, "short_name": null, "postal_code": null, "bicycle": null, "access": null, "lanes": null, "surface": null, "maxspeed:type": null, "maxspeed": null, "oneway": null, "name:etymology:wikidata": null, "name:etymology": null, "ref": null, "nat_name": null, "name": null, "designation": null, "Road_Class": "Other" }, "geometry": { "type": "MultiLineString", "coordinates": [ [ [ 121.46007, 14.2987627 ], [ 121.4596877, 14.2987379 ], [ 121.459169, 14.2987293 ], [ 121.4588153, 14.2987368 ], [ 121.4586276, 14.2986797 ] ] ] } },
{ "type": "Feature", "properties": { "full_id": "w112544339", "osm_id": "112544339", "osm_type": "way", "highway": "residential", "motor_vehicle": null, "bus_bay": null, "embankment": null, "handrail": null, "tunnel": null, "covered": null, "horse": null, "description": null, "bridge:structure": null, "bridge:name": null, "source_ref": null, "width": null, "motorcycle": null, "service": null, "reg_name": null, "foot": null, "source:name": null, "narrow": null, "source:nat_name": null, "shoulder:surface": null, "overtaking": null, "maxweight": null, "layer": null, "bridge": null, "shoulder:line": null, "shoulder:bicycle": null, "shoulder": null, "junction": null, "railway": null, "is_in": null, "abandoned:railway": null, "sidewalk": null, "lit": null, "razed:railway": null, "old_name": null, "short_name": null, "postal_code": null, "bicycle": null, "access": null, "lanes": null, "surface": null, "maxspeed:type": null, "maxspeed": null, "oneway": null, "name:etymology:wikidata": null, "name:etymology": null, "ref": null, "nat_name": null, "name": "GLFC Street", "designation": null, "Road_Class": "Barangay Road" }, "geometry": { "type": "MultiLineString", "coordinates": [ [ [ 121.4581056, 14.2902933 ], [ 121.4578576, 14.290258 ], [ 121.4574461, 14.2901883 ], [ 121.4574181, 14.2901746 ], [ 121.4573986, 14.2901434 ], [ 121.4573925, 14.2901018 ], [ 121.4573792, 14.2900817 ], [ 121.4573516, 14.2900701 ] ] ] } },
{ "type": "Feature", "properties": { "full_id": "w113656308", "osm_id": "113656308", "osm_type": "way", "highway": "track", "motor_vehicle": null, "bus_bay": null, "embankment": null, "handrail": null, "tunnel": null, "covered": null, "horse": null, "description": null, "bridge:structure": null, "bridge:name": null, "source_ref": null, "width": null, "motorcycle": null, "service": null, "reg_name": null, "foot": null, "source:name": null, "narrow": null, "source:nat_name": null, "shoulder:surface": null, "overtaking": null, "maxweight": null, "layer": null, "bridge": null, "shoulder:line": null, "shoulder:bicycle": null, "shoulder": null, "junction": null, "railway": null, "is_in": null, "abandoned:railway": null, "sidewalk": null, "lit": null, "razed:railway": null, "old_name": null, "short_name": null, "postal_code": null, "bicycle": null, "access": null, "lanes": null, "surface": "dirt", "maxspeed:type": null, "maxspeed": null, "oneway": null, "name:etymology:wikidata": null, "name:etymology": null, "ref": null, "nat_name": null, "name": null, "designation": null, "Road_Class": "Other" }, "geometry": { "type": "MultiLineString", "coordinates": [ [ [ 121.4578592, 14.2925983 ], [ 121.4579001, 14.292495 ], [ 121.4579612, 14.2923494 ], [ 121.4580125, 14.292223 ] ] ] } },
{ "type": "Feature", "properties": { "full_id": "w113656490", "osm_id": "113656490", "osm_type": "way", "highway": "residential", "motor_vehicle": null, "bus_bay": null, "embankment": null, "handrail": null, "tunnel": null, "covered": null, "horse": null, "description": null, "bridge:structure": null, "bridge:name": null, "source_ref": null, "width": null, "motorcycle": null, "service": null, "reg_name": null, "foot": null, "source:name": null, "narrow": null, "source:nat_name": null, "shoulder:surface": null, "overtaking": null, "maxweight": null, "layer": null, "bridge": null, "shoulder:line": null, "shoulder:bicycle": null, "shoulder": null, "junction": null, "railway": null, "is_in": null, "abandoned:railway": null, "sidewalk": null, "lit": null, "razed:railway": null, "old_name": null, "short_name": null, "postal_code": null, "bicycle": null, "access": null, "lanes": null, "surface": null, "maxspeed:type": null, "maxspeed": null, "oneway": null, "name:etymology:wikidata": null, "name:etymology": null, "ref": null, "nat_name": null, "name": null, "designation": null, "Road_Class": "Barangay Road" }, "geometry": { "type": "MultiLineString", "coordinates": [ [ [ 121.457124, 14.3004858 ], [ 121.4574489, 14.3006746 ], [ 121.4576501, 14.3017193 ] ] ] } },
{ "type": "Feature", "properties": { "full_id": "w113656491", "osm_id": "113656491", "osm_type": "way", "highway": "residential", "motor_vehicle": null, "bus_bay": null, "embankment": null, "handrail": null, "tunnel": null, "covered": null, "horse": null, "description": null, "bridge:structure": null, "bridge:name": null, "source_ref": null, "width": null, "motorcycle": null, "service": null, "reg_name": null, "foot": null, "source:name": null, "narrow": null, "source:nat_name": null, "shoulder:surface": null, "overtaking": null, "maxweight": null, "layer": null, "bridge": null, "shoulder:line": null, "shoulder:bicycle": null, "shoulder": null, "junction": null, "railway": null, "is_in": null, "abandoned:railway": null, "sidewalk": null, "lit": null, "razed:railway": null, "old_name": null, "short_name": null, "postal_code": null, "bicycle": null, "access": null, "lanes": null, "surface": null, "maxspeed:type": null, "maxspeed": null, "oneway": null, "name:etymology:wikidata": null, "name:etymology": null, "ref": null, "nat_name": null, "name": null, "designation": null, "Road_Class": "Barangay Road" }, "geometry": { "type": "MultiLineString", "coordinates": [ [ [ 121.4568722, 14.3014647 ], [ 121.4566814, 14.3014289 ], [ 121.4564907, 14.3013991 ] ] ] } },
{ "type": "Feature", "properties": { "full_id": "w113656492", "osm_id": "113656492", "osm_type": "way", "highway": "residential", "motor_vehicle": null, "bus_bay": null, "embankment": null, "handrail": null, "tunnel": null, "covered": null, "horse": null, "description": null, "bridge:structure": null, "bridge:name": null, "source_ref": null, "width": null, "motorcycle": null, "service": null, "reg_name": null, "foot": null, "source:name": null, "narrow": null, "source:nat_name": null, "shoulder:surface": null, "overtaking": null, "maxweight": null, "layer": null, "bridge": null, "shoulder:line": null, "shoulder:bicycle": null, "shoulder": null, "junction": null, "railway": null, "is_in": null, "abandoned:railway": null, "sidewalk": null, "lit": null, "razed:railway": null, "old_name": null, "short_name": null, "postal_code": null, "bicycle": null, "access": null, "lanes": null, "surface": null, "maxspeed:type": null, "maxspeed": null, "oneway": null, "name:etymology:wikidata": null, "name:etymology": null, "ref": null, "nat_name": null, "name": null, "designation": null, "Road_Class": "Barangay Road" }, "geometry": { "type": "MultiLineString", "coordinates": [ [ [ 121.4527483, 14.301839 ], [ 121.4528007, 14.3019 ], [ 121.4528013, 14.301928 ], [ 121.4527766, 14.3019715 ], [ 121.4527042, 14.3020416 ], [ 121.4526278, 14.3021326 ], [ 121.452558, 14.3022132 ], [ 121.4519988, 14.3028227 ] ] ] } },
{ "type": "Feature", "properties": { "full_id": "w113656493", "osm_id": "113656493", "osm_type": "way", "highway": "track", "motor_vehicle": null, "bus_bay": null, "embankment": null, "handrail": null, "tunnel": null, "covered": null, "horse": null, "description": null, "bridge:structure": null, "bridge:name": null, "source_ref": null, "width": null, "motorcycle": null, "service": null, "reg_name": null, "foot": null, "source:name": null, "narrow": null, "source:nat_name": null, "shoulder:surface": null, "overtaking": null, "maxweight": null, "layer": null, "bridge": null, "shoulder:line": null, "shoulder:bicycle": null, "shoulder": null, "junction": null, "railway": null, "is_in": null, "abandoned:railway": null, "sidewalk": null, "lit": null, "razed:railway": null, "old_name": null, "short_name": null, "postal_code": null, "bicycle": null, "access": null, "lanes": null, "surface": "dirt", "maxspeed:type": null, "maxspeed": null, "oneway": null, "name:etymology:wikidata": null, "name:etymology": null, "ref": null, "nat_name": null, "name": null, "designation": null, "Road_Class": "Other" }, "geometry": { "type": "MultiLineString", "coordinates": [ [ [ 121.4523929, 14.3004576 ], [ 121.4523072, 14.3002171 ], [ 121.4520256, 14.3001261 ], [ 121.4519532, 14.3000299 ], [ 121.4518191, 14.2999597 ], [ 121.45095, 14.2994763 ], [ 121.4505987, 14.299271 ], [ 121.4504377, 14.2991956 ], [ 121.4503895, 14.2991202 ], [ 121.4502312, 14.2990189 ], [ 121.4501695, 14.2989149 ], [ 121.4497386, 14.2987397 ], [ 121.4495633, 14.29872 ], [ 121.44933, 14.2986888 ], [ 121.4489813, 14.2985848 ], [ 121.4488445, 14.2985692 ] ] ] } },
{ "type": "Feature", "properties": { "full_id": "w113656495", "osm_id": "113656495", "osm_type": "way", "highway": "residential", "motor_vehicle": null, "bus_bay": null, "embankment": null, "handrail": null, "tunnel": null, "covered": null, "horse": null, "description": null, "bridge:structure": null, "bridge:name": null, "source_ref": null, "width": null, "motorcycle": null, "service": null, "reg_name": null, "foot": null, "source:name": null, "narrow": null, "source:nat_name": null, "shoulder:surface": null, "overtaking": null, "maxweight": null, "layer": null, "bridge": null, "shoulder:line": null, "shoulder:bicycle": null, "shoulder": null, "junction": null, "railway": null, "is_in": null, "abandoned:railway": null, "sidewalk": null, "lit": null, "razed:railway": null, "old_name": null, "short_name": null, "postal_code": null, "bicycle": null, "access": null, "lanes": null, "surface": null, "maxspeed:type": null, "maxspeed": null, "oneway": null, "name:etymology:wikidata": null, "name:etymology": null, "ref": null, "nat_name": null, "name": null, "designation": null, "Road_Class": "Barangay Road" }, "geometry": { "type": "MultiLineString", "coordinates": [ [ [ 121.4543864, 14.2998657 ], [ 121.4544026, 14.299915 ], [ 121.454416, 14.299965 ], [ 121.4544166, 14.3000229 ], [ 121.4544033, 14.3001156 ], [ 121.4543657, 14.3001925 ], [ 121.4543456, 14.3003405 ], [ 121.4543243, 14.3005212 ], [ 121.4542874, 14.3007565 ], [ 121.4542772, 14.3008357 ], [ 121.4542614, 14.3009205 ], [ 121.4542961, 14.3009331 ], [ 121.4543831, 14.3009584 ], [ 121.4545937, 14.3010215 ], [ 121.4547897, 14.3010592 ] ] ] } },
{ "type": "Feature", "properties": { "full_id": "w113656503", "osm_id": "113656503", "osm_type": "way", "highway": "service", "motor_vehicle": null, "bus_bay": null, "embankment": null, "handrail": null, "tunnel": null, "covered": null, "horse": null, "description": null, "bridge:structure": null, "bridge:name": null, "source_ref": null, "width": null, "motorcycle": null, "service": null, "reg_name": null, "foot": null, "source:name": null, "narrow": null, "source:nat_name": null, "shoulder:surface": null, "overtaking": null, "maxweight": null, "layer": null, "bridge": null, "shoulder:line": null, "shoulder:bicycle": null, "shoulder": null, "junction": null, "railway": null, "is_in": null, "abandoned:railway": null, "sidewalk": null, "lit": null, "razed:railway": null, "old_name": null, "short_name": null, "postal_code": null, "bicycle": null, "access": null, "lanes": null, "surface": null, "maxspeed:type": null, "maxspeed": null, "oneway": null, "name:etymology:wikidata": null, "name:etymology": null, "ref": null, "nat_name": null, "name": null, "designation": null, "Road_Class": "Barangay Road" }, "geometry": { "type": "MultiLineString", "coordinates": [ [ [ 121.4525323, 14.2968149 ], [ 121.4527483, 14.2967378 ], [ 121.4530589, 14.2966269 ], [ 121.4533178, 14.2965345 ], [ 121.4536029, 14.2964327 ], [ 121.4539111, 14.2972814 ] ] ] } },
{ "type": "Feature", "properties": { "full_id": "w113656504", "osm_id": "113656504", "osm_type": "way", "highway": "service", "motor_vehicle": null, "bus_bay": null, "embankment": null, "handrail": null, "tunnel": null, "covered": null, "horse": null, "description": null, "bridge:structure": null, "bridge:name": null, "source_ref": null, "width": null, "motorcycle": null, "service": null, "reg_name": null, "foot": null, "source:name": null, "narrow": null, "source:nat_name": null, "shoulder:surface": null, "overtaking": null, "maxweight": null, "layer": null, "bridge": null, "shoulder:line": null, "shoulder:bicycle": null, "shoulder": null, "junction": null, "railway": null, "is_in": null, "abandoned:railway": null, "sidewalk": null, "lit": null, "razed:railway": null, "old_name": null, "short_name": null, "postal_code": null, "bicycle": null, "access": null, "lanes": null, "surface": null, "maxspeed:type": null, "maxspeed": null, "oneway": null, "name:etymology:wikidata": null, "name:etymology": null, "ref": null, "nat_name": null, "name": null, "designation": null, "Road_Class": "Barangay Road" }, "geometry": { "type": "MultiLineString", "coordinates": [ [ [ 121.4529836, 14.298053 ], [ 121.4530842, 14.2979842 ], [ 121.4532268, 14.2979027 ], [ 121.4534987, 14.2977475 ], [ 121.4536163, 14.2976803 ], [ 121.4537084, 14.2975557 ], [ 121.4539111, 14.2972814 ] ] ] } },
{ "type": "Feature", "properties": { "full_id": "w113656577", "osm_id": "113656577", "osm_type": "way", "highway": "track", "motor_vehicle": null, "bus_bay": null, "embankment": null, "handrail": null, "tunnel": null, "covered": null, "horse": null, "description": null, "bridge:structure": null, "bridge:name": null, "source_ref": null, "width": null, "motorcycle": null, "service": null, "reg_name": null, "foot": null, "source:name": null, "narrow": null, "source:nat_name": null, "shoulder:surface": null, "overtaking": null, "maxweight": null, "layer": null, "bridge": null, "shoulder:line": null, "shoulder:bicycle": null, "shoulder": null, "junction": null, "railway": null, "is_in": null, "abandoned:railway": null, "sidewalk": null, "lit": null, "razed:railway": null, "old_name": null, "short_name": null, "postal_code": null, "bicycle": null, "access": null, "lanes": null, "surface": null, "maxspeed:type": null, "maxspeed": null, "oneway": null, "name:etymology:wikidata": null, "name:etymology": null, "ref": null, "nat_name": null, "name": null, "designation": null, "Road_Class": "Other" }, "geometry": { "type": "MultiLineString", "coordinates": [ [ [ 121.4497912, 14.2898226 ], [ 121.4502869, 14.29002 ], [ 121.4506724, 14.2901066 ], [ 121.4510628, 14.2901066 ], [ 121.4513579, 14.2902054 ], [ 121.4524093, 14.2904913 ], [ 121.4530289, 14.2906433 ], [ 121.4532257, 14.2907124 ] ] ] } },
{ "type": "Feature", "properties": { "full_id": "w113779806", "osm_id": "113779806", "osm_type": "way", "highway": "residential", "motor_vehicle": null, "bus_bay": null, "embankment": null, "handrail": null, "tunnel": null, "covered": null, "horse": null, "description": null, "bridge:structure": null, "bridge:name": null, "source_ref": null, "width": null, "motorcycle": null, "service": null, "reg_name": null, "foot": null, "source:name": null, "narrow": null, "source:nat_name": null, "shoulder:surface": null, "overtaking": null, "maxweight": null, "layer": null, "bridge": null, "shoulder:line": null, "shoulder:bicycle": null, "shoulder": null, "junction": null, "railway": null, "is_in": null, "abandoned:railway": null, "sidewalk": null, "lit": null, "razed:railway": null, "old_name": null, "short_name": null, "postal_code": null, "bicycle": null, "access": null, "lanes": null, "surface": null, "maxspeed:type": null, "maxspeed": null, "oneway": null, "name:etymology:wikidata": null, "name:etymology": null, "ref": null, "nat_name": null, "name": null, "designation": null, "Road_Class": "Barangay Road" }, "geometry": { "type": "MultiLineString", "coordinates": [ [ [ 121.4571725, 14.2946833 ], [ 121.4573278, 14.2947334 ], [ 121.4575507, 14.2948293 ], [ 121.4577921, 14.2949306 ] ] ] } },
{ "type": "Feature", "properties": { "full_id": "w117166301", "osm_id": "117166301", "osm_type": "way", "highway": "pedestrian", "motor_vehicle": null, "bus_bay": null, "embankment": null, "handrail": null, "tunnel": null, "covered": null, "horse": null, "description": null, "bridge:structure": null, "bridge:name": null, "source_ref": null, "width": null, "motorcycle": null, "service": null, "reg_name": null, "foot": null, "source:name": null, "narrow": null, "source:nat_name": null, "shoulder:surface": null, "overtaking": null, "maxweight": null, "layer": null, "bridge": null, "shoulder:line": null, "shoulder:bicycle": null, "shoulder": null, "junction": null, "railway": null, "is_in": null, "abandoned:railway": null, "sidewalk": null, "lit": null, "razed:railway": null, "old_name": null, "short_name": null, "postal_code": null, "bicycle": null, "access": null, "lanes": null, "surface": null, "maxspeed:type": null, "maxspeed": null, "oneway": null, "name:etymology:wikidata": null, "name:etymology": null, "ref": null, "nat_name": null, "name": null, "designation": null, "Road_Class": "Other" }, "geometry": { "type": "MultiLineString", "coordinates": [ [ [ 121.4587532, 14.2915235 ], [ 121.4588868, 14.2912424 ], [ 121.4589324, 14.2911412 ], [ 121.4589521, 14.2911096 ] ] ] } },
{ "type": "Feature", "properties": { "full_id": "w117166304", "osm_id": "117166304", "osm_type": "way", "highway": "footway", "motor_vehicle": null, "bus_bay": null, "embankment": null, "handrail": null, "tunnel": null, "covered": null, "horse": null, "description": null, "bridge:structure": null, "bridge:name": null, "source_ref": null, "width": null, "motorcycle": null, "service": null, "reg_name": null, "foot": null, "source:name": null, "narrow": null, "source:nat_name": null, "shoulder:surface": null, "overtaking": null, "maxweight": null, "layer": null, "bridge": null, "shoulder:line": null, "shoulder:bicycle": null, "shoulder": null, "junction": null, "railway": null, "is_in": null, "abandoned:railway": null, "sidewalk": null, "lit": null, "razed:railway": null, "old_name": null, "short_name": null, "postal_code": null, "bicycle": null, "access": null, "lanes": null, "surface": null, "maxspeed:type": null, "maxspeed": null, "oneway": null, "name:etymology:wikidata": null, "name:etymology": null, "ref": null, "nat_name": null, "name": null, "designation": null, "Road_Class": "Other" }, "geometry": { "type": "MultiLineString", "coordinates": [ [ [ 121.4588868, 14.2912424 ], [ 121.4587149, 14.2911721 ], [ 121.4587719, 14.2910473 ] ] ] } },
{ "type": "Feature", "properties": { "full_id": "w118672526", "osm_id": "118672526", "osm_type": "way", "highway": "pedestrian", "motor_vehicle": null, "bus_bay": null, "embankment": null, "handrail": null, "tunnel": null, "covered": null, "horse": null, "description": null, "bridge:structure": null, "bridge:name": null, "source_ref": null, "width": null, "motorcycle": null, "service": null, "reg_name": null, "foot": null, "source:name": null, "narrow": null, "source:nat_name": null, "shoulder:surface": null, "overtaking": null, "maxweight": null, "layer": null, "bridge": null, "shoulder:line": null, "shoulder:bicycle": null, "shoulder": null, "junction": null, "railway": null, "is_in": null, "abandoned:railway": null, "sidewalk": null, "lit": null, "razed:railway": null, "old_name": null, "short_name": null, "postal_code": null, "bicycle": null, "access": null, "lanes": null, "surface": null, "maxspeed:type": null, "maxspeed": null, "oneway": null, "name:etymology:wikidata": null, "name:etymology": null, "ref": null, "nat_name": null, "name": null, "designation": null, "Road_Class": "Other" }, "geometry": { "type": "MultiLineString", "coordinates": [ [ [ 121.4586183, 14.2989669 ], [ 121.4591702, 14.298993 ], [ 121.4596656, 14.2989861 ], [ 121.4600365, 14.298988 ], [ 121.4603093, 14.2990104 ], [ 121.4605736, 14.2990163 ], [ 121.4607297, 14.2990684 ] ] ] } },
{ "type": "Feature", "properties": { "full_id": "w118906142", "osm_id": "118906142", "osm_type": "way", "highway": "service", "motor_vehicle": null, "bus_bay": null, "embankment": null, "handrail": null, "tunnel": null, "covered": null, "horse": null, "description": null, "bridge:structure": null, "bridge:name": null, "source_ref": null, "width": null, "motorcycle": null, "service": null, "reg_name": null, "foot": null, "source:name": null, "narrow": null, "source:nat_name": null, "shoulder:surface": null, "overtaking": null, "maxweight": null, "layer": null, "bridge": null, "shoulder:line": null, "shoulder:bicycle": null, "shoulder": null, "junction": null, "railway": null, "is_in": null, "abandoned:railway": null, "sidewalk": null, "lit": null, "razed:railway": null, "old_name": null, "short_name": null, "postal_code": null, "bicycle": null, "access": null, "lanes": null, "surface": null, "maxspeed:type": null, "maxspeed": null, "oneway": null, "name:etymology:wikidata": null, "name:etymology": null, "ref": null, "nat_name": null, "name": null, "designation": null, "Road_Class": "Barangay Road" }, "geometry": { "type": "MultiLineString", "coordinates": [ [ [ 121.4584505, 14.2907292 ], [ 121.4584068, 14.2906825 ] ] ] } },
{ "type": "Feature", "properties": { "full_id": "w119417602", "osm_id": "119417602", "osm_type": "way", "highway": "track", "motor_vehicle": null, "bus_bay": null, "embankment": null, "handrail": null, "tunnel": null, "covered": null, "horse": null, "description": null, "bridge:structure": null, "bridge:name": null, "source_ref": null, "width": null, "motorcycle": null, "service": null, "reg_name": null, "foot": null, "source:name": null, "narrow": null, "source:nat_name": null, "shoulder:surface": null, "overtaking": null, "maxweight": null, "layer": null, "bridge": null, "shoulder:line": null, "shoulder:bicycle": null, "shoulder": null, "junction": null, "railway": null, "is_in": null, "abandoned:railway": null, "sidewalk": null, "lit": null, "razed:railway": null, "old_name": null, "short_name": null, "postal_code": null, "bicycle": null, "access": null, "lanes": null, "surface": null, "maxspeed:type": null, "maxspeed": null, "oneway": null, "name:etymology:wikidata": null, "name:etymology": null, "ref": null, "nat_name": null, "name": null, "designation": null, "Road_Class": "Other" }, "geometry": { "type": "MultiLineString", "coordinates": [ [ [ 121.4512744, 14.3038713 ], [ 121.4514514, 14.3034685 ], [ 121.4514715, 14.3034282 ], [ 121.4514904, 14.3033813 ], [ 121.4515292, 14.3033099 ], [ 121.4515574, 14.3032007 ], [ 121.4515882, 14.3031695 ], [ 121.4516298, 14.3031904 ], [ 121.4516942, 14.3032085 ], [ 121.4517331, 14.3031683 ], [ 121.4517974, 14.3030318 ], [ 121.4518309, 14.3030006 ], [ 121.4518833, 14.3029356 ], [ 121.4519988, 14.3028227 ] ] ] } },
{ "type": "Feature", "properties": { "full_id": "w119417603", "osm_id": "119417603", "osm_type": "way", "highway": "residential", "motor_vehicle": null, "bus_bay": null, "embankment": null, "handrail": null, "tunnel": null, "covered": null, "horse": null, "description": null, "bridge:structure": null, "bridge:name": null, "source_ref": null, "width": null, "motorcycle": null, "service": null, "reg_name": null, "foot": null, "source:name": null, "narrow": null, "source:nat_name": null, "shoulder:surface": null, "overtaking": null, "maxweight": null, "layer": null, "bridge": null, "shoulder:line": null, "shoulder:bicycle": null, "shoulder": null, "junction": null, "railway": null, "is_in": null, "abandoned:railway": null, "sidewalk": null, "lit": null, "razed:railway": null, "old_name": null, "short_name": null, "postal_code": null, "bicycle": null, "access": null, "lanes": null, "surface": null, "maxspeed:type": null, "maxspeed": null, "oneway": null, "name:etymology:wikidata": null, "name:etymology": null, "ref": null, "nat_name": null, "name": null, "designation": null, "Road_Class": "Barangay Road" }, "geometry": { "type": "MultiLineString", "coordinates": [ [ [ 121.453371, 14.3012866 ], [ 121.4531678, 14.3011074 ], [ 121.4530098, 14.3009981 ], [ 121.452924, 14.3009696 ] ] ] } },
{ "type": "Feature", "properties": { "full_id": "w119417604", "osm_id": "119417604", "osm_type": "way", "highway": "service", "motor_vehicle": null, "bus_bay": null, "embankment": null, "handrail": null, "tunnel": null, "covered": null, "horse": null, "description": null, "bridge:structure": null, "bridge:name": null, "source_ref": null, "width": null, "motorcycle": null, "service": null, "reg_name": null, "foot": null, "source:name": null, "narrow": null, "source:nat_name": null, "shoulder:surface": null, "overtaking": null, "maxweight": null, "layer": null, "bridge": null, "shoulder:line": null, "shoulder:bicycle": null, "shoulder": null, "junction": null, "railway": null, "is_in": null, "abandoned:railway": null, "sidewalk": null, "lit": null, "razed:railway": null, "old_name": null, "short_name": null, "postal_code": null, "bicycle": null, "access": null, "lanes": null, "surface": null, "maxspeed:type": null, "maxspeed": null, "oneway": null, "name:etymology:wikidata": null, "name:etymology": null, "ref": null, "nat_name": null, "name": null, "designation": null, "Road_Class": "Barangay Road" }, "geometry": { "type": "MultiLineString", "coordinates": [ [ [ 121.454671, 14.3057628 ], [ 121.4555749, 14.3060937 ], [ 121.4556009, 14.3061196 ], [ 121.4556089, 14.306143 ], [ 121.4556062, 14.3061741 ], [ 121.4553563, 14.3065446 ] ] ] } },
{ "type": "Feature", "properties": { "full_id": "w119417605", "osm_id": "119417605", "osm_type": "way", "highway": "residential", "motor_vehicle": null, "bus_bay": null, "embankment": null, "handrail": null, "tunnel": null, "covered": null, "horse": null, "description": null, "bridge:structure": null, "bridge:name": null, "source_ref": null, "width": null, "motorcycle": null, "service": null, "reg_name": null, "foot": null, "source:name": null, "narrow": null, "source:nat_name": null, "shoulder:surface": null, "overtaking": null, "maxweight": null, "layer": null, "bridge": null, "shoulder:line": null, "shoulder:bicycle": null, "shoulder": null, "junction": null, "railway": null, "is_in": null, "abandoned:railway": null, "sidewalk": null, "lit": null, "razed:railway": null, "old_name": null, "short_name": null, "postal_code": null, "bicycle": null, "access": null, "lanes": null, "surface": null, "maxspeed:type": null, "maxspeed": null, "oneway": null, "name:etymology:wikidata": null, "name:etymology": null, "ref": null, "nat_name": null, "name": null, "designation": null, "Road_Class": "Barangay Road" }, "geometry": { "type": "MultiLineString", "coordinates": [ [ [ 121.4491286, 14.3013294 ], [ 121.4492346, 14.3011918 ], [ 121.4493513, 14.3010125 ], [ 121.4494532, 14.3008929 ], [ 121.4495645, 14.3008097 ], [ 121.4496329, 14.300772 ], [ 121.4497697, 14.3007396 ], [ 121.4499466, 14.3007563 ], [ 121.450291, 14.3008422 ], [ 121.4507389, 14.3009917 ], [ 121.4509083, 14.3011435 ] ] ] } },
{ "type": "Feature", "properties": { "full_id": "w121782998", "osm_id": "121782998", "osm_type": "way", "highway": "service", "motor_vehicle": null, "bus_bay": null, "embankment": null, "handrail": null, "tunnel": null, "covered": null, "horse": null, "description": null, "bridge:structure": null, "bridge:name": null, "source_ref": null, "width": null, "motorcycle": null, "service": null, "reg_name": null, "foot": null, "source:name": null, "narrow": null, "source:nat_name": null, "shoulder:surface": null, "overtaking": null, "maxweight": null, "layer": null, "bridge": null, "shoulder:line": null, "shoulder:bicycle": null, "shoulder": null, "junction": null, "railway": null, "is_in": null, "abandoned:railway": null, "sidewalk": null, "lit": null, "razed:railway": null, "old_name": null, "short_name": null, "postal_code": null, "bicycle": null, "access": null, "lanes": null, "surface": null, "maxspeed:type": null, "maxspeed": null, "oneway": null, "name:etymology:wikidata": null, "name:etymology": null, "ref": null, "nat_name": null, "name": null, "designation": null, "Road_Class": "Barangay Road" }, "geometry": { "type": "MultiLineString", "coordinates": [ [ [ 121.4579907, 14.2913787 ], [ 121.4580893, 14.291367 ], [ 121.4581348, 14.2913572 ], [ 121.4582586, 14.2913271 ] ] ] } },
{ "type": "Feature", "properties": { "full_id": "w122741610", "osm_id": "122741610", "osm_type": "way", "highway": "residential", "motor_vehicle": null, "bus_bay": null, "embankment": null, "handrail": null, "tunnel": null, "covered": null, "horse": null, "description": null, "bridge:structure": null, "bridge:name": null, "source_ref": null, "width": null, "motorcycle": null, "service": null, "reg_name": null, "foot": null, "source:name": null, "narrow": null, "source:nat_name": null, "shoulder:surface": null, "overtaking": null, "maxweight": null, "layer": null, "bridge": null, "shoulder:line": null, "shoulder:bicycle": null, "shoulder": null, "junction": null, "railway": null, "is_in": null, "abandoned:railway": null, "sidewalk": null, "lit": null, "razed:railway": null, "old_name": null, "short_name": null, "postal_code": null, "bicycle": null, "access": null, "lanes": null, "surface": null, "maxspeed:type": null, "maxspeed": null, "oneway": null, "name:etymology:wikidata": null, "name:etymology": null, "ref": null, "nat_name": null, "name": null, "designation": null, "Road_Class": "Barangay Road" }, "geometry": { "type": "MultiLineString", "coordinates": [ [ [ 121.4575426, 14.3072293 ], [ 121.4581544, 14.3074594 ] ] ] } },
{ "type": "Feature", "properties": { "full_id": "w130105476", "osm_id": "130105476", "osm_type": "way", "highway": "service", "motor_vehicle": null, "bus_bay": null, "embankment": null, "handrail": null, "tunnel": null, "covered": null, "horse": null, "description": null, "bridge:structure": null, "bridge:name": null, "source_ref": null, "width": null, "motorcycle": null, "service": null, "reg_name": null, "foot": null, "source:name": null, "narrow": null, "source:nat_name": null, "shoulder:surface": null, "overtaking": null, "maxweight": null, "layer": null, "bridge": null, "shoulder:line": null, "shoulder:bicycle": null, "shoulder": null, "junction": null, "railway": null, "is_in": null, "abandoned:railway": null, "sidewalk": null, "lit": null, "razed:railway": null, "old_name": null, "short_name": null, "postal_code": null, "bicycle": null, "access": null, "lanes": null, "surface": null, "maxspeed:type": null, "maxspeed": null, "oneway": null, "name:etymology:wikidata": null, "name:etymology": null, "ref": null, "nat_name": null, "name": null, "designation": null, "Road_Class": "Barangay Road" }, "geometry": { "type": "MultiLineString", "coordinates": [ [ [ 121.457194, 14.2972307 ], [ 121.4567765, 14.2972632 ] ] ] } },
{ "type": "Feature", "properties": { "full_id": "w133605030", "osm_id": "133605030", "osm_type": "way", "highway": "residential", "motor_vehicle": null, "bus_bay": null, "embankment": null, "handrail": null, "tunnel": null, "covered": null, "horse": null, "description": null, "bridge:structure": null, "bridge:name": null, "source_ref": null, "width": null, "motorcycle": null, "service": null, "reg_name": null, "foot": null, "source:name": null, "narrow": null, "source:nat_name": null, "shoulder:surface": null, "overtaking": null, "maxweight": null, "layer": null, "bridge": null, "shoulder:line": null, "shoulder:bicycle": null, "shoulder": null, "junction": null, "railway": null, "is_in": null, "abandoned:railway": null, "sidewalk": null, "lit": null, "razed:railway": null, "old_name": null, "short_name": null, "postal_code": null, "bicycle": null, "access": null, "lanes": null, "surface": null, "maxspeed:type": null, "maxspeed": null, "oneway": null, "name:etymology:wikidata": null, "name:etymology": null, "ref": null, "nat_name": null, "name": null, "designation": null, "Road_Class": "Barangay Road" }, "geometry": { "type": "MultiLineString", "coordinates": [ [ [ 121.4543693, 14.2998311 ], [ 121.4542303, 14.2998909 ], [ 121.4541573, 14.2999623 ], [ 121.4541055, 14.3000014 ], [ 121.4540668, 14.3000351 ], [ 121.4540304, 14.3000768 ], [ 121.4539648, 14.3001833 ], [ 121.4538951, 14.3002989 ] ] ] } },
{ "type": "Feature", "properties": { "full_id": "w133605040", "osm_id": "133605040", "osm_type": "way", "highway": "residential", "motor_vehicle": null, "bus_bay": null, "embankment": null, "handrail": null, "tunnel": null, "covered": null, "horse": null, "description": null, "bridge:structure": null, "bridge:name": null, "source_ref": null, "width": null, "motorcycle": null, "service": null, "reg_name": null, "foot": null, "source:name": null, "narrow": null, "source:nat_name": null, "shoulder:surface": null, "overtaking": null, "maxweight": null, "layer": null, "bridge": null, "shoulder:line": null, "shoulder:bicycle": null, "shoulder": null, "junction": null, "railway": null, "is_in": null, "abandoned:railway": null, "sidewalk": null, "lit": null, "razed:railway": null, "old_name": null, "short_name": null, "postal_code": null, "bicycle": null, "access": null, "lanes": null, "surface": null, "maxspeed:type": null, "maxspeed": null, "oneway": null, "name:etymology:wikidata": null, "name:etymology": null, "ref": null, "nat_name": null, "name": null, "designation": null, "Road_Class": "Barangay Road" }, "geometry": { "type": "MultiLineString", "coordinates": [ [ [ 121.4548319, 14.3008169 ], [ 121.4546214, 14.3007951 ], [ 121.454421, 14.3007562 ] ] ] } },
{ "type": "Feature", "properties": { "full_id": "w133605044", "osm_id": "133605044", "osm_type": "way", "highway": "residential", "motor_vehicle": null, "bus_bay": null, "embankment": null, "handrail": null, "tunnel": null, "covered": null, "horse": null, "description": null, "bridge:structure": null, "bridge:name": null, "source_ref": null, "width": null, "motorcycle": null, "service": null, "reg_name": null, "foot": null, "source:name": null, "narrow": null, "source:nat_name": null, "shoulder:surface": null, "overtaking": null, "maxweight": null, "layer": null, "bridge": null, "shoulder:line": null, "shoulder:bicycle": null, "shoulder": null, "junction": null, "railway": null, "is_in": null, "abandoned:railway": null, "sidewalk": null, "lit": null, "razed:railway": null, "old_name": null, "short_name": null, "postal_code": null, "bicycle": null, "access": null, "lanes": null, "surface": null, "maxspeed:type": null, "maxspeed": null, "oneway": null, "name:etymology:wikidata": null, "name:etymology": null, "ref": null, "nat_name": null, "name": null, "designation": null, "Road_Class": "Barangay Road" }, "geometry": { "type": "MultiLineString", "coordinates": [ [ [ 121.4547897, 14.3010592 ], [ 121.4548319, 14.3008169 ], [ 121.4548435, 14.300563 ], [ 121.4549122, 14.3000319 ], [ 121.4549098, 14.3000167 ], [ 121.4549009, 14.3000058 ] ] ] } },
{ "type": "Feature", "properties": { "full_id": "w133605048", "osm_id": "133605048", "osm_type": "way", "highway": "residential", "motor_vehicle": null, "bus_bay": null, "embankment": null, "handrail": null, "tunnel": null, "covered": null, "horse": null, "description": null, "bridge:structure": null, "bridge:name": null, "source_ref": null, "width": null, "motorcycle": null, "service": null, "reg_name": null, "foot": null, "source:name": null, "narrow": null, "source:nat_name": null, "shoulder:surface": null, "overtaking": null, "maxweight": null, "layer": null, "bridge": null, "shoulder:line": null, "shoulder:bicycle": null, "shoulder": null, "junction": null, "railway": null, "is_in": null, "abandoned:railway": null, "sidewalk": null, "lit": null, "razed:railway": null, "old_name": null, "short_name": null, "postal_code": null, "bicycle": null, "access": null, "lanes": null, "surface": null, "maxspeed:type": null, "maxspeed": null, "oneway": null, "name:etymology:wikidata": null, "name:etymology": null, "ref": null, "nat_name": null, "name": null, "designation": null, "Road_Class": "Barangay Road" }, "geometry": { "type": "MultiLineString", "coordinates": [ [ [ 121.4544596, 14.3005371 ], [ 121.454421, 14.3007562 ], [ 121.4543831, 14.3009584 ] ] ] } },
{ "type": "Feature", "properties": { "full_id": "w133605050", "osm_id": "133605050", "osm_type": "way", "highway": "track", "motor_vehicle": null, "bus_bay": null, "embankment": null, "handrail": null, "tunnel": null, "covered": null, "horse": null, "description": null, "bridge:structure": null, "bridge:name": null, "source_ref": null, "width": null, "motorcycle": null, "service": null, "reg_name": null, "foot": null, "source:name": null, "narrow": null, "source:nat_name": null, "shoulder:surface": null, "overtaking": null, "maxweight": null, "layer": null, "bridge": null, "shoulder:line": null, "shoulder:bicycle": null, "shoulder": null, "junction": null, "railway": null, "is_in": null, "abandoned:railway": null, "sidewalk": null, "lit": null, "razed:railway": null, "old_name": null, "short_name": null, "postal_code": null, "bicycle": null, "access": null, "lanes": null, "surface": null, "maxspeed:type": null, "maxspeed": null, "oneway": null, "name:etymology:wikidata": null, "name:etymology": null, "ref": null, "nat_name": null, "name": null, "designation": null, "Road_Class": "Other" }, "geometry": { "type": "MultiLineString", "coordinates": [ [ [ 121.4504698, 14.3038142 ], [ 121.4506682, 14.3037011 ], [ 121.450907, 14.3034347 ], [ 121.4511362, 14.3032306 ], [ 121.4513414, 14.3030344 ], [ 121.4515158, 14.3029018 ], [ 121.4515971, 14.3029115 ], [ 121.451658, 14.3029123 ], [ 121.4517746, 14.3028382 ] ] ] } },
{ "type": "Feature", "properties": { "full_id": "w133605053", "osm_id": "133605053", "osm_type": "way", "highway": "service", "motor_vehicle": null, "bus_bay": null, "embankment": null, "handrail": null, "tunnel": null, "covered": null, "horse": null, "description": null, "bridge:structure": null, "bridge:name": null, "source_ref": null, "width": null, "motorcycle": null, "service": null, "reg_name": null, "foot": null, "source:name": null, "narrow": null, "source:nat_name": null, "shoulder:surface": null, "overtaking": null, "maxweight": null, "layer": null, "bridge": null, "shoulder:line": null, "shoulder:bicycle": null, "shoulder": null, "junction": null, "railway": null, "is_in": null, "abandoned:railway": null, "sidewalk": null, "lit": null, "razed:railway": null, "old_name": null, "short_name": null, "postal_code": null, "bicycle": null, "access": null, "lanes": null, "surface": null, "maxspeed:type": null, "maxspeed": null, "oneway": null, "name:etymology:wikidata": null, "name:etymology": null, "ref": null, "nat_name": null, "name": null, "designation": null, "Road_Class": "Barangay Road" }, "geometry": { "type": "MultiLineString", "coordinates": [ [ [ 121.4556246, 14.3066693 ], [ 121.4553563, 14.3065446 ], [ 121.4550832, 14.306395 ], [ 121.4544595, 14.3060586 ] ] ] } },
{ "type": "Feature", "properties": { "full_id": "w133605055", "osm_id": "133605055", "osm_type": "way", "highway": "residential", "motor_vehicle": null, "bus_bay": null, "embankment": null, "handrail": null, "tunnel": null, "covered": null, "horse": null, "description": null, "bridge:structure": null, "bridge:name": null, "source_ref": null, "width": null, "motorcycle": null, "service": null, "reg_name": null, "foot": null, "source:name": null, "narrow": null, "source:nat_name": null, "shoulder:surface": null, "overtaking": null, "maxweight": null, "layer": null, "bridge": null, "shoulder:line": null, "shoulder:bicycle": null, "shoulder": null, "junction": null, "railway": null, "is_in": null, "abandoned:railway": null, "sidewalk": null, "lit": null, "razed:railway": null, "old_name": null, "short_name": null, "postal_code": null, "bicycle": null, "access": null, "lanes": null, "surface": null, "maxspeed:type": null, "maxspeed": null, "oneway": null, "name:etymology:wikidata": null, "name:etymology": null, "ref": null, "nat_name": null, "name": null, "designation": null, "Road_Class": "Barangay Road" }, "geometry": { "type": "MultiLineString", "coordinates": [ [ [ 121.4549009, 14.3000058 ], [ 121.4548853, 14.3000053 ], [ 121.4547318, 14.300028 ], [ 121.4546909, 14.3000391 ], [ 121.4546635, 14.300052 ], [ 121.4546486, 14.3000709 ], [ 121.4546434, 14.3001183 ], [ 121.4546044, 14.3005389 ] ] ] } },
{ "type": "Feature", "properties": { "full_id": "w133605060", "osm_id": "133605060", "osm_type": "way", "highway": "residential", "motor_vehicle": null, "bus_bay": null, "embankment": null, "handrail": null, "tunnel": null, "covered": null, "horse": null, "description": null, "bridge:structure": null, "bridge:name": null, "source_ref": null, "width": null, "motorcycle": null, "service": null, "reg_name": null, "foot": null, "source:name": null, "narrow": null, "source:nat_name": null, "shoulder:surface": null, "overtaking": null, "maxweight": null, "layer": null, "bridge": null, "shoulder:line": null, "shoulder:bicycle": null, "shoulder": null, "junction": null, "railway": null, "is_in": null, "abandoned:railway": null, "sidewalk": null, "lit": null, "razed:railway": null, "old_name": null, "short_name": null, "postal_code": null, "bicycle": null, "access": null, "lanes": null, "surface": null, "maxspeed:type": null, "maxspeed": null, "oneway": null, "name:etymology:wikidata": null, "name:etymology": null, "ref": null, "nat_name": null, "name": null, "designation": null, "Road_Class": "Barangay Road" }, "geometry": { "type": "MultiLineString", "coordinates": [ [ [ 121.4543243, 14.3005212 ], [ 121.4544596, 14.3005371 ], [ 121.4546044, 14.3005389 ], [ 121.4548435, 14.300563 ] ] ] } },
{ "type": "Feature", "properties": { "full_id": "w138878003", "osm_id": "138878003", "osm_type": "way", "highway": "pedestrian", "motor_vehicle": null, "bus_bay": null, "embankment": null, "handrail": null, "tunnel": null, "covered": null, "horse": null, "description": null, "bridge:structure": null, "bridge:name": null, "source_ref": null, "width": null, "motorcycle": null, "service": null, "reg_name": null, "foot": null, "source:name": null, "narrow": null, "source:nat_name": null, "shoulder:surface": null, "overtaking": null, "maxweight": null, "layer": null, "bridge": null, "shoulder:line": null, "shoulder:bicycle": null, "shoulder": null, "junction": null, "railway": null, "is_in": null, "abandoned:railway": null, "sidewalk": null, "lit": null, "razed:railway": null, "old_name": null, "short_name": null, "postal_code": null, "bicycle": null, "access": null, "lanes": null, "surface": null, "maxspeed:type": null, "maxspeed": null, "oneway": null, "name:etymology:wikidata": null, "name:etymology": null, "ref": null, "nat_name": null, "name": null, "designation": null, "Road_Class": "Other" }, "geometry": { "type": "MultiLineString", "coordinates": [ [ [ 121.4605441, 14.2992738 ], [ 121.4600085, 14.2992715 ], [ 121.4596589, 14.2992785 ], [ 121.4591703, 14.299281 ], [ 121.4584546, 14.2992764 ] ] ] } },
{ "type": "Feature", "properties": { "full_id": "w138878006", "osm_id": "138878006", "osm_type": "way", "highway": "pedestrian", "motor_vehicle": null, "bus_bay": null, "embankment": null, "handrail": null, "tunnel": null, "covered": null, "horse": null, "description": null, "bridge:structure": null, "bridge:name": null, "source_ref": null, "width": null, "motorcycle": null, "service": null, "reg_name": null, "foot": null, "source:name": null, "narrow": null, "source:nat_name": null, "shoulder:surface": null, "overtaking": null, "maxweight": null, "layer": null, "bridge": null, "shoulder:line": null, "shoulder:bicycle": null, "shoulder": null, "junction": null, "railway": null, "is_in": null, "abandoned:railway": null, "sidewalk": null, "lit": null, "razed:railway": null, "old_name": null, "short_name": null, "postal_code": null, "bicycle": null, "access": null, "lanes": null, "surface": null, "maxspeed:type": null, "maxspeed": null, "oneway": null, "name:etymology:wikidata": null, "name:etymology": null, "ref": null, "nat_name": null, "name": null, "designation": null, "Road_Class": "Other" }, "geometry": { "type": "MultiLineString", "coordinates": [ [ [ 121.460528, 14.3011035 ], [ 121.4599125, 14.3010027 ], [ 121.4596356, 14.3009757 ], [ 121.4592008, 14.3009868 ], [ 121.4585565, 14.3010853 ] ] ] } },
{ "type": "Feature", "properties": { "full_id": "w159002725", "osm_id": "159002725", "osm_type": "way", "highway": "residential", "motor_vehicle": null, "bus_bay": null, "embankment": null, "handrail": null, "tunnel": null, "covered": null, "horse": null, "description": null, "bridge:structure": null, "bridge:name": null, "source_ref": null, "width": null, "motorcycle": null, "service": null, "reg_name": null, "foot": null, "source:name": null, "narrow": null, "source:nat_name": null, "shoulder:surface": null, "overtaking": null, "maxweight": null, "layer": null, "bridge": null, "shoulder:line": null, "shoulder:bicycle": null, "shoulder": null, "junction": null, "railway": null, "is_in": null, "abandoned:railway": null, "sidewalk": null, "lit": null, "razed:railway": null, "old_name": null, "short_name": null, "postal_code": null, "bicycle": null, "access": null, "lanes": null, "surface": "unpaved", "maxspeed:type": null, "maxspeed": null, "oneway": null, "name:etymology:wikidata": null, "name:etymology": null, "ref": null, "nat_name": null, "name": null, "designation": null, "Road_Class": "Barangay Road" }, "geometry": { "type": "MultiLineString", "coordinates": [ [ [ 121.4577582, 14.2921493 ], [ 121.4580125, 14.292223 ], [ 121.4583756, 14.2923625 ], [ 121.4586479, 14.2924522 ] ] ] } },
{ "type": "Feature", "properties": { "full_id": "w159015411", "osm_id": "159015411", "osm_type": "way", "highway": "residential", "motor_vehicle": null, "bus_bay": null, "embankment": null, "handrail": null, "tunnel": null, "covered": null, "horse": null, "description": null, "bridge:structure": null, "bridge:name": null, "source_ref": null, "width": null, "motorcycle": null, "service": null, "reg_name": null, "foot": null, "source:name": null, "narrow": null, "source:nat_name": null, "shoulder:surface": null, "overtaking": null, "maxweight": null, "layer": null, "bridge": null, "shoulder:line": null, "shoulder:bicycle": null, "shoulder": null, "junction": null, "railway": null, "is_in": null, "abandoned:railway": null, "sidewalk": null, "lit": null, "razed:railway": null, "old_name": null, "short_name": null, "postal_code": null, "bicycle": null, "access": null, "lanes": null, "surface": null, "maxspeed:type": null, "maxspeed": null, "oneway": null, "name:etymology:wikidata": null, "name:etymology": null, "ref": null, "nat_name": null, "name": null, "designation": null, "Road_Class": "Barangay Road" }, "geometry": { "type": "MultiLineString", "coordinates": [ [ [ 121.4558651, 14.3012659 ], [ 121.4564907, 14.3013991 ] ] ] } },
{ "type": "Feature", "properties": { "full_id": "w159015416", "osm_id": "159015416", "osm_type": "way", "highway": "residential", "motor_vehicle": null, "bus_bay": null, "embankment": null, "handrail": null, "tunnel": null, "covered": null, "horse": null, "description": null, "bridge:structure": null, "bridge:name": null, "source_ref": null, "width": null, "motorcycle": null, "service": null, "reg_name": null, "foot": null, "source:name": null, "narrow": null, "source:nat_name": null, "shoulder:surface": null, "overtaking": null, "maxweight": null, "layer": null, "bridge": null, "shoulder:line": null, "shoulder:bicycle": null, "shoulder": null, "junction": null, "railway": null, "is_in": null, "abandoned:railway": null, "sidewalk": null, "lit": null, "razed:railway": null, "old_name": null, "short_name": null, "postal_code": null, "bicycle": null, "access": null, "lanes": null, "surface": null, "maxspeed:type": null, "maxspeed": null, "oneway": null, "name:etymology:wikidata": null, "name:etymology": null, "ref": null, "nat_name": null, "name": null, "designation": null, "Road_Class": "Barangay Road" }, "geometry": { "type": "MultiLineString", "coordinates": [ [ [ 121.4564907, 14.3013991 ], [ 121.45647, 14.301618 ] ] ] } },
{ "type": "Feature", "properties": { "full_id": "w159015433", "osm_id": "159015433", "osm_type": "way", "highway": "residential", "motor_vehicle": null, "bus_bay": null, "embankment": null, "handrail": null, "tunnel": null, "covered": null, "horse": null, "description": null, "bridge:structure": null, "bridge:name": null, "source_ref": null, "width": null, "motorcycle": null, "service": null, "reg_name": null, "foot": null, "source:name": null, "narrow": null, "source:nat_name": null, "shoulder:surface": null, "overtaking": null, "maxweight": null, "layer": null, "bridge": null, "shoulder:line": null, "shoulder:bicycle": null, "shoulder": null, "junction": null, "railway": null, "is_in": null, "abandoned:railway": null, "sidewalk": null, "lit": null, "razed:railway": null, "old_name": null, "short_name": null, "postal_code": null, "bicycle": null, "access": null, "lanes": null, "surface": null, "maxspeed:type": null, "maxspeed": null, "oneway": null, "name:etymology:wikidata": null, "name:etymology": null, "ref": null, "nat_name": null, "name": null, "designation": null, "Road_Class": "Barangay Road" }, "geometry": { "type": "MultiLineString", "coordinates": [ [ [ 121.4565934, 14.3016362 ], [ 121.45647, 14.301618 ], [ 121.4563815, 14.301605 ], [ 121.4563171, 14.3016154 ], [ 121.4562541, 14.3019832 ] ] ] } },
{ "type": "Feature", "properties": { "full_id": "w343121327", "osm_id": "343121327", "osm_type": "way", "highway": "residential", "motor_vehicle": null, "bus_bay": null, "embankment": null, "handrail": null, "tunnel": null, "covered": null, "horse": "no", "description": null, "bridge:structure": null, "bridge:name": null, "source_ref": null, "width": null, "motorcycle": null, "service": null, "reg_name": null, "foot": null, "source:name": null, "narrow": null, "source:nat_name": null, "shoulder:surface": null, "overtaking": null, "maxweight": null, "layer": null, "bridge": null, "shoulder:line": null, "shoulder:bicycle": null, "shoulder": null, "junction": null, "railway": null, "is_in": null, "abandoned:railway": null, "sidewalk": null, "lit": null, "razed:railway": null, "old_name": null, "short_name": null, "postal_code": null, "bicycle": null, "access": null, "lanes": null, "surface": "paved", "maxspeed:type": null, "maxspeed": null, "oneway": "no", "name:etymology:wikidata": null, "name:etymology": null, "ref": null, "nat_name": null, "name": null, "designation": null, "Road_Class": "Barangay Road" }, "geometry": { "type": "MultiLineString", "coordinates": [ [ [ 121.4574489, 14.3006746 ], [ 121.4577173, 14.3005732 ] ] ] } },
{ "type": "Feature", "properties": { "full_id": "w886920762", "osm_id": "886920762", "osm_type": "way", "highway": "residential", "motor_vehicle": null, "bus_bay": null, "embankment": null, "handrail": null, "tunnel": null, "covered": null, "horse": null, "description": null, "bridge:structure": null, "bridge:name": null, "source_ref": null, "width": null, "motorcycle": null, "service": null, "reg_name": null, "foot": null, "source:name": null, "narrow": null, "source:nat_name": null, "shoulder:surface": null, "overtaking": null, "maxweight": null, "layer": null, "bridge": null, "shoulder:line": null, "shoulder:bicycle": null, "shoulder": null, "junction": null, "railway": null, "is_in": null, "abandoned:railway": null, "sidewalk": null, "lit": null, "razed:railway": null, "old_name": null, "short_name": null, "postal_code": null, "bicycle": null, "access": null, "lanes": null, "surface": null, "maxspeed:type": null, "maxspeed": null, "oneway": null, "name:etymology:wikidata": null, "name:etymology": null, "ref": null, "nat_name": null, "name": null, "designation": null, "Road_Class": "Barangay Road" }, "geometry": { "type": "MultiLineString", "coordinates": [ [ [ 121.4555714, 14.295232 ], [ 121.4566195, 14.2955129 ] ] ] } },
{ "type": "Feature", "properties": { "full_id": "w886920763", "osm_id": "886920763", "osm_type": "way", "highway": "residential", "motor_vehicle": null, "bus_bay": null, "embankment": null, "handrail": null, "tunnel": null, "covered": null, "horse": null, "description": null, "bridge:structure": null, "bridge:name": null, "source_ref": null, "width": null, "motorcycle": null, "service": null, "reg_name": null, "foot": null, "source:name": null, "narrow": null, "source:nat_name": null, "shoulder:surface": null, "overtaking": null, "maxweight": null, "layer": null, "bridge": null, "shoulder:line": null, "shoulder:bicycle": null, "shoulder": null, "junction": null, "railway": null, "is_in": null, "abandoned:railway": null, "sidewalk": null, "lit": null, "razed:railway": null, "old_name": null, "short_name": null, "postal_code": null, "bicycle": null, "access": null, "lanes": null, "surface": null, "maxspeed:type": null, "maxspeed": null, "oneway": null, "name:etymology:wikidata": null, "name:etymology": null, "ref": null, "nat_name": null, "name": null, "designation": null, "Road_Class": "Barangay Road" }, "geometry": { "type": "MultiLineString", "coordinates": [ [ [ 121.4555338, 14.2955192 ], [ 121.4565476, 14.2957733 ] ] ] } },
{ "type": "Feature", "properties": { "full_id": "w886935660", "osm_id": "886935660", "osm_type": "way", "highway": "residential", "motor_vehicle": null, "bus_bay": null, "embankment": null, "handrail": null, "tunnel": null, "covered": null, "horse": null, "description": null, "bridge:structure": null, "bridge:name": null, "source_ref": null, "width": null, "motorcycle": null, "service": null, "reg_name": null, "foot": null, "source:name": null, "narrow": null, "source:nat_name": null, "shoulder:surface": null, "overtaking": null, "maxweight": null, "layer": null, "bridge": null, "shoulder:line": null, "shoulder:bicycle": null, "shoulder": null, "junction": null, "railway": null, "is_in": null, "abandoned:railway": null, "sidewalk": null, "lit": null, "razed:railway": null, "old_name": null, "short_name": null, "postal_code": null, "bicycle": null, "access": null, "lanes": null, "surface": null, "maxspeed:type": null, "maxspeed": null, "oneway": null, "name:etymology:wikidata": null, "name:etymology": null, "ref": null, "nat_name": null, "name": null, "designation": null, "Road_Class": "Barangay Road" }, "geometry": { "type": "MultiLineString", "coordinates": [ [ [ 121.4572974, 14.2941053 ], [ 121.4570597, 14.293989 ], [ 121.4569768, 14.2939636 ], [ 121.4566362, 14.2939142 ], [ 121.4563733, 14.2939038 ], [ 121.4560059, 14.2938077 ] ] ] } },
{ "type": "Feature", "properties": { "full_id": "w886935661", "osm_id": "886935661", "osm_type": "way", "highway": "residential", "motor_vehicle": null, "bus_bay": null, "embankment": null, "handrail": null, "tunnel": null, "covered": null, "horse": null, "description": null, "bridge:structure": null, "bridge:name": null, "source_ref": null, "width": null, "motorcycle": null, "service": null, "reg_name": null, "foot": null, "source:name": null, "narrow": null, "source:nat_name": null, "shoulder:surface": null, "overtaking": null, "maxweight": null, "layer": null, "bridge": null, "shoulder:line": null, "shoulder:bicycle": null, "shoulder": null, "junction": null, "railway": null, "is_in": null, "abandoned:railway": null, "sidewalk": null, "lit": null, "razed:railway": null, "old_name": null, "short_name": null, "postal_code": null, "bicycle": null, "access": null, "lanes": null, "surface": null, "maxspeed:type": null, "maxspeed": null, "oneway": null, "name:etymology:wikidata": null, "name:etymology": null, "ref": null, "nat_name": null, "name": null, "designation": null, "Road_Class": "Barangay Road" }, "geometry": { "type": "MultiLineString", "coordinates": [ [ [ 121.4568682, 14.2899817 ], [ 121.4567965, 14.2902738 ] ] ] } },
{ "type": "Feature", "properties": { "full_id": "w886935662", "osm_id": "886935662", "osm_type": "way", "highway": "residential", "motor_vehicle": null, "bus_bay": null, "embankment": null, "handrail": null, "tunnel": null, "covered": null, "horse": null, "description": null, "bridge:structure": null, "bridge:name": null, "source_ref": null, "width": null, "motorcycle": null, "service": null, "reg_name": null, "foot": null, "source:name": null, "narrow": null, "source:nat_name": null, "shoulder:surface": null, "overtaking": null, "maxweight": null, "layer": null, "bridge": null, "shoulder:line": null, "shoulder:bicycle": null, "shoulder": null, "junction": null, "railway": null, "is_in": null, "abandoned:railway": null, "sidewalk": null, "lit": null, "razed:railway": null, "old_name": null, "short_name": null, "postal_code": null, "bicycle": null, "access": null, "lanes": null, "surface": null, "maxspeed:type": null, "maxspeed": null, "oneway": null, "name:etymology:wikidata": null, "name:etymology": null, "ref": null, "nat_name": null, "name": null, "designation": null, "Road_Class": "Barangay Road" }, "geometry": { "type": "MultiLineString", "coordinates": [ [ [ 121.4560273, 14.3006395 ], [ 121.4560059, 14.3006902 ], [ 121.4559066, 14.301032 ], [ 121.4558651, 14.3012659 ] ] ] } },
{ "type": "Feature", "properties": { "full_id": "w886935663", "osm_id": "886935663", "osm_type": "way", "highway": "residential", "motor_vehicle": null, "bus_bay": null, "embankment": null, "handrail": null, "tunnel": null, "covered": null, "horse": null, "description": null, "bridge:structure": null, "bridge:name": null, "source_ref": null, "width": null, "motorcycle": null, "service": null, "reg_name": null, "foot": null, "source:name": null, "narrow": null, "source:nat_name": null, "shoulder:surface": null, "overtaking": null, "maxweight": null, "layer": null, "bridge": null, "shoulder:line": null, "shoulder:bicycle": null, "shoulder": null, "junction": null, "railway": null, "is_in": null, "abandoned:railway": null, "sidewalk": null, "lit": null, "razed:railway": null, "old_name": null, "short_name": null, "postal_code": null, "bicycle": null, "access": null, "lanes": null, "surface": null, "maxspeed:type": null, "maxspeed": null, "oneway": null, "name:etymology:wikidata": null, "name:etymology": null, "ref": null, "nat_name": null, "name": null, "designation": null, "Road_Class": "Barangay Road" }, "geometry": { "type": "MultiLineString", "coordinates": [ [ [ 121.4568695, 14.3012282 ], [ 121.4564444, 14.3011567 ], [ 121.4559066, 14.301032 ] ] ] } },
{ "type": "Feature", "properties": { "full_id": "w886935664", "osm_id": "886935664", "osm_type": "way", "highway": "residential", "motor_vehicle": null, "bus_bay": null, "embankment": null, "handrail": null, "tunnel": null, "covered": null, "horse": null, "description": null, "bridge:structure": null, "bridge:name": null, "source_ref": null, "width": null, "motorcycle": null, "service": null, "reg_name": null, "foot": null, "source:name": null, "narrow": null, "source:nat_name": null, "shoulder:surface": null, "overtaking": null, "maxweight": null, "layer": null, "bridge": null, "shoulder:line": null, "shoulder:bicycle": null, "shoulder": null, "junction": null, "railway": null, "is_in": null, "abandoned:railway": null, "sidewalk": null, "lit": null, "razed:railway": null, "old_name": null, "short_name": null, "postal_code": null, "bicycle": null, "access": null, "lanes": null, "surface": null, "maxspeed:type": null, "maxspeed": null, "oneway": null, "name:etymology:wikidata": null, "name:etymology": null, "ref": null, "nat_name": null, "name": null, "designation": null, "Road_Class": "Barangay Road" }, "geometry": { "type": "MultiLineString", "coordinates": [ [ [ 121.4570953, 14.2994945 ], [ 121.4559093, 14.2998741 ] ] ] } },
{ "type": "Feature", "properties": { "full_id": "w886935665", "osm_id": "886935665", "osm_type": "way", "highway": "residential", "motor_vehicle": null, "bus_bay": null, "embankment": null, "handrail": null, "tunnel": null, "covered": null, "horse": null, "description": null, "bridge:structure": null, "bridge:name": null, "source_ref": null, "width": null, "motorcycle": null, "service": null, "reg_name": null, "foot": null, "source:name": null, "narrow": null, "source:nat_name": null, "shoulder:surface": null, "overtaking": null, "maxweight": null, "layer": null, "bridge": null, "shoulder:line": null, "shoulder:bicycle": null, "shoulder": null, "junction": null, "railway": null, "is_in": null, "abandoned:railway": null, "sidewalk": null, "lit": null, "razed:railway": null, "old_name": null, "short_name": null, "postal_code": null, "bicycle": null, "access": null, "lanes": null, "surface": null, "maxspeed:type": null, "maxspeed": null, "oneway": null, "name:etymology:wikidata": null, "name:etymology": null, "ref": null, "nat_name": null, "name": null, "designation": null, "Road_Class": "Barangay Road" }, "geometry": { "type": "MultiLineString", "coordinates": [ [ [ 121.4569827, 14.295145 ], [ 121.4576863, 14.295297 ] ] ] } },
{ "type": "Feature", "properties": { "full_id": "w886935666", "osm_id": "886935666", "osm_type": "way", "highway": "residential", "motor_vehicle": null, "bus_bay": null, "embankment": null, "handrail": null, "tunnel": null, "covered": null, "horse": null, "description": null, "bridge:structure": null, "bridge:name": null, "source_ref": null, "width": null, "motorcycle": null, "service": null, "reg_name": null, "foot": null, "source:name": null, "narrow": null, "source:nat_name": null, "shoulder:surface": null, "overtaking": null, "maxweight": null, "layer": null, "bridge": null, "shoulder:line": null, "shoulder:bicycle": null, "shoulder": null, "junction": null, "railway": null, "is_in": null, "abandoned:railway": null, "sidewalk": null, "lit": null, "razed:railway": null, "old_name": null, "short_name": null, "postal_code": null, "bicycle": null, "access": null, "lanes": null, "surface": null, "maxspeed:type": null, "maxspeed": null, "oneway": null, "name:etymology:wikidata": null, "name:etymology": null, "ref": null, "nat_name": null, "name": null, "designation": null, "Road_Class": "Barangay Road" }, "geometry": { "type": "MultiLineString", "coordinates": [ [ [ 121.4569271, 14.2953776 ], [ 121.4572424, 14.2954594 ], [ 121.4578123, 14.2956531 ] ] ] } },
{ "type": "Feature", "properties": { "full_id": "w886959922", "osm_id": "886959922", "osm_type": "way", "highway": "pedestrian", "motor_vehicle": null, "bus_bay": null, "embankment": null, "handrail": null, "tunnel": null, "covered": null, "horse": null, "description": null, "bridge:structure": null, "bridge:name": null, "source_ref": null, "width": null, "motorcycle": null, "service": null, "reg_name": null, "foot": null, "source:name": null, "narrow": null, "source:nat_name": null, "shoulder:surface": null, "overtaking": null, "maxweight": null, "layer": null, "bridge": null, "shoulder:line": null, "shoulder:bicycle": null, "shoulder": null, "junction": null, "railway": null, "is_in": null, "abandoned:railway": null, "sidewalk": null, "lit": null, "razed:railway": null, "old_name": null, "short_name": null, "postal_code": null, "bicycle": null, "access": null, "lanes": null, "surface": null, "maxspeed:type": null, "maxspeed": null, "oneway": null, "name:etymology:wikidata": null, "name:etymology": null, "ref": null, "nat_name": null, "name": null, "designation": null, "Road_Class": "Other" }, "geometry": { "type": "MultiLineString", "coordinates": [ [ [ 121.4591262, 14.3034686 ], [ 121.4588838, 14.3033984 ], [ 121.4587014, 14.3033672 ] ] ] } },
{ "type": "Feature", "properties": { "full_id": "w889445119", "osm_id": "889445119", "osm_type": "way", "highway": "residential", "motor_vehicle": null, "bus_bay": null, "embankment": null, "handrail": null, "tunnel": null, "covered": null, "horse": null, "description": null, "bridge:structure": null, "bridge:name": null, "source_ref": null, "width": null, "motorcycle": null, "service": null, "reg_name": null, "foot": null, "source:name": null, "narrow": null, "source:nat_name": null, "shoulder:surface": null, "overtaking": null, "maxweight": null, "layer": null, "bridge": null, "shoulder:line": null, "shoulder:bicycle": null, "shoulder": null, "junction": null, "railway": null, "is_in": null, "abandoned:railway": null, "sidewalk": null, "lit": null, "razed:railway": null, "old_name": null, "short_name": null, "postal_code": null, "bicycle": null, "access": null, "lanes": null, "surface": null, "maxspeed:type": null, "maxspeed": null, "oneway": null, "name:etymology:wikidata": null, "name:etymology": null, "ref": null, "nat_name": null, "name": null, "designation": null, "Road_Class": "Barangay Road" }, "geometry": { "type": "MultiLineString", "coordinates": [ [ [ 121.4527417, 14.2957596 ], [ 121.4523151, 14.2953516 ] ] ] } },
{ "type": "Feature", "properties": { "full_id": "w889445120", "osm_id": "889445120", "osm_type": "way", "highway": "residential", "motor_vehicle": null, "bus_bay": null, "embankment": null, "handrail": null, "tunnel": null, "covered": null, "horse": null, "description": null, "bridge:structure": null, "bridge:name": null, "source_ref": null, "width": null, "motorcycle": null, "service": null, "reg_name": null, "foot": null, "source:name": null, "narrow": null, "source:nat_name": null, "shoulder:surface": null, "overtaking": null, "maxweight": null, "layer": null, "bridge": null, "shoulder:line": null, "shoulder:bicycle": null, "shoulder": null, "junction": null, "railway": null, "is_in": null, "abandoned:railway": null, "sidewalk": null, "lit": null, "razed:railway": null, "old_name": null, "short_name": null, "postal_code": null, "bicycle": null, "access": null, "lanes": null, "surface": null, "maxspeed:type": null, "maxspeed": null, "oneway": null, "name:etymology:wikidata": null, "name:etymology": null, "ref": null, "nat_name": null, "name": null, "designation": null, "Road_Class": "Barangay Road" }, "geometry": { "type": "MultiLineString", "coordinates": [ [ [ 121.4518691, 14.2956867 ], [ 121.4520603, 14.2955049 ], [ 121.4523379, 14.2957181 ], [ 121.4524802, 14.2959122 ] ] ] } },
{ "type": "Feature", "properties": { "full_id": "w889445121", "osm_id": "889445121", "osm_type": "way", "highway": "residential", "motor_vehicle": null, "bus_bay": null, "embankment": null, "handrail": null, "tunnel": null, "covered": null, "horse": null, "description": null, "bridge:structure": null, "bridge:name": null, "source_ref": null, "width": null, "motorcycle": null, "service": null, "reg_name": null, "foot": null, "source:name": null, "narrow": null, "source:nat_name": null, "shoulder:surface": null, "overtaking": null, "maxweight": null, "layer": null, "bridge": null, "shoulder:line": null, "shoulder:bicycle": null, "shoulder": null, "junction": null, "railway": null, "is_in": null, "abandoned:railway": null, "sidewalk": null, "lit": null, "razed:railway": null, "old_name": null, "short_name": null, "postal_code": null, "bicycle": null, "access": null, "lanes": null, "surface": null, "maxspeed:type": null, "maxspeed": null, "oneway": null, "name:etymology:wikidata": null, "name:etymology": null, "ref": null, "nat_name": null, "name": null, "designation": null, "Road_Class": "Barangay Road" }, "geometry": { "type": "MultiLineString", "coordinates": [ [ [ 121.4524802, 14.2959122 ], [ 121.4527577, 14.296347 ], [ 121.452857, 14.2964042 ], [ 121.4529937, 14.2963756 ], [ 121.4530179, 14.2963003 ], [ 121.4527417, 14.2957596 ] ] ] } },
{ "type": "Feature", "properties": { "full_id": "w889445122", "osm_id": "889445122", "osm_type": "way", "highway": "residential", "motor_vehicle": null, "bus_bay": null, "embankment": null, "handrail": null, "tunnel": null, "covered": null, "horse": null, "description": null, "bridge:structure": null, "bridge:name": null, "source_ref": null, "width": null, "motorcycle": null, "service": null, "reg_name": null, "foot": null, "source:name": null, "narrow": null, "source:nat_name": null, "shoulder:surface": null, "overtaking": null, "maxweight": null, "layer": null, "bridge": null, "shoulder:line": null, "shoulder:bicycle": null, "shoulder": null, "junction": null, "railway": null, "is_in": null, "abandoned:railway": null, "sidewalk": null, "lit": null, "razed:railway": null, "old_name": null, "short_name": null, "postal_code": null, "bicycle": null, "access": null, "lanes": null, "surface": null, "maxspeed:type": null, "maxspeed": null, "oneway": null, "name:etymology:wikidata": null, "name:etymology": null, "ref": null, "nat_name": null, "name": null, "designation": null, "Road_Class": "Barangay Road" }, "geometry": { "type": "MultiLineString", "coordinates": [ [ [ 121.452269, 14.2960999 ], [ 121.4524802, 14.2959122 ], [ 121.4527417, 14.2957596 ], [ 121.4531305, 14.2954088 ] ] ] } },
{ "type": "Feature", "properties": { "full_id": "w889445123", "osm_id": "889445123", "osm_type": "way", "highway": "residential", "motor_vehicle": null, "bus_bay": null, "embankment": null, "handrail": null, "tunnel": null, "covered": null, "horse": null, "description": null, "bridge:structure": null, "bridge:name": null, "source_ref": null, "width": null, "motorcycle": null, "service": null, "reg_name": null, "foot": null, "source:name": null, "narrow": null, "source:nat_name": null, "shoulder:surface": null, "overtaking": null, "maxweight": null, "layer": null, "bridge": null, "shoulder:line": null, "shoulder:bicycle": null, "shoulder": null, "junction": null, "railway": null, "is_in": null, "abandoned:railway": null, "sidewalk": null, "lit": null, "razed:railway": null, "old_name": null, "short_name": null, "postal_code": null, "bicycle": null, "access": null, "lanes": null, "surface": null, "maxspeed:type": null, "maxspeed": null, "oneway": null, "name:etymology:wikidata": null, "name:etymology": null, "ref": null, "nat_name": null, "name": null, "designation": null, "Road_Class": "Barangay Road" }, "geometry": { "type": "MultiLineString", "coordinates": [ [ [ 121.4515238, 14.3010734 ], [ 121.4513844, 14.3011554 ], [ 121.4513375, 14.3011931 ], [ 121.4512342, 14.3013244 ], [ 121.4510534, 14.3015811 ], [ 121.4509425, 14.3017676 ], [ 121.4508735, 14.3019573 ], [ 121.4508668, 14.3020118 ], [ 121.4508882, 14.3020729 ], [ 121.4509493, 14.302229 ] ] ] } },
{ "type": "Feature", "properties": { "full_id": "w889455717", "osm_id": "889455717", "osm_type": "way", "highway": "service", "motor_vehicle": null, "bus_bay": null, "embankment": null, "handrail": null, "tunnel": null, "covered": null, "horse": null, "description": null, "bridge:structure": null, "bridge:name": null, "source_ref": null, "width": null, "motorcycle": null, "service": null, "reg_name": null, "foot": null, "source:name": null, "narrow": null, "source:nat_name": null, "shoulder:surface": null, "overtaking": null, "maxweight": null, "layer": null, "bridge": null, "shoulder:line": null, "shoulder:bicycle": null, "shoulder": null, "junction": null, "railway": null, "is_in": null, "abandoned:railway": null, "sidewalk": null, "lit": null, "razed:railway": null, "old_name": null, "short_name": null, "postal_code": null, "bicycle": null, "access": null, "lanes": null, "surface": null, "maxspeed:type": null, "maxspeed": null, "oneway": null, "name:etymology:wikidata": null, "name:etymology": null, "ref": null, "nat_name": null, "name": null, "designation": null, "Road_Class": "Barangay Road" }, "geometry": { "type": "MultiLineString", "coordinates": [ [ [ 121.448944, 14.2938805 ], [ 121.4485145, 14.2937921 ], [ 121.448312, 14.2943106 ], [ 121.4480504, 14.2950657 ] ] ] } },
{ "type": "Feature", "properties": { "full_id": "w889455718", "osm_id": "889455718", "osm_type": "way", "highway": "service", "motor_vehicle": null, "bus_bay": null, "embankment": null, "handrail": null, "tunnel": null, "covered": null, "horse": null, "description": null, "bridge:structure": null, "bridge:name": null, "source_ref": null, "width": null, "motorcycle": null, "service": null, "reg_name": null, "foot": null, "source:name": null, "narrow": null, "source:nat_name": null, "shoulder:surface": null, "overtaking": null, "maxweight": null, "layer": null, "bridge": null, "shoulder:line": null, "shoulder:bicycle": null, "shoulder": null, "junction": null, "railway": null, "is_in": null, "abandoned:railway": null, "sidewalk": null, "lit": null, "razed:railway": null, "old_name": null, "short_name": null, "postal_code": null, "bicycle": null, "access": null, "lanes": null, "surface": null, "maxspeed:type": null, "maxspeed": null, "oneway": null, "name:etymology:wikidata": null, "name:etymology": null, "ref": null, "nat_name": null, "name": null, "designation": null, "Road_Class": "Barangay Road" }, "geometry": { "type": "MultiLineString", "coordinates": [ [ [ 121.4530589, 14.2966269 ], [ 121.4534987, 14.2977475 ] ] ] } },
{ "type": "Feature", "properties": { "full_id": "w889455719", "osm_id": "889455719", "osm_type": "way", "highway": "service", "motor_vehicle": null, "bus_bay": null, "embankment": null, "handrail": null, "tunnel": null, "covered": null, "horse": null, "description": null, "bridge:structure": null, "bridge:name": null, "source_ref": null, "width": null, "motorcycle": null, "service": null, "reg_name": null, "foot": null, "source:name": null, "narrow": null, "source:nat_name": null, "shoulder:surface": null, "overtaking": null, "maxweight": null, "layer": null, "bridge": null, "shoulder:line": null, "shoulder:bicycle": null, "shoulder": null, "junction": null, "railway": null, "is_in": null, "abandoned:railway": null, "sidewalk": null, "lit": null, "razed:railway": null, "old_name": null, "short_name": null, "postal_code": null, "bicycle": null, "access": null, "lanes": null, "surface": null, "maxspeed:type": null, "maxspeed": null, "oneway": null, "name:etymology:wikidata": null, "name:etymology": null, "ref": null, "nat_name": null, "name": null, "designation": null, "Road_Class": "Barangay Road" }, "geometry": { "type": "MultiLineString", "coordinates": [ [ [ 121.4533178, 14.2965345 ], [ 121.4537084, 14.2975557 ] ] ] } },
{ "type": "Feature", "properties": { "full_id": "w889455720", "osm_id": "889455720", "osm_type": "way", "highway": "service", "motor_vehicle": null, "bus_bay": null, "embankment": null, "handrail": null, "tunnel": null, "covered": null, "horse": null, "description": null, "bridge:structure": null, "bridge:name": null, "source_ref": null, "width": null, "motorcycle": null, "service": null, "reg_name": null, "foot": null, "source:name": null, "narrow": null, "source:nat_name": null, "shoulder:surface": null, "overtaking": null, "maxweight": null, "layer": null, "bridge": null, "shoulder:line": null, "shoulder:bicycle": null, "shoulder": null, "junction": null, "railway": null, "is_in": null, "abandoned:railway": null, "sidewalk": null, "lit": null, "razed:railway": null, "old_name": null, "short_name": null, "postal_code": null, "bicycle": null, "access": null, "lanes": null, "surface": null, "maxspeed:type": null, "maxspeed": null, "oneway": null, "name:etymology:wikidata": null, "name:etymology": null, "ref": null, "nat_name": null, "name": null, "designation": null, "Road_Class": "Barangay Road" }, "geometry": { "type": "MultiLineString", "coordinates": [ [ [ 121.4540072, 14.3067146 ], [ 121.4551341, 14.3073074 ] ] ] } },
{ "type": "Feature", "properties": { "full_id": "w889455721", "osm_id": "889455721", "osm_type": "way", "highway": "residential", "motor_vehicle": null, "bus_bay": null, "embankment": null, "handrail": null, "tunnel": null, "covered": null, "horse": null, "description": null, "bridge:structure": null, "bridge:name": null, "source_ref": null, "width": null, "motorcycle": null, "service": null, "reg_name": null, "foot": null, "source:name": null, "narrow": null, "source:nat_name": null, "shoulder:surface": null, "overtaking": null, "maxweight": null, "layer": null, "bridge": null, "shoulder:line": null, "shoulder:bicycle": null, "shoulder": null, "junction": null, "railway": null, "is_in": null, "abandoned:railway": null, "sidewalk": null, "lit": null, "razed:railway": null, "old_name": null, "short_name": null, "postal_code": null, "bicycle": null, "access": null, "lanes": null, "surface": null, "maxspeed:type": null, "maxspeed": null, "oneway": null, "name:etymology:wikidata": null, "name:etymology": null, "ref": null, "nat_name": null, "name": null, "designation": null, "Road_Class": "Barangay Road" }, "geometry": { "type": "MultiLineString", "coordinates": [ [ [ 121.4499684, 14.2959482 ], [ 121.4513496, 14.296386 ], [ 121.4515963, 14.2964042 ], [ 121.4518484, 14.2963418 ], [ 121.452269, 14.2960999 ] ] ] } },
{ "type": "Feature", "properties": { "full_id": "w889455722", "osm_id": "889455722", "osm_type": "way", "highway": "residential", "motor_vehicle": null, "bus_bay": null, "embankment": null, "handrail": null, "tunnel": null, "covered": null, "horse": null, "description": null, "bridge:structure": null, "bridge:name": null, "source_ref": null, "width": null, "motorcycle": null, "service": null, "reg_name": null, "foot": null, "source:name": null, "narrow": null, "source:nat_name": null, "shoulder:surface": null, "overtaking": null, "maxweight": null, "layer": null, "bridge": null, "shoulder:line": null, "shoulder:bicycle": null, "shoulder": null, "junction": null, "railway": null, "is_in": null, "abandoned:railway": null, "sidewalk": null, "lit": null, "razed:railway": null, "old_name": null, "short_name": null, "postal_code": null, "bicycle": null, "access": null, "lanes": null, "surface": null, "maxspeed:type": null, "maxspeed": null, "oneway": null, "name:etymology:wikidata": null, "name:etymology": null, "ref": null, "nat_name": null, "name": null, "designation": null, "Road_Class": "Barangay Road" }, "geometry": { "type": "MultiLineString", "coordinates": [ [ [ 121.4504353, 14.2952841 ], [ 121.450215, 14.2954178 ], [ 121.4500165, 14.2957726 ], [ 121.4499684, 14.2959482 ], [ 121.4499566, 14.2959911 ], [ 121.4498448, 14.296399 ] ] ] } },
{ "type": "Feature", "properties": { "full_id": "w889455723", "osm_id": "889455723", "osm_type": "way", "highway": "residential", "motor_vehicle": null, "bus_bay": null, "embankment": null, "handrail": null, "tunnel": null, "covered": null, "horse": null, "description": null, "bridge:structure": null, "bridge:name": null, "source_ref": null, "width": null, "motorcycle": null, "service": null, "reg_name": null, "foot": null, "source:name": null, "narrow": null, "source:nat_name": null, "shoulder:surface": null, "overtaking": null, "maxweight": null, "layer": null, "bridge": null, "shoulder:line": null, "shoulder:bicycle": null, "shoulder": null, "junction": null, "railway": null, "is_in": null, "abandoned:railway": null, "sidewalk": null, "lit": null, "razed:railway": null, "old_name": null, "short_name": null, "postal_code": null, "bicycle": null, "access": null, "lanes": null, "surface": null, "maxspeed:type": null, "maxspeed": null, "oneway": null, "name:etymology:wikidata": null, "name:etymology": null, "ref": null, "nat_name": null, "name": null, "designation": null, "Road_Class": "Barangay Road" }, "geometry": { "type": "MultiLineString", "coordinates": [ [ [ 121.4515238, 14.3010734 ], [ 121.4517063, 14.3009253 ], [ 121.4518158, 14.3008345 ], [ 121.4519363, 14.3007331 ] ] ] } },
{ "type": "Feature", "properties": { "full_id": "w889458301", "osm_id": "889458301", "osm_type": "way", "highway": "residential", "motor_vehicle": null, "bus_bay": null, "embankment": null, "handrail": null, "tunnel": null, "covered": null, "horse": null, "description": null, "bridge:structure": null, "bridge:name": null, "source_ref": null, "width": null, "motorcycle": null, "service": null, "reg_name": null, "foot": null, "source:name": null, "narrow": null, "source:nat_name": null, "shoulder:surface": null, "overtaking": null, "maxweight": null, "layer": null, "bridge": null, "shoulder:line": null, "shoulder:bicycle": null, "shoulder": null, "junction": null, "railway": null, "is_in": null, "abandoned:railway": null, "sidewalk": null, "lit": null, "razed:railway": null, "old_name": null, "short_name": null, "postal_code": null, "bicycle": null, "access": null, "lanes": null, "surface": null, "maxspeed:type": null, "maxspeed": null, "oneway": null, "name:etymology:wikidata": null, "name:etymology": null, "ref": null, "nat_name": null, "name": null, "designation": null, "Road_Class": "Barangay Road" }, "geometry": { "type": "MultiLineString", "coordinates": [ [ [ 121.4512449, 14.3018819 ], [ 121.4510534, 14.3015811 ] ] ] } },
{ "type": "Feature", "properties": { "full_id": "w889458302", "osm_id": "889458302", "osm_type": "way", "highway": "residential", "motor_vehicle": null, "bus_bay": null, "embankment": null, "handrail": null, "tunnel": null, "covered": null, "horse": null, "description": null, "bridge:structure": null, "bridge:name": null, "source_ref": null, "width": null, "motorcycle": null, "service": null, "reg_name": null, "foot": null, "source:name": null, "narrow": null, "source:nat_name": null, "shoulder:surface": null, "overtaking": null, "maxweight": null, "layer": null, "bridge": null, "shoulder:line": null, "shoulder:bicycle": null, "shoulder": null, "junction": null, "railway": null, "is_in": null, "abandoned:railway": null, "sidewalk": null, "lit": null, "razed:railway": null, "old_name": null, "short_name": null, "postal_code": null, "bicycle": null, "access": null, "lanes": null, "surface": null, "maxspeed:type": null, "maxspeed": null, "oneway": null, "name:etymology:wikidata": null, "name:etymology": null, "ref": null, "nat_name": null, "name": null, "designation": null, "Road_Class": "Barangay Road" }, "geometry": { "type": "MultiLineString", "coordinates": [ [ [ 121.4513187, 14.3024745 ], [ 121.4514889, 14.3025862 ], [ 121.4516619, 14.3027383 ], [ 121.4517746, 14.3028382 ] ] ] } },
{ "type": "Feature", "properties": { "full_id": "w889458304", "osm_id": "889458304", "osm_type": "way", "highway": "residential", "motor_vehicle": null, "bus_bay": null, "embankment": null, "handrail": null, "tunnel": null, "covered": null, "horse": null, "description": null, "bridge:structure": null, "bridge:name": null, "source_ref": null, "width": null, "motorcycle": null, "service": null, "reg_name": null, "foot": null, "source:name": null, "narrow": null, "source:nat_name": null, "shoulder:surface": null, "overtaking": null, "maxweight": null, "layer": null, "bridge": null, "shoulder:line": null, "shoulder:bicycle": null, "shoulder": null, "junction": null, "railway": null, "is_in": null, "abandoned:railway": null, "sidewalk": null, "lit": null, "razed:railway": null, "old_name": null, "short_name": null, "postal_code": null, "bicycle": null, "access": null, "lanes": null, "surface": null, "maxspeed:type": null, "maxspeed": null, "oneway": null, "name:etymology:wikidata": null, "name:etymology": null, "ref": null, "nat_name": null, "name": null, "designation": null, "Road_Class": "Barangay Road" }, "geometry": { "type": "MultiLineString", "coordinates": [ [ [ 121.4509425, 14.3017676 ], [ 121.4507528, 14.3016583 ], [ 121.4507434, 14.3016142 ], [ 121.4509083, 14.3011435 ] ] ] } },
{ "type": "Feature", "properties": { "full_id": "w889473680", "osm_id": "889473680", "osm_type": "way", "highway": "service", "motor_vehicle": null, "bus_bay": null, "embankment": null, "handrail": null, "tunnel": null, "covered": null, "horse": null, "description": null, "bridge:structure": null, "bridge:name": null, "source_ref": null, "width": null, "motorcycle": null, "service": null, "reg_name": null, "foot": null, "source:name": null, "narrow": null, "source:nat_name": null, "shoulder:surface": null, "overtaking": null, "maxweight": null, "layer": null, "bridge": null, "shoulder:line": null, "shoulder:bicycle": null, "shoulder": null, "junction": null, "railway": null, "is_in": null, "abandoned:railway": null, "sidewalk": null, "lit": null, "razed:railway": null, "old_name": null, "short_name": null, "postal_code": null, "bicycle": null, "access": null, "lanes": null, "surface": null, "maxspeed:type": null, "maxspeed": null, "oneway": null, "name:etymology:wikidata": null, "name:etymology": null, "ref": null, "nat_name": null, "name": null, "designation": null, "Road_Class": "Barangay Road" }, "geometry": { "type": "MultiLineString", "coordinates": [ [ [ 121.4527483, 14.2967378 ], [ 121.452975, 14.2974959 ], [ 121.4532268, 14.2979027 ] ] ] } },
{ "type": "Feature", "properties": { "full_id": "w889477332", "osm_id": "889477332", "osm_type": "way", "highway": "service", "motor_vehicle": null, "bus_bay": null, "embankment": null, "handrail": null, "tunnel": null, "covered": null, "horse": null, "description": null, "bridge:structure": null, "bridge:name": null, "source_ref": null, "width": null, "motorcycle": null, "service": null, "reg_name": null, "foot": null, "source:name": null, "narrow": null, "source:nat_name": null, "shoulder:surface": null, "overtaking": null, "maxweight": null, "layer": null, "bridge": null, "shoulder:line": null, "shoulder:bicycle": null, "shoulder": null, "junction": null, "railway": null, "is_in": null, "abandoned:railway": null, "sidewalk": null, "lit": null, "razed:railway": null, "old_name": null, "short_name": null, "postal_code": null, "bicycle": null, "access": null, "lanes": null, "surface": null, "maxspeed:type": null, "maxspeed": null, "oneway": null, "name:etymology:wikidata": null, "name:etymology": null, "ref": null, "nat_name": null, "name": null, "designation": null, "Road_Class": "Barangay Road" }, "geometry": { "type": "MultiLineString", "coordinates": [ [ [ 121.4536079, 14.3073802 ], [ 121.4545843, 14.3078974 ] ] ] } },
{ "type": "Feature", "properties": { "full_id": "w961525319", "osm_id": "961525319", "osm_type": "way", "highway": "residential", "motor_vehicle": null, "bus_bay": null, "embankment": null, "handrail": null, "tunnel": null, "covered": null, "horse": null, "description": null, "bridge:structure": null, "bridge:name": null, "source_ref": null, "width": null, "motorcycle": null, "service": null, "reg_name": null, "foot": null, "source:name": null, "narrow": null, "source:nat_name": null, "shoulder:surface": null, "overtaking": null, "maxweight": null, "layer": null, "bridge": null, "shoulder:line": null, "shoulder:bicycle": null, "shoulder": null, "junction": null, "railway": null, "is_in": null, "abandoned:railway": null, "sidewalk": null, "lit": null, "razed:railway": null, "old_name": null, "short_name": null, "postal_code": null, "bicycle": null, "access": null, "lanes": "1", "surface": null, "maxspeed:type": null, "maxspeed": null, "oneway": null, "name:etymology:wikidata": null, "name:etymology": null, "ref": null, "nat_name": null, "name": null, "designation": null, "Road_Class": "Barangay Road" }, "geometry": { "type": "MultiLineString", "coordinates": [ [ [ 121.4589452, 14.3055889 ], [ 121.4587473, 14.3055185 ], [ 121.4587156, 14.3055069 ], [ 121.4587001, 14.3054932 ], [ 121.458698, 14.3054768 ], [ 121.4587008, 14.3054625 ], [ 121.45873, 14.3054004 ] ] ] } },
{ "type": "Feature", "properties": { "full_id": "w961553912", "osm_id": "961553912", "osm_type": "way", "highway": "service", "motor_vehicle": null, "bus_bay": null, "embankment": null, "handrail": null, "tunnel": null, "covered": null, "horse": null, "description": null, "bridge:structure": null, "bridge:name": null, "source_ref": null, "width": null, "motorcycle": null, "service": null, "reg_name": null, "foot": null, "source:name": null, "narrow": null, "source:nat_name": null, "shoulder:surface": null, "overtaking": null, "maxweight": null, "layer": null, "bridge": null, "shoulder:line": null, "shoulder:bicycle": null, "shoulder": null, "junction": null, "railway": null, "is_in": null, "abandoned:railway": null, "sidewalk": null, "lit": null, "razed:railway": null, "old_name": null, "short_name": null, "postal_code": null, "bicycle": null, "access": null, "lanes": null, "surface": null, "maxspeed:type": null, "maxspeed": null, "oneway": null, "name:etymology:wikidata": null, "name:etymology": null, "ref": null, "nat_name": null, "name": null, "designation": null, "Road_Class": "Barangay Road" }, "geometry": { "type": "MultiLineString", "coordinates": [ [ [ 121.4574905, 14.3064499 ], [ 121.4572185, 14.306335 ] ] ] } },
{ "type": "Feature", "properties": { "full_id": "w961976408", "osm_id": "961976408", "osm_type": "way", "highway": "service", "motor_vehicle": null, "bus_bay": null, "embankment": null, "handrail": null, "tunnel": null, "covered": null, "horse": null, "description": null, "bridge:structure": null, "bridge:name": null, "source_ref": null, "width": null, "motorcycle": null, "service": null, "reg_name": null, "foot": null, "source:name": null, "narrow": null, "source:nat_name": null, "shoulder:surface": null, "overtaking": null, "maxweight": null, "layer": null, "bridge": null, "shoulder:line": null, "shoulder:bicycle": null, "shoulder": null, "junction": null, "railway": null, "is_in": null, "abandoned:railway": null, "sidewalk": null, "lit": null, "razed:railway": null, "old_name": null, "short_name": null, "postal_code": null, "bicycle": null, "access": null, "lanes": null, "surface": null, "maxspeed:type": null, "maxspeed": null, "oneway": null, "name:etymology:wikidata": null, "name:etymology": null, "ref": null, "nat_name": null, "name": null, "designation": null, "Road_Class": "Barangay Road" }, "geometry": { "type": "MultiLineString", "coordinates": [ [ [ 121.4550902, 14.3050648 ], [ 121.4550349, 14.3050085 ], [ 121.454992, 14.3049708 ], [ 121.4548914, 14.3048968 ], [ 121.4547989, 14.3048604 ], [ 121.4547211, 14.3048461 ], [ 121.4546554, 14.3048448 ], [ 121.4545119, 14.3048591 ] ] ] } },
{ "type": "Feature", "properties": { "full_id": "w961976409", "osm_id": "961976409", "osm_type": "way", "highway": "service", "motor_vehicle": null, "bus_bay": null, "embankment": null, "handrail": null, "tunnel": null, "covered": null, "horse": null, "description": null, "bridge:structure": null, "bridge:name": null, "source_ref": null, "width": null, "motorcycle": null, "service": null, "reg_name": null, "foot": null, "source:name": null, "narrow": null, "source:nat_name": null, "shoulder:surface": null, "overtaking": null, "maxweight": null, "layer": null, "bridge": null, "shoulder:line": null, "shoulder:bicycle": null, "shoulder": null, "junction": null, "railway": null, "is_in": null, "abandoned:railway": null, "sidewalk": null, "lit": null, "razed:railway": null, "old_name": null, "short_name": null, "postal_code": null, "bicycle": null, "access": null, "lanes": null, "surface": null, "maxspeed:type": null, "maxspeed": null, "oneway": null, "name:etymology:wikidata": null, "name:etymology": null, "ref": null, "nat_name": null, "name": null, "designation": null, "Road_Class": "Barangay Road" }, "geometry": { "type": "MultiLineString", "coordinates": [ [ [ 121.4541337, 14.3065203 ], [ 121.4545387, 14.3067408 ] ] ] } },
{ "type": "Feature", "properties": { "full_id": "w961983377", "osm_id": "961983377", "osm_type": "way", "highway": "service", "motor_vehicle": null, "bus_bay": null, "embankment": null, "handrail": null, "tunnel": null, "covered": null, "horse": null, "description": null, "bridge:structure": null, "bridge:name": null, "source_ref": null, "width": null, "motorcycle": null, "service": null, "reg_name": null, "foot": null, "source:name": null, "narrow": null, "source:nat_name": null, "shoulder:surface": null, "overtaking": null, "maxweight": null, "layer": null, "bridge": null, "shoulder:line": null, "shoulder:bicycle": null, "shoulder": null, "junction": null, "railway": null, "is_in": null, "abandoned:railway": null, "sidewalk": null, "lit": null, "razed:railway": null, "old_name": null, "short_name": null, "postal_code": null, "bicycle": null, "access": null, "lanes": null, "surface": null, "maxspeed:type": null, "maxspeed": null, "oneway": null, "name:etymology:wikidata": null, "name:etymology": null, "ref": null, "nat_name": null, "name": null, "designation": null, "Road_Class": "Barangay Road" }, "geometry": { "type": "MultiLineString", "coordinates": [ [ [ 121.4497674, 14.3037547 ], [ 121.4500809, 14.3039 ] ] ] } },
{ "type": "Feature", "properties": { "full_id": "w961983378", "osm_id": "961983378", "osm_type": "way", "highway": "service", "motor_vehicle": null, "bus_bay": null, "embankment": null, "handrail": null, "tunnel": null, "covered": null, "horse": null, "description": null, "bridge:structure": null, "bridge:name": null, "source_ref": null, "width": null, "motorcycle": null, "service": null, "reg_name": null, "foot": null, "source:name": null, "narrow": null, "source:nat_name": null, "shoulder:surface": null, "overtaking": null, "maxweight": null, "layer": null, "bridge": null, "shoulder:line": null, "shoulder:bicycle": null, "shoulder": null, "junction": null, "railway": null, "is_in": null, "abandoned:railway": null, "sidewalk": null, "lit": null, "razed:railway": null, "old_name": null, "short_name": null, "postal_code": null, "bicycle": null, "access": null, "lanes": null, "surface": null, "maxspeed:type": null, "maxspeed": null, "oneway": null, "name:etymology:wikidata": null, "name:etymology": null, "ref": null, "nat_name": null, "name": null, "designation": null, "Road_Class": "Barangay Road" }, "geometry": { "type": "MultiLineString", "coordinates": [ [ [ 121.4501534, 14.3029236 ], [ 121.4499776, 14.30331 ], [ 121.4498395, 14.3036141 ], [ 121.4497674, 14.3037547 ], [ 121.449641, 14.3040014 ], [ 121.4496262, 14.3040703 ], [ 121.4496303, 14.3041145 ], [ 121.4496544, 14.3042925 ], [ 121.449651, 14.3043237 ], [ 121.4496423, 14.3043562 ], [ 121.4496008, 14.3044562 ], [ 121.4495324, 14.3046083 ], [ 121.4494827, 14.3046668 ], [ 121.4494184, 14.3047304 ], [ 121.4493299, 14.3048058 ], [ 121.4492789, 14.3048591 ], [ 121.4492199, 14.3049449 ], [ 121.4491287, 14.3051066 ], [ 121.4490885, 14.3051749 ], [ 121.4490616, 14.305245 ], [ 121.4490509, 14.3053009 ], [ 121.4490576, 14.3053282 ], [ 121.4490898, 14.3053659 ] ] ] } },
{ "type": "Feature", "properties": { "full_id": "w961983379", "osm_id": "961983379", "osm_type": "way", "highway": "service", "motor_vehicle": null, "bus_bay": null, "embankment": null, "handrail": null, "tunnel": null, "covered": null, "horse": null, "description": null, "bridge:structure": null, "bridge:name": null, "source_ref": null, "width": null, "motorcycle": null, "service": null, "reg_name": null, "foot": null, "source:name": null, "narrow": null, "source:nat_name": null, "shoulder:surface": null, "overtaking": null, "maxweight": null, "layer": null, "bridge": null, "shoulder:line": null, "shoulder:bicycle": null, "shoulder": null, "junction": null, "railway": null, "is_in": null, "abandoned:railway": null, "sidewalk": null, "lit": null, "razed:railway": null, "old_name": null, "short_name": null, "postal_code": null, "bicycle": null, "access": null, "lanes": null, "surface": null, "maxspeed:type": null, "maxspeed": null, "oneway": null, "name:etymology:wikidata": null, "name:etymology": null, "ref": null, "nat_name": null, "name": null, "designation": null, "Road_Class": "Barangay Road" }, "geometry": { "type": "MultiLineString", "coordinates": [ [ [ 121.4542164, 14.2995074 ], [ 121.4542195, 14.299275 ] ] ] } },
{ "type": "Feature", "properties": { "full_id": "w961983380", "osm_id": "961983380", "osm_type": "way", "highway": "service", "motor_vehicle": null, "bus_bay": null, "embankment": null, "handrail": null, "tunnel": null, "covered": null, "horse": null, "description": null, "bridge:structure": null, "bridge:name": null, "source_ref": null, "width": null, "motorcycle": null, "service": null, "reg_name": null, "foot": null, "source:name": null, "narrow": null, "source:nat_name": null, "shoulder:surface": null, "overtaking": null, "maxweight": null, "layer": null, "bridge": null, "shoulder:line": null, "shoulder:bicycle": null, "shoulder": null, "junction": null, "railway": null, "is_in": null, "abandoned:railway": null, "sidewalk": null, "lit": null, "razed:railway": null, "old_name": null, "short_name": null, "postal_code": null, "bicycle": null, "access": null, "lanes": null, "surface": null, "maxspeed:type": null, "maxspeed": null, "oneway": null, "name:etymology:wikidata": null, "name:etymology": null, "ref": null, "nat_name": null, "name": null, "designation": null, "Road_Class": "Barangay Road" }, "geometry": { "type": "MultiLineString", "coordinates": [ [ [ 121.4529836, 14.298053 ], [ 121.4527456, 14.2982093 ], [ 121.4527027, 14.2982353 ], [ 121.4526652, 14.2982457 ], [ 121.4525914, 14.2982561 ], [ 121.4525056, 14.2982782 ], [ 121.4524721, 14.2983016 ], [ 121.4524198, 14.2984004 ] ] ] } },
{ "type": "Feature", "properties": { "full_id": "w962200797", "osm_id": "962200797", "osm_type": "way", "highway": "residential", "motor_vehicle": null, "bus_bay": null, "embankment": null, "handrail": null, "tunnel": null, "covered": null, "horse": null, "description": null, "bridge:structure": null, "bridge:name": null, "source_ref": null, "width": null, "motorcycle": null, "service": null, "reg_name": null, "foot": null, "source:name": null, "narrow": null, "source:nat_name": null, "shoulder:surface": null, "overtaking": null, "maxweight": null, "layer": null, "bridge": null, "shoulder:line": null, "shoulder:bicycle": null, "shoulder": null, "junction": null, "railway": null, "is_in": null, "abandoned:railway": null, "sidewalk": null, "lit": null, "razed:railway": null, "old_name": null, "short_name": null, "postal_code": null, "bicycle": null, "access": null, "lanes": null, "surface": null, "maxspeed:type": null, "maxspeed": null, "oneway": null, "name:etymology:wikidata": null, "name:etymology": null, "ref": null, "nat_name": null, "name": null, "designation": null, "Road_Class": "Barangay Road" }, "geometry": { "type": "MultiLineString", "coordinates": [ [ [ 121.4543255, 14.2900506 ], [ 121.454048, 14.2899297 ], [ 121.4540049, 14.289905 ], [ 121.453954, 14.2898881 ], [ 121.4538319, 14.2898595 ] ] ] } },
{ "type": "Feature", "properties": { "full_id": "w962201160", "osm_id": "962201160", "osm_type": "way", "highway": "residential", "motor_vehicle": null, "bus_bay": null, "embankment": null, "handrail": null, "tunnel": null, "covered": null, "horse": null, "description": null, "bridge:structure": null, "bridge:name": null, "source_ref": null, "width": null, "motorcycle": null, "service": null, "reg_name": null, "foot": null, "source:name": null, "narrow": null, "source:nat_name": null, "shoulder:surface": null, "overtaking": null, "maxweight": null, "layer": null, "bridge": null, "shoulder:line": null, "shoulder:bicycle": null, "shoulder": null, "junction": null, "railway": null, "is_in": null, "abandoned:railway": null, "sidewalk": null, "lit": null, "razed:railway": null, "old_name": null, "short_name": null, "postal_code": null, "bicycle": null, "access": null, "lanes": null, "surface": null, "maxspeed:type": null, "maxspeed": null, "oneway": null, "name:etymology:wikidata": null, "name:etymology": null, "ref": null, "nat_name": null, "name": null, "designation": null, "Road_Class": "Barangay Road" }, "geometry": { "type": "MultiLineString", "coordinates": [ [ [ 121.449695, 14.2942652 ], [ 121.4494961, 14.2943314 ], [ 121.4492856, 14.2944276 ], [ 121.4491394, 14.2945341 ], [ 121.4490174, 14.2946706 ], [ 121.4487666, 14.2949786 ], [ 121.4486539, 14.2951124 ], [ 121.4485386, 14.2951904 ], [ 121.4484045, 14.2952554 ], [ 121.4482704, 14.295284 ], [ 121.4482141, 14.2953412 ], [ 121.4481685, 14.295414 ], [ 121.4478922, 14.2960351 ] ] ] } },
{ "type": "Feature", "properties": { "full_id": "w962201816", "osm_id": "962201816", "osm_type": "way", "highway": "residential", "motor_vehicle": null, "bus_bay": null, "embankment": null, "handrail": null, "tunnel": null, "covered": null, "horse": null, "description": null, "bridge:structure": null, "bridge:name": null, "source_ref": null, "width": null, "motorcycle": null, "service": null, "reg_name": null, "foot": null, "source:name": null, "narrow": null, "source:nat_name": null, "shoulder:surface": null, "overtaking": null, "maxweight": null, "layer": null, "bridge": null, "shoulder:line": null, "shoulder:bicycle": null, "shoulder": null, "junction": null, "railway": null, "is_in": null, "abandoned:railway": null, "sidewalk": null, "lit": null, "razed:railway": null, "old_name": null, "short_name": null, "postal_code": null, "bicycle": null, "access": null, "lanes": null, "surface": null, "maxspeed:type": null, "maxspeed": null, "oneway": null, "name:etymology:wikidata": null, "name:etymology": null, "ref": null, "nat_name": null, "name": null, "designation": null, "Road_Class": "Barangay Road" }, "geometry": { "type": "MultiLineString", "coordinates": [ [ [ 121.4499566, 14.2959911 ], [ 121.4498274, 14.2959845 ], [ 121.449649, 14.2959832 ], [ 121.449523, 14.2959949 ], [ 121.4494345, 14.2959949 ], [ 121.4493124, 14.2959741 ], [ 121.4490871, 14.2959273 ] ] ] } },
{ "type": "Feature", "properties": { "full_id": "w1023119499", "osm_id": "1023119499", "osm_type": "way", "highway": "residential", "motor_vehicle": null, "bus_bay": null, "embankment": null, "handrail": null, "tunnel": null, "covered": null, "horse": null, "description": null, "bridge:structure": null, "bridge:name": null, "source_ref": null, "width": null, "motorcycle": null, "service": null, "reg_name": null, "foot": null, "source:name": null, "narrow": null, "source:nat_name": null, "shoulder:surface": null, "overtaking": null, "maxweight": null, "layer": null, "bridge": null, "shoulder:line": null, "shoulder:bicycle": null, "shoulder": null, "junction": null, "railway": null, "is_in": null, "abandoned:railway": null, "sidewalk": null, "lit": null, "razed:railway": null, "old_name": null, "short_name": null, "postal_code": null, "bicycle": null, "access": null, "lanes": null, "surface": null, "maxspeed:type": null, "maxspeed": null, "oneway": null, "name:etymology:wikidata": null, "name:etymology": null, "ref": null, "nat_name": null, "name": null, "designation": null, "Road_Class": "Barangay Road" }, "geometry": { "type": "MultiLineString", "coordinates": [ [ [ 121.4582831, 14.3072411 ], [ 121.4578767, 14.3070969 ] ] ] } },
{ "type": "Feature", "properties": { "full_id": "w1023122748", "osm_id": "1023122748", "osm_type": "way", "highway": "service", "motor_vehicle": null, "bus_bay": null, "embankment": null, "handrail": null, "tunnel": null, "covered": null, "horse": null, "description": null, "bridge:structure": null, "bridge:name": null, "source_ref": null, "width": null, "motorcycle": null, "service": null, "reg_name": null, "foot": null, "source:name": null, "narrow": null, "source:nat_name": null, "shoulder:surface": null, "overtaking": null, "maxweight": null, "layer": null, "bridge": null, "shoulder:line": null, "shoulder:bicycle": null, "shoulder": null, "junction": null, "railway": null, "is_in": null, "abandoned:railway": null, "sidewalk": null, "lit": null, "razed:railway": null, "old_name": null, "short_name": null, "postal_code": null, "bicycle": null, "access": null, "lanes": null, "surface": null, "maxspeed:type": null, "maxspeed": null, "oneway": null, "name:etymology:wikidata": null, "name:etymology": null, "ref": null, "nat_name": null, "name": null, "designation": null, "Road_Class": "Barangay Road" }, "geometry": { "type": "MultiLineString", "coordinates": [ [ [ 121.457446, 14.306858 ], [ 121.4576313, 14.3069214 ], [ 121.45787, 14.3070033 ] ] ] } },
{ "type": "Feature", "properties": { "full_id": "w1148135221", "osm_id": "1148135221", "osm_type": "way", "highway": "residential", "motor_vehicle": null, "bus_bay": null, "embankment": null, "handrail": null, "tunnel": null, "covered": null, "horse": null, "description": null, "bridge:structure": null, "bridge:name": null, "source_ref": null, "width": null, "motorcycle": null, "service": null, "reg_name": null, "foot": null, "source:name": null, "narrow": null, "source:nat_name": null, "shoulder:surface": null, "overtaking": null, "maxweight": null, "layer": null, "bridge": null, "shoulder:line": null, "shoulder:bicycle": null, "shoulder": null, "junction": null, "railway": null, "is_in": null, "abandoned:railway": null, "sidewalk": null, "lit": null, "razed:railway": null, "old_name": null, "short_name": null, "postal_code": null, "bicycle": null, "access": null, "lanes": null, "surface": null, "maxspeed:type": null, "maxspeed": null, "oneway": null, "name:etymology:wikidata": null, "name:etymology": null, "ref": null, "nat_name": null, "name": null, "designation": null, "Road_Class": "Barangay Road" }, "geometry": { "type": "MultiLineString", "coordinates": [ [ [ 121.4582958, 14.3047419 ], [ 121.4584647, 14.3048136 ], [ 121.458679, 14.3048881 ] ] ] } },
{ "type": "Feature", "properties": { "full_id": "w1259361913", "osm_id": "1259361913", "osm_type": "way", "highway": "residential", "motor_vehicle": null, "bus_bay": null, "embankment": null, "handrail": null, "tunnel": null, "covered": null, "horse": null, "description": null, "bridge:structure": null, "bridge:name": null, "source_ref": null, "width": null, "motorcycle": null, "service": null, "reg_name": null, "foot": null, "source:name": null, "narrow": null, "source:nat_name": null, "shoulder:surface": null, "overtaking": null, "maxweight": null, "layer": null, "bridge": null, "shoulder:line": null, "shoulder:bicycle": null, "shoulder": null, "junction": null, "railway": null, "is_in": null, "abandoned:railway": null, "sidewalk": null, "lit": null, "razed:railway": null, "old_name": null, "short_name": null, "postal_code": null, "bicycle": null, "access": null, "lanes": null, "surface": null, "maxspeed:type": null, "maxspeed": null, "oneway": null, "name:etymology:wikidata": null, "name:etymology": null, "ref": null, "nat_name": null, "name": null, "designation": null, "Road_Class": "Barangay Road" }, "geometry": { "type": "MultiLineString", "coordinates": [ [ [ 121.448944, 14.2938805 ], [ 121.449416, 14.2940884 ], [ 121.449695, 14.2942652 ], [ 121.4499847, 14.2945771 ], [ 121.4502529, 14.2950345 ], [ 121.4504353, 14.2952841 ], [ 121.4505368, 14.2953516 ] ] ] } },
{ "type": "Feature", "properties": { "full_id": "w1259361920", "osm_id": "1259361920", "osm_type": "way", "highway": "residential", "motor_vehicle": null, "bus_bay": null, "embankment": null, "handrail": null, "tunnel": null, "covered": null, "horse": null, "description": null, "bridge:structure": null, "bridge:name": null, "source_ref": null, "width": null, "motorcycle": null, "service": null, "reg_name": null, "foot": null, "source:name": null, "narrow": null, "source:nat_name": null, "shoulder:surface": null, "overtaking": null, "maxweight": null, "layer": null, "bridge": null, "shoulder:line": null, "shoulder:bicycle": null, "shoulder": null, "junction": null, "railway": null, "is_in": null, "abandoned:railway": null, "sidewalk": null, "lit": null, "razed:railway": null, "old_name": null, "short_name": null, "postal_code": null, "bicycle": null, "access": null, "lanes": null, "surface": null, "maxspeed:type": null, "maxspeed": null, "oneway": null, "name:etymology:wikidata": null, "name:etymology": null, "ref": null, "nat_name": null, "name": null, "designation": null, "Road_Class": "Barangay Road" }, "geometry": { "type": "MultiLineString", "coordinates": [ [ [ 121.4497912, 14.2898226 ], [ 121.4494804, 14.2907511 ], [ 121.4494053, 14.2909278 ], [ 121.4491586, 14.2912813 ] ] ] } },
{ "type": "Feature", "properties": { "full_id": "w1316758209", "osm_id": "1316758209", "osm_type": "way", "highway": "residential", "motor_vehicle": null, "bus_bay": null, "embankment": null, "handrail": null, "tunnel": null, "covered": null, "horse": null, "description": null, "bridge:structure": null, "bridge:name": null, "source_ref": null, "width": null, "motorcycle": null, "service": null, "reg_name": null, "foot": null, "source:name": null, "narrow": null, "source:nat_name": null, "shoulder:surface": null, "overtaking": null, "maxweight": null, "layer": null, "bridge": null, "shoulder:line": null, "shoulder:bicycle": null, "shoulder": null, "junction": null, "railway": null, "is_in": null, "abandoned:railway": null, "sidewalk": null, "lit": null, "razed:railway": null, "old_name": null, "short_name": null, "postal_code": null, "bicycle": null, "access": null, "lanes": null, "surface": null, "maxspeed:type": null, "maxspeed": null, "oneway": null, "name:etymology:wikidata": null, "name:etymology": null, "ref": null, "nat_name": null, "name": null, "designation": null, "Road_Class": "Barangay Road" }, "geometry": { "type": "MultiLineString", "coordinates": [ [ [ 121.453726, 14.3001508 ], [ 121.4535918, 14.3004537 ], [ 121.4535516, 14.3005797 ], [ 121.4535315, 14.3006811 ], [ 121.4535342, 14.3008111 ], [ 121.4535342, 14.3009215 ], [ 121.4535315, 14.3009709 ], [ 121.453498, 14.3010631 ], [ 121.4534322, 14.3011633 ], [ 121.453371, 14.3012866 ], [ 121.4531896, 14.3014868 ], [ 121.4531346, 14.3015505 ], [ 121.4530903, 14.3015913 ], [ 121.4529936, 14.3016623 ], [ 121.4528568, 14.3017558 ], [ 121.4527483, 14.301839 ] ] ] } },
{ "type": "Feature", "properties": { "full_id": "w1316758210", "osm_id": "1316758210", "osm_type": "way", "highway": "residential", "motor_vehicle": null, "bus_bay": null, "embankment": null, "handrail": null, "tunnel": null, "covered": null, "horse": null, "description": null, "bridge:structure": null, "bridge:name": null, "source_ref": null, "width": null, "motorcycle": null, "service": null, "reg_name": null, "foot": null, "source:name": null, "narrow": null, "source:nat_name": null, "shoulder:surface": null, "overtaking": null, "maxweight": null, "layer": null, "bridge": null, "shoulder:line": null, "shoulder:bicycle": null, "shoulder": null, "junction": null, "railway": null, "is_in": null, "abandoned:railway": null, "sidewalk": null, "lit": null, "razed:railway": null, "old_name": null, "short_name": null, "postal_code": null, "bicycle": null, "access": null, "lanes": null, "surface": null, "maxspeed:type": null, "maxspeed": null, "oneway": null, "name:etymology:wikidata": null, "name:etymology": null, "ref": null, "nat_name": null, "name": null, "designation": null, "Road_Class": "Barangay Road" }, "geometry": { "type": "MultiLineString", "coordinates": [ [ [ 121.4519363, 14.3007331 ], [ 121.4521112, 14.3008657 ], [ 121.452468, 14.3011463 ] ] ] } },
{ "type": "Feature", "properties": { "full_id": "w1316758211", "osm_id": "1316758211", "osm_type": "way", "highway": "residential", "motor_vehicle": null, "bus_bay": null, "embankment": null, "handrail": null, "tunnel": null, "covered": null, "horse": null, "description": null, "bridge:structure": null, "bridge:name": null, "source_ref": null, "width": null, "motorcycle": null, "service": null, "reg_name": null, "foot": null, "source:name": null, "narrow": null, "source:nat_name": null, "shoulder:surface": null, "overtaking": null, "maxweight": null, "layer": null, "bridge": null, "shoulder:line": null, "shoulder:bicycle": null, "shoulder": null, "junction": null, "railway": null, "is_in": null, "abandoned:railway": null, "sidewalk": null, "lit": null, "razed:railway": null, "old_name": null, "short_name": null, "postal_code": null, "bicycle": null, "access": null, "lanes": null, "surface": null, "maxspeed:type": null, "maxspeed": null, "oneway": null, "name:etymology:wikidata": null, "name:etymology": null, "ref": null, "nat_name": null, "name": null, "designation": null, "Road_Class": "Barangay Road" }, "geometry": { "type": "MultiLineString", "coordinates": [ [ [ 121.4560595, 14.2994309 ], [ 121.4559685, 14.2991776 ] ] ] } },
{ "type": "Feature", "properties": { "full_id": "w1316758212", "osm_id": "1316758212", "osm_type": "way", "highway": "residential", "motor_vehicle": null, "bus_bay": null, "embankment": null, "handrail": null, "tunnel": null, "covered": null, "horse": null, "description": null, "bridge:structure": null, "bridge:name": null, "source_ref": null, "width": null, "motorcycle": null, "service": null, "reg_name": null, "foot": null, "source:name": null, "narrow": null, "source:nat_name": null, "shoulder:surface": null, "overtaking": null, "maxweight": null, "layer": null, "bridge": null, "shoulder:line": null, "shoulder:bicycle": null, "shoulder": null, "junction": null, "railway": null, "is_in": null, "abandoned:railway": null, "sidewalk": null, "lit": null, "razed:railway": null, "old_name": null, "short_name": null, "postal_code": null, "bicycle": null, "access": null, "lanes": null, "surface": null, "maxspeed:type": null, "maxspeed": null, "oneway": null, "name:etymology:wikidata": null, "name:etymology": null, "ref": null, "nat_name": null, "name": null, "designation": null, "Road_Class": "Barangay Road" }, "geometry": { "type": "MultiLineString", "coordinates": [ [ [ 121.4569243, 14.3007791 ], [ 121.4560782, 14.3006252 ], [ 121.4560273, 14.3006395 ] ] ] } },
{ "type": "Feature", "properties": { "full_id": "w1388058837", "osm_id": "1388058837", "osm_type": "way", "highway": "service", "motor_vehicle": null, "bus_bay": null, "embankment": null, "handrail": null, "tunnel": null, "covered": null, "horse": null, "description": null, "bridge:structure": null, "bridge:name": null, "source_ref": null, "width": null, "motorcycle": null, "service": null, "reg_name": null, "foot": null, "source:name": null, "narrow": null, "source:nat_name": null, "shoulder:surface": null, "overtaking": null, "maxweight": null, "layer": null, "bridge": null, "shoulder:line": null, "shoulder:bicycle": null, "shoulder": null, "junction": null, "railway": null, "is_in": null, "abandoned:railway": null, "sidewalk": null, "lit": null, "razed:railway": null, "old_name": null, "short_name": null, "postal_code": null, "bicycle": null, "access": null, "lanes": null, "surface": null, "maxspeed:type": null, "maxspeed": null, "oneway": null, "name:etymology:wikidata": null, "name:etymology": null, "ref": null, "nat_name": null, "name": null, "designation": null, "Road_Class": "Barangay Road" }, "geometry": { "type": "MultiLineString", "coordinates": [ [ [ 121.4589768, 14.2904985 ], [ 121.4581056, 14.2902933 ] ] ] } },
{ "type": "Feature", "properties": { "full_id": "w1390418758", "osm_id": "1390418758", "osm_type": "way", "highway": "residential", "motor_vehicle": null, "bus_bay": null, "embankment": null, "handrail": null, "tunnel": null, "covered": null, "horse": null, "description": null, "bridge:structure": null, "bridge:name": null, "source_ref": null, "width": null, "motorcycle": null, "service": null, "reg_name": null, "foot": null, "source:name": null, "narrow": null, "source:nat_name": null, "shoulder:surface": null, "overtaking": null, "maxweight": null, "layer": null, "bridge": null, "shoulder:line": null, "shoulder:bicycle": null, "shoulder": null, "junction": null, "railway": null, "is_in": null, "abandoned:railway": null, "sidewalk": null, "lit": null, "razed:railway": null, "old_name": null, "short_name": null, "postal_code": null, "bicycle": null, "access": null, "lanes": null, "surface": null, "maxspeed:type": null, "maxspeed": null, "oneway": null, "name:etymology:wikidata": null, "name:etymology": null, "ref": null, "nat_name": null, "name": null, "designation": null, "Road_Class": "Barangay Road" }, "geometry": { "type": "MultiLineString", "coordinates": [ [ [ 121.4567985, 14.2946927 ], [ 121.4571109, 14.2947798 ] ] ] } },
{ "type": "Feature", "properties": { "full_id": "w1390418760", "osm_id": "1390418760", "osm_type": "way", "highway": "residential", "motor_vehicle": null, "bus_bay": null, "embankment": null, "handrail": null, "tunnel": null, "covered": null, "horse": null, "description": null, "bridge:structure": null, "bridge:name": null, "source_ref": null, "width": null, "motorcycle": null, "service": null, "reg_name": null, "foot": null, "source:name": null, "narrow": null, "source:nat_name": null, "shoulder:surface": null, "overtaking": null, "maxweight": null, "layer": null, "bridge": null, "shoulder:line": null, "shoulder:bicycle": null, "shoulder": null, "junction": null, "railway": null, "is_in": null, "abandoned:railway": null, "sidewalk": null, "lit": null, "razed:railway": null, "old_name": null, "short_name": null, "postal_code": null, "bicycle": null, "access": null, "lanes": null, "surface": null, "maxspeed:type": null, "maxspeed": null, "oneway": null, "name:etymology:wikidata": null, "name:etymology": null, "ref": null, "nat_name": null, "name": null, "designation": null, "Road_Class": "Barangay Road" }, "geometry": { "type": "MultiLineString", "coordinates": [ [ [ 121.4575481, 14.2958246 ], [ 121.4574225, 14.2962087 ] ] ] } },
{ "type": "Feature", "properties": { "full_id": "w1390418761", "osm_id": "1390418761", "osm_type": "way", "highway": "residential", "motor_vehicle": null, "bus_bay": null, "embankment": null, "handrail": null, "tunnel": null, "covered": null, "horse": null, "description": null, "bridge:structure": null, "bridge:name": null, "source_ref": null, "width": null, "motorcycle": null, "service": null, "reg_name": null, "foot": null, "source:name": null, "narrow": null, "source:nat_name": null, "shoulder:surface": null, "overtaking": null, "maxweight": null, "layer": null, "bridge": null, "shoulder:line": null, "shoulder:bicycle": null, "shoulder": null, "junction": null, "railway": null, "is_in": null, "abandoned:railway": null, "sidewalk": null, "lit": null, "razed:railway": null, "old_name": null, "short_name": null, "postal_code": null, "bicycle": null, "access": null, "lanes": null, "surface": null, "maxspeed:type": null, "maxspeed": null, "oneway": null, "name:etymology:wikidata": null, "name:etymology": null, "ref": null, "nat_name": null, "name": null, "designation": null, "Road_Class": "Barangay Road" }, "geometry": { "type": "MultiLineString", "coordinates": [ [ [ 121.4569741, 14.2958272 ], [ 121.4574225, 14.2962087 ], [ 121.4576554, 14.2964068 ], [ 121.4578003, 14.2959286 ] ] ] } },
{ "type": "Feature", "properties": { "full_id": "w1390418762", "osm_id": "1390418762", "osm_type": "way", "highway": "residential", "motor_vehicle": null, "bus_bay": null, "embankment": null, "handrail": null, "tunnel": null, "covered": null, "horse": null, "description": null, "bridge:structure": null, "bridge:name": null, "source_ref": null, "width": null, "motorcycle": null, "service": null, "reg_name": null, "foot": null, "source:name": null, "narrow": null, "source:nat_name": null, "shoulder:surface": null, "overtaking": null, "maxweight": null, "layer": null, "bridge": null, "shoulder:line": null, "shoulder:bicycle": null, "shoulder": null, "junction": null, "railway": null, "is_in": null, "abandoned:railway": null, "sidewalk": null, "lit": null, "razed:railway": null, "old_name": null, "short_name": null, "postal_code": null, "bicycle": null, "access": null, "lanes": null, "surface": null, "maxspeed:type": null, "maxspeed": null, "oneway": null, "name:etymology:wikidata": null, "name:etymology": null, "ref": null, "nat_name": null, "name": null, "designation": null, "Road_Class": "Barangay Road" }, "geometry": { "type": "MultiLineString", "coordinates": [ [ [ 121.4569527, 14.2956297 ], [ 121.4575481, 14.2958246 ], [ 121.4578003, 14.2959286 ] ] ] } },
{ "type": "Feature", "properties": { "full_id": "w1390418763", "osm_id": "1390418763", "osm_type": "way", "highway": "residential", "motor_vehicle": null, "bus_bay": null, "embankment": null, "handrail": null, "tunnel": null, "covered": null, "horse": null, "description": null, "bridge:structure": null, "bridge:name": null, "source_ref": null, "width": null, "motorcycle": null, "service": null, "reg_name": null, "foot": null, "source:name": null, "narrow": null, "source:nat_name": null, "shoulder:surface": null, "overtaking": null, "maxweight": null, "layer": null, "bridge": null, "shoulder:line": null, "shoulder:bicycle": null, "shoulder": null, "junction": null, "railway": null, "is_in": null, "abandoned:railway": null, "sidewalk": null, "lit": null, "razed:railway": null, "old_name": null, "short_name": null, "postal_code": null, "bicycle": null, "access": null, "lanes": null, "surface": null, "maxspeed:type": null, "maxspeed": null, "oneway": null, "name:etymology:wikidata": null, "name:etymology": null, "ref": null, "nat_name": null, "name": null, "designation": null, "Road_Class": "Barangay Road" }, "geometry": { "type": "MultiLineString", "coordinates": [ [ [ 121.4553219, 14.2948733 ], [ 121.4550966, 14.2960066 ] ] ] } },
{ "type": "Feature", "properties": { "full_id": "w1390418764", "osm_id": "1390418764", "osm_type": "way", "highway": "residential", "motor_vehicle": null, "bus_bay": null, "embankment": null, "handrail": null, "tunnel": null, "covered": null, "horse": null, "description": null, "bridge:structure": null, "bridge:name": null, "source_ref": null, "width": null, "motorcycle": null, "service": null, "reg_name": null, "foot": null, "source:name": null, "narrow": null, "source:nat_name": null, "shoulder:surface": null, "overtaking": null, "maxweight": null, "layer": null, "bridge": null, "shoulder:line": null, "shoulder:bicycle": null, "shoulder": null, "junction": null, "railway": null, "is_in": null, "abandoned:railway": null, "sidewalk": null, "lit": null, "razed:railway": null, "old_name": null, "short_name": null, "postal_code": null, "bicycle": null, "access": null, "lanes": null, "surface": null, "maxspeed:type": null, "maxspeed": null, "oneway": null, "name:etymology:wikidata": null, "name:etymology": null, "ref": null, "nat_name": null, "name": null, "designation": null, "Road_Class": "Barangay Road" }, "geometry": { "type": "MultiLineString", "coordinates": [ [ [ 121.4546084, 14.2943899 ], [ 121.4555444, 14.2946317 ] ] ] } },
{ "type": "Feature", "properties": { "full_id": "w1390418765", "osm_id": "1390418765", "osm_type": "way", "highway": "residential", "motor_vehicle": null, "bus_bay": null, "embankment": null, "handrail": null, "tunnel": null, "covered": null, "horse": null, "description": null, "bridge:structure": null, "bridge:name": null, "source_ref": null, "width": null, "motorcycle": null, "service": null, "reg_name": null, "foot": null, "source:name": null, "narrow": null, "source:nat_name": null, "shoulder:surface": null, "overtaking": null, "maxweight": null, "layer": null, "bridge": null, "shoulder:line": null, "shoulder:bicycle": null, "shoulder": null, "junction": null, "railway": null, "is_in": null, "abandoned:railway": null, "sidewalk": null, "lit": null, "razed:railway": null, "old_name": null, "short_name": null, "postal_code": null, "bicycle": null, "access": null, "lanes": null, "surface": null, "maxspeed:type": null, "maxspeed": null, "oneway": null, "name:etymology:wikidata": null, "name:etymology": null, "ref": null, "nat_name": null, "name": null, "designation": null, "Road_Class": "Barangay Road" }, "geometry": { "type": "MultiLineString", "coordinates": [ [ [ 121.4549786, 14.2938337 ], [ 121.4548918, 14.2941646 ] ] ] } },
{ "type": "Feature", "properties": { "full_id": "w1390418766", "osm_id": "1390418766", "osm_type": "way", "highway": "residential", "motor_vehicle": null, "bus_bay": null, "embankment": null, "handrail": null, "tunnel": null, "covered": null, "horse": null, "description": null, "bridge:structure": null, "bridge:name": null, "source_ref": null, "width": null, "motorcycle": null, "service": null, "reg_name": null, "foot": null, "source:name": null, "narrow": null, "source:nat_name": null, "shoulder:surface": null, "overtaking": null, "maxweight": null, "layer": null, "bridge": null, "shoulder:line": null, "shoulder:bicycle": null, "shoulder": null, "junction": null, "railway": null, "is_in": null, "abandoned:railway": null, "sidewalk": null, "lit": null, "razed:railway": null, "old_name": null, "short_name": null, "postal_code": null, "bicycle": null, "access": null, "lanes": null, "surface": null, "maxspeed:type": null, "maxspeed": null, "oneway": null, "name:etymology:wikidata": null, "name:etymology": null, "ref": null, "nat_name": null, "name": null, "designation": null, "Road_Class": "Barangay Road" }, "geometry": { "type": "MultiLineString", "coordinates": [ [ [ 121.4552629, 14.2939116 ], [ 121.4551585, 14.2942318 ] ] ] } },
{ "type": "Feature", "properties": { "full_id": "w1390418767", "osm_id": "1390418767", "osm_type": "way", "highway": "residential", "motor_vehicle": null, "bus_bay": null, "embankment": null, "handrail": null, "tunnel": null, "covered": null, "horse": null, "description": null, "bridge:structure": null, "bridge:name": null, "source_ref": null, "width": null, "motorcycle": null, "service": null, "reg_name": null, "foot": null, "source:name": null, "narrow": null, "source:nat_name": null, "shoulder:surface": null, "overtaking": null, "maxweight": null, "layer": null, "bridge": null, "shoulder:line": null, "shoulder:bicycle": null, "shoulder": null, "junction": null, "railway": null, "is_in": null, "abandoned:railway": null, "sidewalk": null, "lit": null, "razed:railway": null, "old_name": null, "short_name": null, "postal_code": null, "bicycle": null, "access": null, "lanes": null, "surface": null, "maxspeed:type": null, "maxspeed": null, "oneway": null, "name:etymology:wikidata": null, "name:etymology": null, "ref": null, "nat_name": null, "name": null, "designation": null, "Road_Class": "Barangay Road" }, "geometry": { "type": "MultiLineString", "coordinates": [ [ [ 121.4546514, 14.294104 ], [ 121.4548918, 14.2941646 ], [ 121.4551585, 14.2942318 ], [ 121.4554564, 14.2943068 ] ] ] } },
{ "type": "Feature", "properties": { "full_id": "w1390418768", "osm_id": "1390418768", "osm_type": "way", "highway": "residential", "motor_vehicle": null, "bus_bay": null, "embankment": null, "handrail": null, "tunnel": null, "covered": null, "horse": null, "description": null, "bridge:structure": null, "bridge:name": null, "source_ref": null, "width": null, "motorcycle": null, "service": null, "reg_name": null, "foot": null, "source:name": null, "narrow": null, "source:nat_name": null, "shoulder:surface": null, "overtaking": null, "maxweight": null, "layer": null, "bridge": null, "shoulder:line": null, "shoulder:bicycle": null, "shoulder": null, "junction": null, "railway": null, "is_in": null, "abandoned:railway": null, "sidewalk": null, "lit": null, "razed:railway": null, "old_name": null, "short_name": null, "postal_code": null, "bicycle": null, "access": null, "lanes": null, "surface": null, "maxspeed:type": null, "maxspeed": null, "oneway": null, "name:etymology:wikidata": null, "name:etymology": null, "ref": null, "nat_name": null, "name": null, "designation": null, "Road_Class": "Barangay Road" }, "geometry": { "type": "MultiLineString", "coordinates": [ [ [ 121.4545659, 14.2946888 ], [ 121.4546084, 14.2943899 ], [ 121.4546514, 14.294104 ], [ 121.454705, 14.2937557 ], [ 121.4549786, 14.2938337 ], [ 121.4552629, 14.2939116 ], [ 121.4555365, 14.293974 ], [ 121.4554564, 14.2943068 ] ] ] } },
{ "type": "Feature", "properties": { "full_id": "w1390418769", "osm_id": "1390418769", "osm_type": "way", "highway": "residential", "motor_vehicle": null, "bus_bay": null, "embankment": null, "handrail": null, "tunnel": null, "covered": null, "horse": null, "description": null, "bridge:structure": null, "bridge:name": null, "source_ref": null, "width": null, "motorcycle": null, "service": null, "reg_name": null, "foot": null, "source:name": null, "narrow": null, "source:nat_name": null, "shoulder:surface": null, "overtaking": null, "maxweight": null, "layer": null, "bridge": null, "shoulder:line": null, "shoulder:bicycle": null, "shoulder": null, "junction": null, "railway": null, "is_in": null, "abandoned:railway": null, "sidewalk": null, "lit": null, "razed:railway": null, "old_name": null, "short_name": null, "postal_code": null, "bicycle": null, "access": null, "lanes": null, "surface": null, "maxspeed:type": null, "maxspeed": null, "oneway": null, "name:etymology:wikidata": null, "name:etymology": null, "ref": null, "nat_name": null, "name": null, "designation": null, "Road_Class": "Barangay Road" }, "geometry": { "type": "MultiLineString", "coordinates": [ [ [ 121.4554346, 14.2957934 ], [ 121.4561251, 14.2959957 ] ] ] } },
{ "type": "Feature", "properties": { "full_id": "w23434374", "osm_id": "23434374", "osm_type": "way", "highway": "residential", "motor_vehicle": null, "bus_bay": null, "embankment": null, "handrail": null, "tunnel": null, "covered": null, "horse": null, "description": null, "bridge:structure": null, "bridge:name": null, "source_ref": null, "width": null, "motorcycle": null, "service": null, "reg_name": null, "foot": null, "source:name": null, "narrow": null, "source:nat_name": null, "shoulder:surface": null, "overtaking": null, "maxweight": null, "layer": null, "bridge": null, "shoulder:line": null, "shoulder:bicycle": null, "shoulder": null, "junction": null, "railway": null, "is_in": null, "abandoned:railway": null, "sidewalk": null, "lit": null, "razed:railway": null, "old_name": null, "short_name": null, "postal_code": null, "bicycle": null, "access": null, "lanes": null, "surface": null, "maxspeed:type": null, "maxspeed": null, "oneway": null, "name:etymology:wikidata": null, "name:etymology": null, "ref": null, "nat_name": null, "name": null, "designation": null, "Road_Class": "Barangay Road" }, "geometry": { "type": "MultiLineString", "coordinates": [ [ [ 121.4672577, 14.3066498 ], [ 121.4628696, 14.3089603 ], [ 121.4626631, 14.309063 ], [ 121.4626282, 14.3091332 ], [ 121.4643563, 14.3136457 ], [ 121.4654817, 14.3164224 ], [ 121.4659919, 14.31774 ], [ 121.4660563, 14.3178128 ], [ 121.4670753, 14.3174407 ], [ 121.4693848, 14.3164233 ], [ 121.4703718, 14.3159971 ], [ 121.4717009, 14.3154499 ] ] ] } },
{ "type": "Feature", "properties": { "full_id": "w23434910", "osm_id": "23434910", "osm_type": "way", "highway": "residential", "motor_vehicle": null, "bus_bay": null, "embankment": null, "handrail": null, "tunnel": null, "covered": null, "horse": null, "description": null, "bridge:structure": null, "bridge:name": null, "source_ref": null, "width": null, "motorcycle": null, "service": null, "reg_name": null, "foot": null, "source:name": null, "narrow": null, "source:nat_name": null, "shoulder:surface": null, "overtaking": null, "maxweight": null, "layer": null, "bridge": null, "shoulder:line": null, "shoulder:bicycle": null, "shoulder": null, "junction": null, "railway": null, "is_in": null, "abandoned:railway": null, "sidewalk": null, "lit": null, "razed:railway": null, "old_name": null, "short_name": null, "postal_code": null, "bicycle": null, "access": null, "lanes": null, "surface": null, "maxspeed:type": null, "maxspeed": null, "oneway": null, "name:etymology:wikidata": null, "name:etymology": null, "ref": null, "nat_name": null, "name": "P. Burgos Street", "designation": null, "Road_Class": "Barangay Road" }, "geometry": { "type": "MultiLineString", "coordinates": [ [ [ 121.4610353, 14.2922949 ], [ 121.4609638, 14.2926259 ], [ 121.4608815, 14.2930458 ], [ 121.4607931, 14.2934844 ], [ 121.4607094, 14.2939314 ], [ 121.4606151, 14.2943531 ], [ 121.4605314, 14.2948114 ], [ 121.4604791, 14.2951109 ], [ 121.4603918, 14.2955268 ], [ 121.460266, 14.29617 ], [ 121.460204, 14.2965007 ], [ 121.4601472, 14.296803 ], [ 121.4600545, 14.2972675 ] ] ] } },
{ "type": "Feature", "properties": { "full_id": "w23434988", "osm_id": "23434988", "osm_type": "way", "highway": "pedestrian", "motor_vehicle": null, "bus_bay": null, "embankment": null, "handrail": null, "tunnel": null, "covered": null, "horse": null, "description": null, "bridge:structure": null, "bridge:name": null, "source_ref": null, "width": null, "motorcycle": null, "service": null, "reg_name": null, "foot": null, "source:name": null, "narrow": null, "source:nat_name": null, "shoulder:surface": null, "overtaking": null, "maxweight": null, "layer": null, "bridge": null, "shoulder:line": null, "shoulder:bicycle": null, "shoulder": null, "junction": null, "railway": null, "is_in": null, "abandoned:railway": null, "sidewalk": null, "lit": null, "razed:railway": null, "old_name": null, "short_name": null, "postal_code": null, "bicycle": null, "access": null, "lanes": null, "surface": null, "maxspeed:type": null, "maxspeed": null, "oneway": null, "name:etymology:wikidata": null, "name:etymology": null, "ref": null, "nat_name": null, "name": null, "designation": null, "Road_Class": "Other" }, "geometry": { "type": "MultiLineString", "coordinates": [ [ [ 121.4607702, 14.2985153 ], [ 121.4601142, 14.2984344 ], [ 121.459723, 14.2984023 ], [ 121.4591662, 14.2983833 ] ] ] } },
{ "type": "Feature", "properties": { "full_id": "w33170899", "osm_id": "33170899", "osm_type": "way", "highway": "service", "motor_vehicle": null, "bus_bay": null, "embankment": null, "handrail": null, "tunnel": null, "covered": null, "horse": null, "description": null, "bridge:structure": null, "bridge:name": null, "source_ref": null, "width": null, "motorcycle": null, "service": null, "reg_name": null, "foot": null, "source:name": null, "narrow": null, "source:nat_name": null, "shoulder:surface": null, "overtaking": null, "maxweight": null, "layer": null, "bridge": null, "shoulder:line": null, "shoulder:bicycle": null, "shoulder": null, "junction": null, "railway": null, "is_in": null, "abandoned:railway": null, "sidewalk": null, "lit": null, "razed:railway": null, "old_name": null, "short_name": null, "postal_code": null, "bicycle": null, "access": null, "lanes": null, "surface": null, "maxspeed:type": null, "maxspeed": null, "oneway": null, "name:etymology:wikidata": null, "name:etymology": null, "ref": null, "nat_name": null, "name": null, "designation": null, "Road_Class": "Barangay Road" }, "geometry": { "type": "MultiLineString", "coordinates": [ [ [ 121.4812781, 14.3107899 ], [ 121.4812845, 14.3105001 ], [ 121.4812921, 14.3102681 ], [ 121.4813404, 14.3097395 ], [ 121.4813447, 14.3095217 ], [ 121.4813849, 14.3094152 ], [ 121.4814853, 14.3093065 ], [ 121.4819481, 14.3090826 ], [ 121.4826785, 14.3088295 ] ] ] } },
{ "type": "Feature", "properties": { "full_id": "w33178940", "osm_id": "33178940", "osm_type": "way", "highway": "service", "motor_vehicle": null, "bus_bay": null, "embankment": null, "handrail": null, "tunnel": null, "covered": null, "horse": null, "description": null, "bridge:structure": null, "bridge:name": null, "source_ref": null, "width": null, "motorcycle": null, "service": null, "reg_name": null, "foot": null, "source:name": null, "narrow": null, "source:nat_name": null, "shoulder:surface": null, "overtaking": null, "maxweight": null, "layer": null, "bridge": null, "shoulder:line": null, "shoulder:bicycle": null, "shoulder": null, "junction": null, "railway": null, "is_in": null, "abandoned:railway": null, "sidewalk": null, "lit": null, "razed:railway": null, "old_name": null, "short_name": null, "postal_code": null, "bicycle": null, "access": null, "lanes": null, "surface": "dirt", "maxspeed:type": null, "maxspeed": null, "oneway": null, "name:etymology:wikidata": null, "name:etymology": null, "ref": null, "nat_name": null, "name": null, "designation": null, "Road_Class": "Barangay Road" }, "geometry": { "type": "MultiLineString", "coordinates": [ [ [ 121.485745, 14.3085259 ], [ 121.485526, 14.3083727 ], [ 121.4856588, 14.308157 ] ] ] } },
{ "type": "Feature", "properties": { "full_id": "w35601208", "osm_id": "35601208", "osm_type": "way", "highway": "tertiary", "motor_vehicle": null, "bus_bay": null, "embankment": null, "handrail": null, "tunnel": null, "covered": null, "horse": null, "description": null, "bridge:structure": null, "bridge:name": null, "source_ref": null, "width": null, "motorcycle": null, "service": null, "reg_name": null, "foot": null, "source:name": null, "narrow": null, "source:nat_name": null, "shoulder:surface": null, "overtaking": null, "maxweight": null, "layer": null, "bridge": null, "shoulder:line": null, "shoulder:bicycle": null, "shoulder": null, "junction": null, "railway": null, "is_in": null, "abandoned:railway": null, "sidewalk": null, "lit": null, "razed:railway": null, "old_name": null, "short_name": null, "postal_code": null, "bicycle": null, "access": null, "lanes": null, "surface": null, "maxspeed:type": null, "maxspeed": null, "oneway": "yes", "name:etymology:wikidata": null, "name:etymology": null, "ref": null, "nat_name": null, "name": "General Luna Street", "designation": null, "Road_Class": "Municipal Road" }, "geometry": { "type": "MultiLineString", "coordinates": [ [ [ 121.4607011, 14.2925839 ], [ 121.4607853, 14.2922087 ] ] ] } },
{ "type": "Feature", "properties": { "full_id": "w70661896", "osm_id": "70661896", "osm_type": "way", "highway": "tertiary", "motor_vehicle": null, "bus_bay": null, "embankment": null, "handrail": null, "tunnel": null, "covered": null, "horse": null, "description": null, "bridge:structure": null, "bridge:name": null, "source_ref": null, "width": null, "motorcycle": null, "service": null, "reg_name": null, "foot": null, "source:name": null, "narrow": null, "source:nat_name": null, "shoulder:surface": null, "overtaking": null, "maxweight": null, "layer": null, "bridge": null, "shoulder:line": null, "shoulder:bicycle": null, "shoulder": null, "junction": null, "railway": null, "is_in": null, "abandoned:railway": null, "sidewalk": null, "lit": null, "razed:railway": null, "old_name": null, "short_name": null, "postal_code": null, "bicycle": null, "access": null, "lanes": null, "surface": null, "maxspeed:type": null, "maxspeed": null, "oneway": null, "name:etymology:wikidata": null, "name:etymology": null, "ref": null, "nat_name": null, "name": "Lagumbay Road", "designation": null, "Road_Class": "Municipal Road" }, "geometry": { "type": "MultiLineString", "coordinates": [ [ [ 121.4665329, 14.3057532 ], [ 121.4659569, 14.3055907 ], [ 121.4648928, 14.3052671 ], [ 121.4636965, 14.3048746 ], [ 121.4630964, 14.3046698 ], [ 121.4621998, 14.304386 ], [ 121.4615901, 14.3041874 ], [ 121.4613982, 14.3041249 ], [ 121.4606027, 14.3038833 ] ] ] } },
{ "type": "Feature", "properties": { "full_id": "w78388517", "osm_id": "78388517", "osm_type": "way", "highway": "residential", "motor_vehicle": null, "bus_bay": null, "embankment": null, "handrail": null, "tunnel": null, "covered": null, "horse": null, "description": null, "bridge:structure": null, "bridge:name": null, "source_ref": null, "width": null, "motorcycle": null, "service": null, "reg_name": null, "foot": null, "source:name": null, "narrow": null, "source:nat_name": null, "shoulder:surface": null, "overtaking": null, "maxweight": null, "layer": null, "bridge": null, "shoulder:line": null, "shoulder:bicycle": null, "shoulder": null, "junction": null, "railway": null, "is_in": null, "abandoned:railway": null, "sidewalk": null, "lit": null, "razed:railway": null, "old_name": null, "short_name": null, "postal_code": null, "bicycle": null, "access": null, "lanes": null, "surface": null, "maxspeed:type": null, "maxspeed": null, "oneway": null, "name:etymology:wikidata": null, "name:etymology": null, "ref": null, "nat_name": null, "name": "Tabia Street", "designation": null, "Road_Class": "Barangay Road" }, "geometry": { "type": "MultiLineString", "coordinates": [ [ [ 121.461652, 14.2925075 ], [ 121.4615828, 14.2927369 ], [ 121.4614819, 14.2931516 ], [ 121.4614083, 14.293456 ], [ 121.4613654, 14.2936167 ], [ 121.4613488, 14.2936717 ], [ 121.4613107, 14.2939286 ], [ 121.4612856, 14.294049 ], [ 121.4612085, 14.29446 ], [ 121.4611762, 14.2946626 ], [ 121.4611303, 14.2949041 ], [ 121.4610847, 14.2952209 ], [ 121.4610458, 14.2956176 ] ] ] } },
{ "type": "Feature", "properties": { "full_id": "w96027964", "osm_id": "96027964", "osm_type": "way", "highway": "residential", "motor_vehicle": null, "bus_bay": null, "embankment": null, "handrail": null, "tunnel": null, "covered": null, "horse": null, "description": null, "bridge:structure": null, "bridge:name": null, "source_ref": null, "width": null, "motorcycle": null, "service": null, "reg_name": null, "foot": null, "source:name": null, "narrow": null, "source:nat_name": null, "shoulder:surface": null, "overtaking": null, "maxweight": null, "layer": null, "bridge": null, "shoulder:line": null, "shoulder:bicycle": null, "shoulder": null, "junction": null, "railway": null, "is_in": null, "abandoned:railway": null, "sidewalk": null, "lit": null, "razed:railway": null, "old_name": null, "short_name": null, "postal_code": null, "bicycle": null, "access": null, "lanes": null, "surface": null, "maxspeed:type": null, "maxspeed": null, "oneway": null, "name:etymology:wikidata": null, "name:etymology": null, "ref": null, "nat_name": null, "name": null, "designation": null, "Road_Class": "Barangay Road" }, "geometry": { "type": "MultiLineString", "coordinates": [ [ [ 121.4611762, 14.2946626 ], [ 121.4616468, 14.2947166 ] ] ] } },
{ "type": "Feature", "properties": { "full_id": "w96027969", "osm_id": "96027969", "osm_type": "way", "highway": "residential", "motor_vehicle": null, "bus_bay": null, "embankment": null, "handrail": null, "tunnel": null, "covered": null, "horse": null, "description": null, "bridge:structure": null, "bridge:name": null, "source_ref": null, "width": null, "motorcycle": null, "service": null, "reg_name": null, "foot": null, "source:name": null, "narrow": null, "source:nat_name": null, "shoulder:surface": null, "overtaking": null, "maxweight": null, "layer": null, "bridge": null, "shoulder:line": null, "shoulder:bicycle": null, "shoulder": null, "junction": null, "railway": null, "is_in": null, "abandoned:railway": null, "sidewalk": "no", "lit": "yes", "razed:railway": null, "old_name": null, "short_name": null, "postal_code": null, "bicycle": null, "access": null, "lanes": "2", "surface": "asphalt", "maxspeed:type": null, "maxspeed": null, "oneway": null, "name:etymology:wikidata": null, "name:etymology": null, "ref": null, "nat_name": null, "name": "Bonifacio Street", "designation": null, "Road_Class": "Barangay Road" }, "geometry": { "type": "MultiLineString", "coordinates": [ [ [ 121.4611749, 14.2930982 ], [ 121.4610716, 14.29354 ], [ 121.4609696, 14.2939804 ], [ 121.4608679, 14.2943939 ], [ 121.4607793, 14.2948546 ], [ 121.4607159, 14.295154 ], [ 121.460632, 14.2955668 ], [ 121.4605084, 14.2962115 ], [ 121.4604445, 14.2965512 ], [ 121.4604031, 14.2968471 ], [ 121.4603567, 14.2971353 ], [ 121.4603174, 14.2973264 ] ] ] } },
{ "type": "Feature", "properties": { "full_id": "w96027974", "osm_id": "96027974", "osm_type": "way", "highway": "pedestrian", "motor_vehicle": null, "bus_bay": null, "embankment": null, "handrail": null, "tunnel": null, "covered": null, "horse": null, "description": null, "bridge:structure": null, "bridge:name": null, "source_ref": null, "width": null, "motorcycle": null, "service": null, "reg_name": null, "foot": null, "source:name": null, "narrow": null, "source:nat_name": null, "shoulder:surface": null, "overtaking": null, "maxweight": null, "layer": null, "bridge": null, "shoulder:line": null, "shoulder:bicycle": null, "shoulder": null, "junction": null, "railway": null, "is_in": null, "abandoned:railway": null, "sidewalk": null, "lit": null, "razed:railway": null, "old_name": null, "short_name": null, "postal_code": null, "bicycle": null, "access": null, "lanes": null, "surface": null, "maxspeed:type": null, "maxspeed": null, "oneway": null, "name:etymology:wikidata": null, "name:etymology": null, "ref": null, "nat_name": null, "name": null, "designation": null, "Road_Class": "Other" }, "geometry": { "type": "MultiLineString", "coordinates": [ [ [ 121.4604632, 14.2925342 ], [ 121.4607011, 14.2925839 ], [ 121.4609638, 14.2926259 ], [ 121.4612679, 14.292672 ] ] ] } },
{ "type": "Feature", "properties": { "full_id": "w96691961", "osm_id": "96691961", "osm_type": "way", "highway": "service", "motor_vehicle": null, "bus_bay": null, "embankment": null, "handrail": null, "tunnel": null, "covered": null, "horse": null, "description": null, "bridge:structure": null, "bridge:name": null, "source_ref": null, "width": null, "motorcycle": null, "service": null, "reg_name": null, "foot": null, "source:name": null, "narrow": null, "source:nat_name": null, "shoulder:surface": null, "overtaking": null, "maxweight": null, "layer": null, "bridge": null, "shoulder:line": null, "shoulder:bicycle": null, "shoulder": null, "junction": null, "railway": null, "is_in": null, "abandoned:railway": null, "sidewalk": null, "lit": null, "razed:railway": null, "old_name": null, "short_name": null, "postal_code": null, "bicycle": null, "access": null, "lanes": null, "surface": null, "maxspeed:type": null, "maxspeed": null, "oneway": null, "name:etymology:wikidata": null, "name:etymology": null, "ref": null, "nat_name": null, "name": null, "designation": null, "Road_Class": "Barangay Road" }, "geometry": { "type": "MultiLineString", "coordinates": [ [ [ 121.4812781, 14.3107899 ], [ 121.4814572, 14.3112889 ], [ 121.4816182, 14.3116684 ], [ 121.4817523, 14.3117776 ], [ 121.4819561, 14.3118243 ], [ 121.4822083, 14.3117412 ], [ 121.4829211, 14.3114716 ] ] ] } },
{ "type": "Feature", "properties": { "full_id": "w96691998", "osm_id": "96691998", "osm_type": "way", "highway": "residential", "motor_vehicle": null, "bus_bay": null, "embankment": null, "handrail": null, "tunnel": null, "covered": null, "horse": null, "description": null, "bridge:structure": null, "bridge:name": null, "source_ref": null, "width": null, "motorcycle": null, "service": null, "reg_name": null, "foot": null, "source:name": null, "narrow": null, "source:nat_name": null, "shoulder:surface": null, "overtaking": null, "maxweight": null, "layer": null, "bridge": null, "shoulder:line": null, "shoulder:bicycle": null, "shoulder": null, "junction": null, "railway": null, "is_in": null, "abandoned:railway": null, "sidewalk": null, "lit": null, "razed:railway": null, "old_name": null, "short_name": null, "postal_code": null, "bicycle": null, "access": null, "lanes": null, "surface": null, "maxspeed:type": null, "maxspeed": null, "oneway": null, "name:etymology:wikidata": null, "name:etymology": null, "ref": null, "nat_name": null, "name": "NPC Compound Service Road", "designation": null, "Road_Class": "Barangay Road" }, "geometry": { "type": "MultiLineString", "coordinates": [ [ [ 121.4717009, 14.3154499 ], [ 121.4714353, 14.3152173 ], [ 121.4708492, 14.3149419 ], [ 121.470385, 14.3148911 ], [ 121.469913, 14.3148131 ], [ 121.4695752, 14.3146573 ], [ 121.4693068, 14.3144129 ], [ 121.4690401, 14.3139829 ], [ 121.4687731, 14.3135137 ], [ 121.4687249, 14.3130706 ], [ 121.4687115, 14.3115593 ], [ 121.4686176, 14.3100779 ], [ 121.4684942, 14.3096803 ], [ 121.4682609, 14.3092358 ], [ 121.4680839, 14.308755 ], [ 121.4679363, 14.3084327 ], [ 121.4678209, 14.3080402 ], [ 121.467813, 14.3079259 ], [ 121.4678613, 14.3078103 ] ] ] } },
{ "type": "Feature", "properties": { "full_id": "w96692004", "osm_id": "96692004", "osm_type": "way", "highway": "unclassified", "motor_vehicle": null, "bus_bay": null, "embankment": null, "handrail": null, "tunnel": null, "covered": null, "horse": null, "description": null, "bridge:structure": null, "bridge:name": null, "source_ref": null, "width": null, "motorcycle": null, "service": null, "reg_name": null, "foot": null, "source:name": null, "narrow": null, "source:nat_name": null, "shoulder:surface": null, "overtaking": null, "maxweight": null, "layer": null, "bridge": null, "shoulder:line": null, "shoulder:bicycle": null, "shoulder": null, "junction": null, "railway": null, "is_in": null, "abandoned:railway": null, "sidewalk": null, "lit": null, "razed:railway": null, "old_name": null, "short_name": null, "postal_code": null, "bicycle": null, "access": null, "lanes": null, "surface": null, "maxspeed:type": null, "maxspeed": null, "oneway": null, "name:etymology:wikidata": null, "name:etymology": null, "ref": null, "nat_name": null, "name": null, "designation": null, "Road_Class": "Barangay Road" }, "geometry": { "type": "MultiLineString", "coordinates": [ [ [ 121.4829142, 14.3069724 ], [ 121.4831413, 14.306693 ] ] ] } },
{ "type": "Feature", "properties": { "full_id": "w96692021", "osm_id": "96692021", "osm_type": "way", "highway": "unclassified", "motor_vehicle": null, "bus_bay": null, "embankment": null, "handrail": null, "tunnel": null, "covered": null, "horse": null, "description": null, "bridge:structure": null, "bridge:name": null, "source_ref": null, "width": null, "motorcycle": null, "service": null, "reg_name": null, "foot": null, "source:name": null, "narrow": null, "source:nat_name": null, "shoulder:surface": null, "overtaking": null, "maxweight": null, "layer": null, "bridge": null, "shoulder:line": null, "shoulder:bicycle": null, "shoulder": null, "junction": null, "railway": null, "is_in": null, "abandoned:railway": null, "sidewalk": null, "lit": null, "razed:railway": null, "old_name": null, "short_name": null, "postal_code": null, "bicycle": null, "access": null, "lanes": null, "surface": null, "maxspeed:type": null, "maxspeed": null, "oneway": null, "name:etymology:wikidata": null, "name:etymology": null, "ref": null, "nat_name": null, "name": null, "designation": null, "Road_Class": "Barangay Road" }, "geometry": { "type": "MultiLineString", "coordinates": [ [ [ 121.4829142, 14.3069724 ], [ 121.4829766, 14.307397 ], [ 121.4830251, 14.308513 ], [ 121.4829876, 14.3086355 ], [ 121.4829194, 14.3087068 ], [ 121.4828141, 14.3087711 ], [ 121.4826785, 14.3088295 ], [ 121.4824028, 14.3090669 ], [ 121.4823184, 14.3091813 ], [ 121.4822182, 14.3093588 ], [ 121.4821299, 14.3096048 ], [ 121.4820848, 14.3099342 ], [ 121.4821052, 14.3102593 ], [ 121.4821718, 14.3105303 ], [ 121.4822685, 14.310686 ], [ 121.4824052, 14.3107736 ], [ 121.482596, 14.3108111 ], [ 121.4828071, 14.3108002 ], [ 121.4831955, 14.3107432 ], [ 121.4834375, 14.310785 ], [ 121.4836022, 14.3108851 ], [ 121.48367, 14.3110277 ], [ 121.4836218, 14.3111577 ] ] ] } },
{ "type": "Feature", "properties": { "full_id": "w97526463", "osm_id": "97526463", "osm_type": "way", "highway": "unclassified", "motor_vehicle": null, "bus_bay": null, "embankment": null, "handrail": null, "tunnel": null, "covered": null, "horse": null, "description": null, "bridge:structure": null, "bridge:name": null, "source_ref": null, "width": null, "motorcycle": null, "service": null, "reg_name": null, "foot": null, "source:name": null, "narrow": null, "source:nat_name": null, "shoulder:surface": null, "overtaking": null, "maxweight": null, "layer": "1", "bridge": "yes", "shoulder:line": null, "shoulder:bicycle": null, "shoulder": null, "junction": null, "railway": null, "is_in": null, "abandoned:railway": null, "sidewalk": null, "lit": null, "razed:railway": null, "old_name": null, "short_name": null, "postal_code": null, "bicycle": null, "access": null, "lanes": null, "surface": null, "maxspeed:type": null, "maxspeed": null, "oneway": null, "name:etymology:wikidata": null, "name:etymology": null, "ref": null, "nat_name": null, "name": null, "designation": null, "Road_Class": "Barangay Road" }, "geometry": { "type": "MultiLineString", "coordinates": [ [ [ 121.4834602, 14.3114168 ], [ 121.4837136, 14.3121115 ] ] ] } },
{ "type": "Feature", "properties": { "full_id": "w97557328", "osm_id": "97557328", "osm_type": "way", "highway": "unclassified", "motor_vehicle": null, "bus_bay": null, "embankment": null, "handrail": null, "tunnel": null, "covered": null, "horse": null, "description": null, "bridge:structure": null, "bridge:name": null, "source_ref": null, "width": null, "motorcycle": null, "service": null, "reg_name": null, "foot": null, "source:name": null, "narrow": null, "source:nat_name": null, "shoulder:surface": null, "overtaking": null, "maxweight": null, "layer": "1", "bridge": null, "shoulder:line": null, "shoulder:bicycle": null, "shoulder": null, "junction": null, "railway": null, "is_in": null, "abandoned:railway": null, "sidewalk": null, "lit": null, "razed:railway": null, "old_name": null, "short_name": null, "postal_code": null, "bicycle": null, "access": null, "lanes": null, "surface": null, "maxspeed:type": null, "maxspeed": null, "oneway": null, "name:etymology:wikidata": null, "name:etymology": null, "ref": null, "nat_name": null, "name": null, "designation": null, "Road_Class": "Barangay Road" }, "geometry": { "type": "MultiLineString", "coordinates": [ [ [ 121.4836218, 14.3111577 ], [ 121.4835821, 14.3112663 ], [ 121.4834875, 14.311352 ], [ 121.4834602, 14.3114168 ] ] ] } },
{ "type": "Feature", "properties": { "full_id": "w110162918", "osm_id": "110162918", "osm_type": "way", "highway": "residential", "motor_vehicle": null, "bus_bay": null, "embankment": null, "handrail": null, "tunnel": null, "covered": null, "horse": null, "description": null, "bridge:structure": null, "bridge:name": null, "source_ref": null, "width": null, "motorcycle": null, "service": null, "reg_name": null, "foot": null, "source:name": null, "narrow": null, "source:nat_name": null, "shoulder:surface": null, "overtaking": null, "maxweight": null, "layer": null, "bridge": null, "shoulder:line": null, "shoulder:bicycle": null, "shoulder": null, "junction": null, "railway": null, "is_in": null, "abandoned:railway": null, "sidewalk": null, "lit": null, "razed:railway": null, "old_name": null, "short_name": null, "postal_code": null, "bicycle": null, "access": null, "lanes": null, "surface": null, "maxspeed:type": null, "maxspeed": null, "oneway": null, "name:etymology:wikidata": null, "name:etymology": null, "ref": null, "nat_name": null, "name": null, "designation": null, "Road_Class": "Barangay Road" }, "geometry": { "type": "MultiLineString", "coordinates": [ [ [ 121.4604373, 14.3042879 ], [ 121.4604425, 14.3042895 ], [ 121.4612468, 14.3045284 ], [ 121.4612911, 14.3045245 ], [ 121.4613153, 14.3044893 ], [ 121.4613982, 14.3041249 ] ] ] } },
{ "type": "Feature", "properties": { "full_id": "w110163089", "osm_id": "110163089", "osm_type": "way", "highway": "residential", "motor_vehicle": null, "bus_bay": null, "embankment": null, "handrail": null, "tunnel": null, "covered": null, "horse": null, "description": null, "bridge:structure": null, "bridge:name": null, "source_ref": null, "width": null, "motorcycle": null, "service": null, "reg_name": null, "foot": null, "source:name": null, "narrow": null, "source:nat_name": null, "shoulder:surface": null, "overtaking": null, "maxweight": null, "layer": null, "bridge": null, "shoulder:line": null, "shoulder:bicycle": null, "shoulder": null, "junction": null, "railway": null, "is_in": null, "abandoned:railway": null, "sidewalk": null, "lit": null, "razed:railway": null, "old_name": null, "short_name": null, "postal_code": null, "bicycle": null, "access": null, "lanes": null, "surface": null, "maxspeed:type": null, "maxspeed": null, "oneway": null, "name:etymology:wikidata": null, "name:etymology": null, "ref": null, "nat_name": null, "name": null, "designation": null, "Road_Class": "Barangay Road" }, "geometry": { "type": "MultiLineString", "coordinates": [ [ [ 121.4605136, 14.3038562 ], [ 121.4605763, 14.3035777 ], [ 121.4606917, 14.3030293 ], [ 121.4607828, 14.3025511 ], [ 121.4607909, 14.3024705 ], [ 121.4608383, 14.3018337 ] ] ] } },
{ "type": "Feature", "properties": { "full_id": "w113531440", "osm_id": "113531440", "osm_type": "way", "highway": "service", "motor_vehicle": null, "bus_bay": null, "embankment": null, "handrail": null, "tunnel": null, "covered": null, "horse": null, "description": null, "bridge:structure": null, "bridge:name": null, "source_ref": null, "width": null, "motorcycle": null, "service": null, "reg_name": null, "foot": null, "source:name": null, "narrow": null, "source:nat_name": null, "shoulder:surface": null, "overtaking": null, "maxweight": null, "layer": null, "bridge": null, "shoulder:line": null, "shoulder:bicycle": null, "shoulder": null, "junction": null, "railway": null, "is_in": null, "abandoned:railway": null, "sidewalk": null, "lit": null, "razed:railway": null, "old_name": null, "short_name": null, "postal_code": null, "bicycle": null, "access": null, "lanes": null, "surface": null, "maxspeed:type": null, "maxspeed": null, "oneway": null, "name:etymology:wikidata": null, "name:etymology": null, "ref": null, "nat_name": null, "name": null, "designation": null, "Road_Class": "Barangay Road" }, "geometry": { "type": "MultiLineString", "coordinates": [ [ [ 121.4764108, 14.3003991 ], [ 121.4765328, 14.3003523 ], [ 121.4765945, 14.3003445 ], [ 121.4766736, 14.3003458 ], [ 121.4767688, 14.3003562 ], [ 121.4768453, 14.3003757 ], [ 121.4769043, 14.3003952 ], [ 121.4769553, 14.3004329 ], [ 121.4769834, 14.3004693 ], [ 121.4770269, 14.3005539 ], [ 121.4770852, 14.3007343 ], [ 121.4771091, 14.3008672 ], [ 121.4771281, 14.3009734 ], [ 121.4771696, 14.3012307 ], [ 121.4771602, 14.3016335 ], [ 121.4771388, 14.3019181 ], [ 121.4770369, 14.3021598 ], [ 121.476896, 14.3023353 ], [ 121.4768559, 14.3025783 ], [ 121.4768974, 14.3028369 ], [ 121.4769899, 14.3030032 ], [ 121.4772501, 14.3030214 ], [ 121.477352, 14.3030422 ], [ 121.4774136, 14.3031176 ], [ 121.4774688, 14.3033502 ], [ 121.4775103, 14.3035477 ], [ 121.4775787, 14.3037167 ], [ 121.477639, 14.303857 ], [ 121.477698, 14.3039857 ], [ 121.4777823, 14.3041129 ] ] ] } },
{ "type": "Feature", "properties": { "full_id": "w113531441", "osm_id": "113531441", "osm_type": "way", "highway": "track", "motor_vehicle": null, "bus_bay": null, "embankment": null, "handrail": null, "tunnel": null, "covered": null, "horse": null, "description": null, "bridge:structure": null, "bridge:name": null, "source_ref": null, "width": null, "motorcycle": null, "service": null, "reg_name": null, "foot": null, "source:name": null, "narrow": null, "source:nat_name": null, "shoulder:surface": null, "overtaking": null, "maxweight": null, "layer": null, "bridge": null, "shoulder:line": null, "shoulder:bicycle": null, "shoulder": null, "junction": null, "railway": null, "is_in": null, "abandoned:railway": null, "sidewalk": null, "lit": null, "razed:railway": null, "old_name": null, "short_name": null, "postal_code": null, "bicycle": null, "access": null, "lanes": null, "surface": null, "maxspeed:type": null, "maxspeed": null, "oneway": null, "name:etymology:wikidata": null, "name:etymology": null, "ref": null, "nat_name": null, "name": null, "designation": null, "Road_Class": "Other" }, "geometry": { "type": "MultiLineString", "coordinates": [ [ [ 121.4770852, 14.3007343 ], [ 121.4773266, 14.3005237 ], [ 121.4773561, 14.3002432 ], [ 121.4772917, 14.3000925 ], [ 121.4772649, 14.2998768 ], [ 121.4772809, 14.2997183 ], [ 121.4772943, 14.2995389 ], [ 121.477289, 14.2992244 ], [ 121.4773158, 14.2990477 ], [ 121.4773587, 14.2988813 ], [ 121.4774338, 14.2987618 ], [ 121.4776162, 14.2986422 ], [ 121.4776967, 14.2985331 ], [ 121.4778469, 14.2984551 ], [ 121.4780454, 14.2982004 ], [ 121.4780722, 14.2980704 ], [ 121.4781312, 14.2979301 ], [ 121.4780776, 14.2977949 ], [ 121.4780078, 14.2976234 ], [ 121.4779649, 14.2973167 ], [ 121.4779703, 14.296984 ], [ 121.4780078, 14.2968228 ], [ 121.4779917, 14.2966825 ], [ 121.4779917, 14.2965421 ], [ 121.4780186, 14.2963914 ], [ 121.4780454, 14.2962718 ], [ 121.4780454, 14.2962042 ], [ 121.4781688, 14.2956116 ], [ 121.4781795, 14.2955077 ], [ 121.4781902, 14.2952893 ], [ 121.4780937, 14.2948475 ], [ 121.478099, 14.2946187 ], [ 121.4780561, 14.2945096 ], [ 121.4780293, 14.2944108 ], [ 121.4779222, 14.2941871 ], [ 121.4779088, 14.293961 ], [ 121.4779624, 14.2937713 ], [ 121.4781341, 14.2936049 ] ] ] } },
{ "type": "Feature", "properties": { "full_id": "w113548715", "osm_id": "113548715", "osm_type": "way", "highway": "service", "motor_vehicle": null, "bus_bay": null, "embankment": null, "handrail": null, "tunnel": null, "covered": null, "horse": null, "description": null, "bridge:structure": null, "bridge:name": null, "source_ref": null, "width": null, "motorcycle": null, "service": null, "reg_name": null, "foot": null, "source:name": null, "narrow": null, "source:nat_name": null, "shoulder:surface": null, "overtaking": null, "maxweight": null, "layer": null, "bridge": null, "shoulder:line": null, "shoulder:bicycle": null, "shoulder": null, "junction": null, "railway": null, "is_in": null, "abandoned:railway": null, "sidewalk": null, "lit": null, "razed:railway": null, "old_name": null, "short_name": null, "postal_code": null, "bicycle": null, "access": null, "lanes": null, "surface": null, "maxspeed:type": null, "maxspeed": null, "oneway": null, "name:etymology:wikidata": null, "name:etymology": null, "ref": null, "nat_name": null, "name": null, "designation": null, "Road_Class": "Barangay Road" }, "geometry": { "type": "MultiLineString", "coordinates": [ [ [ 121.4767367, 14.3132499 ], [ 121.476769, 14.3134095 ], [ 121.476651, 14.3137474 ], [ 121.4762433, 14.3142204 ], [ 121.4758332, 14.3144577 ], [ 121.4756186, 14.3145513 ], [ 121.4755649, 14.3148319 ], [ 121.4757009, 14.315032 ], [ 121.475866, 14.3149779 ], [ 121.4778252, 14.3140432 ], [ 121.4796223, 14.3132221 ], [ 121.4808117, 14.312628 ], [ 121.4818676, 14.3121712 ], [ 121.4831586, 14.3116526 ] ] ] } },
{ "type": "Feature", "properties": { "full_id": "w113548716", "osm_id": "113548716", "osm_type": "way", "highway": "service", "motor_vehicle": null, "bus_bay": null, "embankment": null, "handrail": null, "tunnel": null, "covered": null, "horse": null, "description": null, "bridge:structure": null, "bridge:name": null, "source_ref": null, "width": null, "motorcycle": null, "service": null, "reg_name": null, "foot": null, "source:name": null, "narrow": null, "source:nat_name": null, "shoulder:surface": null, "overtaking": null, "maxweight": null, "layer": null, "bridge": null, "shoulder:line": null, "shoulder:bicycle": null, "shoulder": null, "junction": null, "railway": null, "is_in": null, "abandoned:railway": null, "sidewalk": null, "lit": null, "razed:railway": null, "old_name": null, "short_name": null, "postal_code": null, "bicycle": null, "access": null, "lanes": null, "surface": null, "maxspeed:type": null, "maxspeed": null, "oneway": null, "name:etymology:wikidata": null, "name:etymology": null, "ref": null, "nat_name": null, "name": null, "designation": null, "Road_Class": "Barangay Road" }, "geometry": { "type": "MultiLineString", "coordinates": [ [ [ 121.4715009, 14.308939 ], [ 121.4713348, 14.3090381 ], [ 121.4711201, 14.3089603 ], [ 121.4708634, 14.3088369 ], [ 121.4706963, 14.3087277 ], [ 121.4705568, 14.3085938 ], [ 121.4704436, 14.3084413 ], [ 121.470384, 14.3079933 ], [ 121.4703102, 14.3077113 ], [ 121.470235, 14.3075016 ], [ 121.4701062, 14.3072645 ], [ 121.4699212, 14.3071339 ], [ 121.4696604, 14.3071209 ], [ 121.4694723, 14.3070883 ] ] ] } },
{ "type": "Feature", "properties": { "full_id": "w113548724", "osm_id": "113548724", "osm_type": "way", "highway": "track", "motor_vehicle": null, "bus_bay": null, "embankment": null, "handrail": null, "tunnel": null, "covered": null, "horse": null, "description": null, "bridge:structure": null, "bridge:name": null, "source_ref": null, "width": null, "motorcycle": null, "service": null, "reg_name": null, "foot": null, "source:name": null, "narrow": null, "source:nat_name": null, "shoulder:surface": null, "overtaking": null, "maxweight": null, "layer": null, "bridge": null, "shoulder:line": null, "shoulder:bicycle": null, "shoulder": null, "junction": null, "railway": null, "is_in": null, "abandoned:railway": null, "sidewalk": null, "lit": null, "razed:railway": null, "old_name": null, "short_name": null, "postal_code": null, "bicycle": null, "access": null, "lanes": null, "surface": null, "maxspeed:type": null, "maxspeed": null, "oneway": null, "name:etymology:wikidata": null, "name:etymology": null, "ref": null, "nat_name": null, "name": null, "designation": null, "Road_Class": "Other" }, "geometry": { "type": "MultiLineString", "coordinates": [ [ [ 121.473242, 14.3112215 ], [ 121.4730864, 14.3114176 ], [ 121.47298, 14.311537 ], [ 121.4729529, 14.3116052 ], [ 121.4730029, 14.3116481 ], [ 121.4730867, 14.3116998 ], [ 121.473141, 14.3117443 ], [ 121.4731406, 14.3118257 ], [ 121.4730827, 14.3118389 ], [ 121.4729955, 14.3118218 ], [ 121.4729212, 14.3118846 ], [ 121.4729506, 14.3119472 ], [ 121.4730137, 14.3119931 ], [ 121.4730707, 14.3120531 ], [ 121.4731029, 14.3121076 ], [ 121.4731098, 14.3121547 ], [ 121.4730742, 14.3122068 ] ] ] } },
{ "type": "Feature", "properties": { "full_id": "w113766173", "osm_id": "113766173", "osm_type": "way", "highway": "service", "motor_vehicle": null, "bus_bay": null, "embankment": null, "handrail": null, "tunnel": null, "covered": null, "horse": null, "description": null, "bridge:structure": null, "bridge:name": null, "source_ref": null, "width": null, "motorcycle": null, "service": null, "reg_name": null, "foot": null, "source:name": null, "narrow": null, "source:nat_name": null, "shoulder:surface": null, "overtaking": null, "maxweight": null, "layer": null, "bridge": null, "shoulder:line": null, "shoulder:bicycle": null, "shoulder": null, "junction": null, "railway": null, "is_in": null, "abandoned:railway": null, "sidewalk": null, "lit": null, "razed:railway": null, "old_name": null, "short_name": null, "postal_code": null, "bicycle": null, "access": null, "lanes": null, "surface": null, "maxspeed:type": null, "maxspeed": null, "oneway": null, "name:etymology:wikidata": null, "name:etymology": null, "ref": null, "nat_name": null, "name": null, "designation": null, "Road_Class": "Barangay Road" }, "geometry": { "type": "MultiLineString", "coordinates": [ [ [ 121.4669956, 14.3063565 ], [ 121.4670368, 14.3063397 ], [ 121.4671449, 14.3063015 ], [ 121.4672764, 14.3062261 ], [ 121.467389, 14.306078 ], [ 121.4673555, 14.3059168 ], [ 121.4671035, 14.3057311 ], [ 121.466909, 14.3056115 ], [ 121.4668393, 14.3054841 ], [ 121.4667816, 14.305271 ], [ 121.4666827, 14.3049738 ], [ 121.4666407, 14.3048096 ], [ 121.4666085, 14.3046225 ], [ 121.4665334, 14.3043678 ], [ 121.4664932, 14.3042378 ], [ 121.4664583, 14.3041547 ], [ 121.4663457, 14.3041807 ], [ 121.4662426, 14.3042825 ], [ 121.4661882, 14.3043409 ] ] ] } },
{ "type": "Feature", "properties": { "full_id": "w115584182", "osm_id": "115584182", "osm_type": "way", "highway": "residential", "motor_vehicle": null, "bus_bay": null, "embankment": null, "handrail": null, "tunnel": null, "covered": null, "horse": null, "description": null, "bridge:structure": null, "bridge:name": null, "source_ref": null, "width": null, "motorcycle": null, "service": null, "reg_name": null, "foot": null, "source:name": null, "narrow": null, "source:nat_name": null, "shoulder:surface": null, "overtaking": null, "maxweight": null, "layer": null, "bridge": null, "shoulder:line": null, "shoulder:bicycle": null, "shoulder": null, "junction": null, "railway": null, "is_in": null, "abandoned:railway": null, "sidewalk": null, "lit": null, "razed:railway": null, "old_name": null, "short_name": null, "postal_code": null, "bicycle": null, "access": null, "lanes": null, "surface": null, "maxspeed:type": null, "maxspeed": null, "oneway": null, "name:etymology:wikidata": null, "name:etymology": null, "ref": null, "nat_name": null, "name": null, "designation": null, "Road_Class": "Barangay Road" }, "geometry": { "type": "MultiLineString", "coordinates": [ [ [ 121.4614083, 14.293456 ], [ 121.4619818, 14.2935581 ] ] ] } },
{ "type": "Feature", "properties": { "full_id": "w116780931", "osm_id": "116780931", "osm_type": "way", "highway": "track", "motor_vehicle": null, "bus_bay": null, "embankment": null, "handrail": null, "tunnel": null, "covered": null, "horse": null, "description": null, "bridge:structure": null, "bridge:name": null, "source_ref": null, "width": null, "motorcycle": null, "service": null, "reg_name": null, "foot": null, "source:name": null, "narrow": null, "source:nat_name": null, "shoulder:surface": null, "overtaking": null, "maxweight": null, "layer": null, "bridge": null, "shoulder:line": null, "shoulder:bicycle": null, "shoulder": null, "junction": null, "railway": null, "is_in": null, "abandoned:railway": null, "sidewalk": null, "lit": null, "razed:railway": null, "old_name": null, "short_name": null, "postal_code": null, "bicycle": null, "access": null, "lanes": null, "surface": null, "maxspeed:type": null, "maxspeed": null, "oneway": null, "name:etymology:wikidata": null, "name:etymology": null, "ref": null, "nat_name": null, "name": null, "designation": null, "Road_Class": "Other" }, "geometry": { "type": "MultiLineString", "coordinates": [ [ [ 121.4771091, 14.3008672 ], [ 121.4773482, 14.3007119 ], [ 121.4775523, 14.3006715 ], [ 121.4776993, 14.3005631 ], [ 121.4778726, 14.3005844 ], [ 121.4779363, 14.3006843 ] ] ] } },
{ "type": "Feature", "properties": { "full_id": "w116805646", "osm_id": "116805646", "osm_type": "way", "highway": "service", "motor_vehicle": null, "bus_bay": null, "embankment": null, "handrail": null, "tunnel": null, "covered": null, "horse": null, "description": null, "bridge:structure": null, "bridge:name": null, "source_ref": null, "width": null, "motorcycle": null, "service": null, "reg_name": null, "foot": null, "source:name": null, "narrow": null, "source:nat_name": null, "shoulder:surface": null, "overtaking": null, "maxweight": null, "layer": null, "bridge": null, "shoulder:line": null, "shoulder:bicycle": null, "shoulder": null, "junction": null, "railway": null, "is_in": null, "abandoned:railway": null, "sidewalk": null, "lit": null, "razed:railway": null, "old_name": null, "short_name": null, "postal_code": null, "bicycle": null, "access": null, "lanes": null, "surface": "dirt", "maxspeed:type": null, "maxspeed": null, "oneway": null, "name:etymology:wikidata": null, "name:etymology": null, "ref": null, "nat_name": null, "name": null, "designation": null, "Road_Class": "Barangay Road" }, "geometry": { "type": "MultiLineString", "coordinates": [ [ [ 121.4856588, 14.308157 ], [ 121.4854324, 14.3080169 ], [ 121.485389, 14.3079743 ], [ 121.4853863, 14.3078927 ], [ 121.4854688, 14.3077424 ], [ 121.4855729, 14.3076307 ], [ 121.4856333, 14.3075541 ], [ 121.485676, 14.3074585 ], [ 121.4856829, 14.3073435 ], [ 121.4855927, 14.3072756 ], [ 121.4854912, 14.3073124 ], [ 121.4854325, 14.3073905 ], [ 121.4853414, 14.3075578 ], [ 121.4852322, 14.3076896 ], [ 121.4851789, 14.3077219 ], [ 121.4851105, 14.3077267 ], [ 121.4849981, 14.3076933 ], [ 121.4848906, 14.3076245 ], [ 121.4848282, 14.3075697 ], [ 121.4847836, 14.3074188 ], [ 121.4847854, 14.3072671 ], [ 121.4848181, 14.3070623 ], [ 121.4848933, 14.3069578 ], [ 121.4853044, 14.3065931 ], [ 121.4853801, 14.3065056 ], [ 121.4854625, 14.3063677 ] ] ] } },
{ "type": "Feature", "properties": { "full_id": "w116805649", "osm_id": "116805649", "osm_type": "way", "highway": "service", "motor_vehicle": null, "bus_bay": null, "embankment": null, "handrail": null, "tunnel": null, "covered": null, "horse": null, "description": null, "bridge:structure": null, "bridge:name": null, "source_ref": null, "width": null, "motorcycle": null, "service": null, "reg_name": null, "foot": null, "source:name": null, "narrow": null, "source:nat_name": null, "shoulder:surface": null, "overtaking": null, "maxweight": null, "layer": null, "bridge": null, "shoulder:line": null, "shoulder:bicycle": null, "shoulder": null, "junction": null, "railway": null, "is_in": null, "abandoned:railway": null, "sidewalk": null, "lit": null, "razed:railway": null, "old_name": null, "short_name": null, "postal_code": null, "bicycle": null, "access": null, "lanes": null, "surface": "dirt", "maxspeed:type": null, "maxspeed": null, "oneway": null, "name:etymology:wikidata": null, "name:etymology": null, "ref": null, "nat_name": null, "name": null, "designation": null, "Road_Class": "Barangay Road" }, "geometry": { "type": "MultiLineString", "coordinates": [ [ [ 121.4856588, 14.308157 ], [ 121.4859927, 14.3076866 ] ] ] } },
{ "type": "Feature", "properties": { "full_id": "w117167159", "osm_id": "117167159", "osm_type": "way", "highway": "pedestrian", "motor_vehicle": null, "bus_bay": null, "embankment": null, "handrail": null, "tunnel": null, "covered": null, "horse": null, "description": null, "bridge:structure": null, "bridge:name": null, "source_ref": null, "width": null, "motorcycle": null, "service": null, "reg_name": null, "foot": null, "source:name": null, "narrow": null, "source:nat_name": null, "shoulder:surface": null, "overtaking": null, "maxweight": null, "layer": null, "bridge": null, "shoulder:line": null, "shoulder:bicycle": null, "shoulder": null, "junction": null, "railway": null, "is_in": null, "abandoned:railway": null, "sidewalk": null, "lit": null, "razed:railway": null, "old_name": null, "short_name": null, "postal_code": null, "bicycle": null, "access": null, "lanes": null, "surface": null, "maxspeed:type": null, "maxspeed": null, "oneway": null, "name:etymology:wikidata": null, "name:etymology": null, "ref": null, "nat_name": null, "name": null, "designation": null, "Road_Class": "Other" }, "geometry": { "type": "MultiLineString", "coordinates": [ [ [ 121.4610847, 14.2952209 ], [ 121.4607159, 14.295154 ], [ 121.4604791, 14.2951109 ], [ 121.4602052, 14.2950573 ], [ 121.4599297, 14.2950057 ], [ 121.4596586, 14.294954 ], [ 121.4589841, 14.2948253 ] ] ] } },
{ "type": "Feature", "properties": { "full_id": "w118672518", "osm_id": "118672518", "osm_type": "way", "highway": "pedestrian", "motor_vehicle": null, "bus_bay": null, "embankment": null, "handrail": null, "tunnel": null, "covered": null, "horse": null, "description": null, "bridge:structure": null, "bridge:name": null, "source_ref": null, "width": null, "motorcycle": null, "service": null, "reg_name": null, "foot": null, "source:name": null, "narrow": null, "source:nat_name": null, "shoulder:surface": null, "overtaking": null, "maxweight": null, "layer": null, "bridge": null, "shoulder:line": null, "shoulder:bicycle": null, "shoulder": null, "junction": null, "railway": null, "is_in": null, "abandoned:railway": null, "sidewalk": null, "lit": null, "razed:railway": null, "old_name": null, "short_name": null, "postal_code": null, "bicycle": null, "access": null, "lanes": null, "surface": null, "maxspeed:type": null, "maxspeed": null, "oneway": null, "name:etymology:wikidata": null, "name:etymology": null, "ref": null, "nat_name": null, "name": null, "designation": null, "Road_Class": "Other" }, "geometry": { "type": "MultiLineString", "coordinates": [ [ [ 121.4594243, 14.2936712 ], [ 121.4599202, 14.2937744 ], [ 121.4601747, 14.2938278 ], [ 121.4604536, 14.2938836 ], [ 121.4607094, 14.2939314 ], [ 121.4609696, 14.2939804 ], [ 121.4612856, 14.294049 ] ] ] } },
{ "type": "Feature", "properties": { "full_id": "w118672519", "osm_id": "118672519", "osm_type": "way", "highway": "pedestrian", "motor_vehicle": null, "bus_bay": null, "embankment": null, "handrail": null, "tunnel": null, "covered": null, "horse": null, "description": null, "bridge:structure": null, "bridge:name": null, "source_ref": null, "width": null, "motorcycle": null, "service": null, "reg_name": null, "foot": null, "source:name": null, "narrow": null, "source:nat_name": null, "shoulder:surface": null, "overtaking": null, "maxweight": null, "layer": null, "bridge": null, "shoulder:line": null, "shoulder:bicycle": null, "shoulder": null, "junction": null, "railway": null, "is_in": null, "abandoned:railway": null, "sidewalk": null, "lit": null, "razed:railway": null, "old_name": null, "short_name": null, "postal_code": null, "bicycle": null, "access": null, "lanes": null, "surface": null, "maxspeed:type": null, "maxspeed": null, "oneway": null, "name:etymology:wikidata": null, "name:etymology": null, "ref": null, "nat_name": null, "name": null, "designation": null, "Road_Class": "Other" }, "geometry": { "type": "MultiLineString", "coordinates": [ [ [ 121.4592137, 14.2945483 ], [ 121.4597156, 14.2946483 ], [ 121.4599897, 14.2947076 ], [ 121.4602663, 14.2947597 ], [ 121.4605314, 14.2948114 ], [ 121.4607793, 14.2948546 ], [ 121.4611303, 14.2949041 ] ] ] } },
{ "type": "Feature", "properties": { "full_id": "w118672520", "osm_id": "118672520", "osm_type": "way", "highway": "pedestrian", "motor_vehicle": null, "bus_bay": null, "embankment": null, "handrail": null, "tunnel": null, "covered": null, "horse": null, "description": null, "bridge:structure": null, "bridge:name": null, "source_ref": null, "width": null, "motorcycle": null, "service": null, "reg_name": null, "foot": null, "source:name": null, "narrow": null, "source:nat_name": null, "shoulder:surface": null, "overtaking": null, "maxweight": null, "layer": null, "bridge": null, "shoulder:line": null, "shoulder:bicycle": null, "shoulder": null, "junction": null, "railway": null, "is_in": null, "abandoned:railway": null, "sidewalk": null, "lit": null, "razed:railway": null, "old_name": null, "short_name": null, "postal_code": null, "bicycle": null, "access": null, "lanes": null, "surface": null, "maxspeed:type": null, "maxspeed": null, "oneway": null, "name:etymology:wikidata": null, "name:etymology": null, "ref": null, "nat_name": null, "name": null, "designation": null, "Road_Class": "Other" }, "geometry": { "type": "MultiLineString", "coordinates": [ [ [ 121.4588805, 14.2959343 ], [ 121.4594266, 14.2960232 ], [ 121.4597009, 14.2960685 ], [ 121.459982, 14.2961142 ], [ 121.460266, 14.29617 ], [ 121.4604489, 14.296206 ], [ 121.4605084, 14.2962115 ], [ 121.4610069, 14.2962594 ] ] ] } },
{ "type": "Feature", "properties": { "full_id": "w118672521", "osm_id": "118672521", "osm_type": "way", "highway": "pedestrian", "motor_vehicle": null, "bus_bay": null, "embankment": null, "handrail": null, "tunnel": null, "covered": null, "horse": null, "description": null, "bridge:structure": null, "bridge:name": null, "source_ref": null, "width": null, "motorcycle": null, "service": null, "reg_name": null, "foot": null, "source:name": null, "narrow": null, "source:nat_name": null, "shoulder:surface": null, "overtaking": null, "maxweight": null, "layer": null, "bridge": null, "shoulder:line": null, "shoulder:bicycle": null, "shoulder": null, "junction": null, "railway": null, "is_in": null, "abandoned:railway": null, "sidewalk": null, "lit": null, "razed:railway": null, "old_name": null, "short_name": null, "postal_code": null, "bicycle": null, "access": null, "lanes": null, "surface": null, "maxspeed:type": null, "maxspeed": null, "oneway": null, "name:etymology:wikidata": null, "name:etymology": null, "ref": null, "nat_name": null, "name": null, "designation": null, "Road_Class": "Other" }, "geometry": { "type": "MultiLineString", "coordinates": [ [ [ 121.4597071, 14.2928045 ], [ 121.4601158, 14.2928954 ], [ 121.4603601, 14.2929394 ], [ 121.4606258, 14.2929911 ], [ 121.4608815, 14.2930458 ], [ 121.4611749, 14.2930982 ] ] ] } },
{ "type": "Feature", "properties": { "full_id": "w118672522", "osm_id": "118672522", "osm_type": "way", "highway": "pedestrian", "motor_vehicle": null, "bus_bay": null, "embankment": null, "handrail": null, "tunnel": null, "covered": null, "horse": null, "description": null, "bridge:structure": null, "bridge:name": null, "source_ref": null, "width": null, "motorcycle": null, "service": null, "reg_name": null, "foot": null, "source:name": null, "narrow": null, "source:nat_name": null, "shoulder:surface": null, "overtaking": null, "maxweight": null, "layer": null, "bridge": null, "shoulder:line": null, "shoulder:bicycle": null, "shoulder": null, "junction": null, "railway": null, "is_in": null, "abandoned:railway": null, "sidewalk": null, "lit": null, "razed:railway": null, "old_name": null, "short_name": null, "postal_code": null, "bicycle": null, "access": null, "lanes": null, "surface": null, "maxspeed:type": null, "maxspeed": null, "oneway": null, "name:etymology:wikidata": null, "name:etymology": null, "ref": null, "nat_name": null, "name": null, "designation": null, "Road_Class": "Other" }, "geometry": { "type": "MultiLineString", "coordinates": [ [ [ 121.4595852, 14.2932345 ], [ 121.4600098, 14.2933251 ], [ 121.4602563, 14.2933737 ], [ 121.4605352, 14.2934314 ], [ 121.4607931, 14.2934844 ], [ 121.4610716, 14.29354 ], [ 121.4613654, 14.2936167 ] ] ] } },
{ "type": "Feature", "properties": { "full_id": "w118672523", "osm_id": "118672523", "osm_type": "way", "highway": "pedestrian", "motor_vehicle": null, "bus_bay": null, "embankment": null, "handrail": null, "tunnel": null, "covered": null, "horse": null, "description": null, "bridge:structure": null, "bridge:name": null, "source_ref": null, "width": null, "motorcycle": null, "service": null, "reg_name": null, "foot": null, "source:name": null, "narrow": null, "source:nat_name": null, "shoulder:surface": null, "overtaking": null, "maxweight": null, "layer": null, "bridge": null, "shoulder:line": null, "shoulder:bicycle": null, "shoulder": null, "junction": null, "railway": null, "is_in": null, "abandoned:railway": null, "sidewalk": null, "lit": null, "razed:railway": null, "old_name": null, "short_name": null, "postal_code": null, "bicycle": null, "access": null, "lanes": null, "surface": null, "maxspeed:type": null, "maxspeed": null, "oneway": null, "name:etymology:wikidata": null, "name:etymology": null, "ref": null, "nat_name": null, "name": null, "designation": null, "Road_Class": "Other" }, "geometry": { "type": "MultiLineString", "coordinates": [ [ [ 121.4592137, 14.2940623 ], [ 121.4598231, 14.2941761 ], [ 121.460092, 14.2942405 ], [ 121.4603669, 14.2943023 ], [ 121.4606151, 14.2943531 ], [ 121.4608679, 14.2943939 ], [ 121.4612085, 14.29446 ] ] ] } },
{ "type": "Feature", "properties": { "full_id": "w118672524", "osm_id": "118672524", "osm_type": "way", "highway": "pedestrian", "motor_vehicle": null, "bus_bay": null, "embankment": null, "handrail": null, "tunnel": null, "covered": null, "horse": null, "description": null, "bridge:structure": null, "bridge:name": null, "source_ref": null, "width": null, "motorcycle": null, "service": null, "reg_name": null, "foot": null, "source:name": null, "narrow": null, "source:nat_name": null, "shoulder:surface": null, "overtaking": null, "maxweight": null, "layer": null, "bridge": null, "shoulder:line": null, "shoulder:bicycle": null, "shoulder": null, "junction": null, "railway": null, "is_in": null, "abandoned:railway": null, "sidewalk": null, "lit": null, "razed:railway": null, "old_name": null, "short_name": null, "postal_code": null, "bicycle": null, "access": null, "lanes": null, "surface": null, "maxspeed:type": null, "maxspeed": null, "oneway": null, "name:etymology:wikidata": null, "name:etymology": null, "ref": null, "nat_name": null, "name": null, "designation": null, "Road_Class": "Other" }, "geometry": { "type": "MultiLineString", "coordinates": [ [ [ 121.4590287, 14.2963314 ], [ 121.4593476, 14.2963752 ], [ 121.4596267, 14.2964192 ], [ 121.4599104, 14.2964652 ], [ 121.460204, 14.2965007 ], [ 121.4604445, 14.2965512 ], [ 121.4609758, 14.2965991 ] ] ] } },
{ "type": "Feature", "properties": { "full_id": "w118672525", "osm_id": "118672525", "osm_type": "way", "highway": "pedestrian", "motor_vehicle": null, "bus_bay": null, "embankment": null, "handrail": null, "tunnel": null, "covered": null, "horse": null, "description": null, "bridge:structure": null, "bridge:name": null, "source_ref": null, "width": null, "motorcycle": null, "service": null, "reg_name": null, "foot": null, "source:name": null, "narrow": null, "source:nat_name": null, "shoulder:surface": null, "overtaking": null, "maxweight": null, "layer": null, "bridge": null, "shoulder:line": null, "shoulder:bicycle": null, "shoulder": null, "junction": null, "railway": null, "is_in": null, "abandoned:railway": null, "sidewalk": null, "lit": null, "razed:railway": null, "old_name": null, "short_name": null, "postal_code": null, "bicycle": null, "access": null, "lanes": null, "surface": null, "maxspeed:type": null, "maxspeed": null, "oneway": null, "name:etymology:wikidata": null, "name:etymology": null, "ref": null, "nat_name": null, "name": null, "designation": null, "Road_Class": "Other" }, "geometry": { "type": "MultiLineString", "coordinates": [ [ [ 121.4595554, 14.2967393 ], [ 121.4598359, 14.296766 ], [ 121.4601472, 14.296803 ], [ 121.4604031, 14.2968471 ], [ 121.4609562, 14.2969103 ] ] ] } },
{ "type": "Feature", "properties": { "full_id": "w121968913", "osm_id": "121968913", "osm_type": "way", "highway": "unclassified", "motor_vehicle": null, "bus_bay": null, "embankment": null, "handrail": null, "tunnel": null, "covered": null, "horse": null, "description": null, "bridge:structure": null, "bridge:name": null, "source_ref": null, "width": null, "motorcycle": null, "service": null, "reg_name": null, "foot": null, "source:name": null, "narrow": null, "source:nat_name": null, "shoulder:surface": null, "overtaking": null, "maxweight": null, "layer": null, "bridge": null, "shoulder:line": null, "shoulder:bicycle": null, "shoulder": null, "junction": null, "railway": null, "is_in": null, "abandoned:railway": null, "sidewalk": null, "lit": null, "razed:railway": null, "old_name": null, "short_name": null, "postal_code": null, "bicycle": null, "access": null, "lanes": null, "surface": null, "maxspeed:type": null, "maxspeed": null, "oneway": null, "name:etymology:wikidata": null, "name:etymology": null, "ref": null, "nat_name": null, "name": null, "designation": null, "Road_Class": "Barangay Road" }, "geometry": { "type": "MultiLineString", "coordinates": [ [ [ 121.4609259, 14.2974248 ], [ 121.4609299, 14.2980985 ] ] ] } },
{ "type": "Feature", "properties": { "full_id": "w121968914", "osm_id": "121968914", "osm_type": "way", "highway": "residential", "motor_vehicle": null, "bus_bay": null, "embankment": null, "handrail": null, "tunnel": null, "covered": null, "horse": null, "description": null, "bridge:structure": null, "bridge:name": null, "source_ref": null, "width": null, "motorcycle": null, "service": null, "reg_name": null, "foot": null, "source:name": null, "narrow": null, "source:nat_name": null, "shoulder:surface": null, "overtaking": null, "maxweight": null, "layer": null, "bridge": null, "shoulder:line": null, "shoulder:bicycle": null, "shoulder": null, "junction": null, "railway": null, "is_in": null, "abandoned:railway": null, "sidewalk": null, "lit": null, "razed:railway": null, "old_name": null, "short_name": null, "postal_code": null, "bicycle": null, "access": null, "lanes": "1", "surface": null, "maxspeed:type": null, "maxspeed": null, "oneway": "yes", "name:etymology:wikidata": null, "name:etymology": null, "ref": null, "nat_name": null, "name": null, "designation": null, "Road_Class": "Barangay Road" }, "geometry": { "type": "MultiLineString", "coordinates": [ [ [ 121.4602035, 14.2980028 ], [ 121.4609299, 14.2980985 ] ] ] } },
{ "type": "Feature", "properties": { "full_id": "w123532336", "osm_id": "123532336", "osm_type": "way", "highway": "residential", "motor_vehicle": null, "bus_bay": null, "embankment": null, "handrail": null, "tunnel": null, "covered": null, "horse": null, "description": null, "bridge:structure": null, "bridge:name": null, "source_ref": null, "width": null, "motorcycle": null, "service": null, "reg_name": null, "foot": null, "source:name": null, "narrow": null, "source:nat_name": null, "shoulder:surface": null, "overtaking": null, "maxweight": null, "layer": null, "bridge": null, "shoulder:line": null, "shoulder:bicycle": null, "shoulder": null, "junction": null, "railway": null, "is_in": null, "abandoned:railway": null, "sidewalk": null, "lit": null, "razed:railway": null, "old_name": null, "short_name": null, "postal_code": null, "bicycle": null, "access": null, "lanes": null, "surface": null, "maxspeed:type": null, "maxspeed": null, "oneway": null, "name:etymology:wikidata": null, "name:etymology": null, "ref": null, "nat_name": null, "name": null, "designation": null, "Road_Class": "Barangay Road" }, "geometry": { "type": "MultiLineString", "coordinates": [ [ [ 121.4620756, 14.2938181 ], [ 121.4613488, 14.2936717 ] ] ] } },
{ "type": "Feature", "properties": { "full_id": "w123533006", "osm_id": "123533006", "osm_type": "way", "highway": "service", "motor_vehicle": null, "bus_bay": null, "embankment": null, "handrail": null, "tunnel": null, "covered": null, "horse": null, "description": null, "bridge:structure": null, "bridge:name": null, "source_ref": null, "width": null, "motorcycle": null, "service": null, "reg_name": null, "foot": null, "source:name": null, "narrow": null, "source:nat_name": null, "shoulder:surface": null, "overtaking": null, "maxweight": null, "layer": null, "bridge": null, "shoulder:line": null, "shoulder:bicycle": null, "shoulder": null, "junction": null, "railway": null, "is_in": null, "abandoned:railway": null, "sidewalk": null, "lit": null, "razed:railway": null, "old_name": null, "short_name": null, "postal_code": null, "bicycle": null, "access": "private", "lanes": null, "surface": null, "maxspeed:type": null, "maxspeed": null, "oneway": null, "name:etymology:wikidata": null, "name:etymology": null, "ref": null, "nat_name": null, "name": null, "designation": null, "Road_Class": "Barangay Road" }, "geometry": { "type": "MultiLineString", "coordinates": [ [ [ 121.4701945, 14.3136587 ], [ 121.4698581, 14.3139906 ], [ 121.4697562, 14.3140114 ], [ 121.4695517, 14.3141119 ], [ 121.4693068, 14.3144129 ] ] ] } },
{ "type": "Feature", "properties": { "full_id": "w138195414", "osm_id": "138195414", "osm_type": "way", "highway": "service", "motor_vehicle": null, "bus_bay": null, "embankment": null, "handrail": null, "tunnel": null, "covered": null, "horse": null, "description": null, "bridge:structure": null, "bridge:name": null, "source_ref": null, "width": null, "motorcycle": null, "service": null, "reg_name": null, "foot": null, "source:name": null, "narrow": null, "source:nat_name": null, "shoulder:surface": null, "overtaking": null, "maxweight": null, "layer": null, "bridge": null, "shoulder:line": null, "shoulder:bicycle": null, "shoulder": null, "junction": null, "railway": null, "is_in": null, "abandoned:railway": null, "sidewalk": null, "lit": null, "razed:railway": null, "old_name": null, "short_name": null, "postal_code": null, "bicycle": null, "access": null, "lanes": null, "surface": null, "maxspeed:type": null, "maxspeed": null, "oneway": null, "name:etymology:wikidata": null, "name:etymology": null, "ref": null, "nat_name": null, "name": null, "designation": null, "Road_Class": "Barangay Road" }, "geometry": { "type": "MultiLineString", "coordinates": [ [ [ 121.491065, 14.3015063 ], [ 121.4907808, 14.3008543 ] ] ] } },
{ "type": "Feature", "properties": { "full_id": "w143793195", "osm_id": "143793195", "osm_type": "way", "highway": "unclassified", "motor_vehicle": null, "bus_bay": null, "embankment": null, "handrail": null, "tunnel": null, "covered": null, "horse": null, "description": null, "bridge:structure": null, "bridge:name": null, "source_ref": null, "width": null, "motorcycle": null, "service": null, "reg_name": null, "foot": null, "source:name": null, "narrow": null, "source:nat_name": null, "shoulder:surface": null, "overtaking": null, "maxweight": null, "layer": null, "bridge": null, "shoulder:line": null, "shoulder:bicycle": null, "shoulder": null, "junction": null, "railway": null, "is_in": null, "abandoned:railway": null, "sidewalk": null, "lit": null, "razed:railway": null, "old_name": null, "short_name": null, "postal_code": null, "bicycle": null, "access": null, "lanes": null, "surface": null, "maxspeed:type": null, "maxspeed": null, "oneway": null, "name:etymology:wikidata": null, "name:etymology": null, "ref": null, "nat_name": null, "name": "Tabia Street", "designation": null, "Road_Class": "Barangay Road" }, "geometry": { "type": "MultiLineString", "coordinates": [ [ [ 121.4610458, 14.2956176 ], [ 121.4610098, 14.2958324 ], [ 121.4610069, 14.2962594 ], [ 121.4609758, 14.2965991 ], [ 121.4609562, 14.2969103 ], [ 121.4609298, 14.2972574 ], [ 121.4609259, 14.2974248 ] ] ] } },
{ "type": "Feature", "properties": { "full_id": "w159015380", "osm_id": "159015380", "osm_type": "way", "highway": "residential", "motor_vehicle": null, "bus_bay": null, "embankment": null, "handrail": null, "tunnel": null, "covered": null, "horse": null, "description": null, "bridge:structure": null, "bridge:name": null, "source_ref": null, "width": null, "motorcycle": null, "service": null, "reg_name": null, "foot": null, "source:name": null, "narrow": null, "source:nat_name": null, "shoulder:surface": null, "overtaking": null, "maxweight": null, "layer": null, "bridge": null, "shoulder:line": null, "shoulder:bicycle": null, "shoulder": null, "junction": null, "railway": null, "is_in": null, "abandoned:railway": null, "sidewalk": null, "lit": null, "razed:railway": null, "old_name": null, "short_name": null, "postal_code": null, "bicycle": null, "access": null, "lanes": null, "surface": null, "maxspeed:type": null, "maxspeed": null, "oneway": null, "name:etymology:wikidata": null, "name:etymology": null, "ref": null, "nat_name": null, "name": "Lavin Street", "designation": null, "Road_Class": "Barangay Road" }, "geometry": { "type": "MultiLineString", "coordinates": [ [ [ 121.4617545, 14.2940113 ], [ 121.4616468, 14.2947166 ], [ 121.4615403, 14.2953396 ], [ 121.4614809, 14.2956829 ] ] ] } },
{ "type": "Feature", "properties": { "full_id": "w181594703", "osm_id": "181594703", "osm_type": "way", "highway": "footway", "motor_vehicle": null, "bus_bay": null, "embankment": null, "handrail": null, "tunnel": null, "covered": null, "horse": null, "description": null, "bridge:structure": null, "bridge:name": null, "source_ref": null, "width": null, "motorcycle": null, "service": null, "reg_name": null, "foot": null, "source:name": null, "narrow": null, "source:nat_name": null, "shoulder:surface": null, "overtaking": null, "maxweight": null, "layer": null, "bridge": null, "shoulder:line": null, "shoulder:bicycle": null, "shoulder": null, "junction": null, "railway": null, "is_in": null, "abandoned:railway": null, "sidewalk": null, "lit": null, "razed:railway": null, "old_name": null, "short_name": null, "postal_code": null, "bicycle": null, "access": null, "lanes": null, "surface": null, "maxspeed:type": null, "maxspeed": null, "oneway": null, "name:etymology:wikidata": null, "name:etymology": null, "ref": null, "nat_name": null, "name": null, "designation": null, "Road_Class": "Other" }, "geometry": { "type": "MultiLineString", "coordinates": [ [ [ 121.4694723, 14.3070883 ], [ 121.4693661, 14.3070784 ] ] ] } },
{ "type": "Feature", "properties": { "full_id": "w214059844", "osm_id": "214059844", "osm_type": "way", "highway": "primary", "motor_vehicle": null, "bus_bay": null, "embankment": null, "handrail": null, "tunnel": null, "covered": null, "horse": null, "description": null, "bridge:structure": null, "bridge:name": null, "source_ref": null, "width": null, "motorcycle": null, "service": null, "reg_name": null, "foot": null, "source:name": null, "narrow": null, "source:nat_name": null, "shoulder:surface": null, "overtaking": null, "maxweight": null, "layer": null, "bridge": null, "shoulder:line": null, "shoulder:bicycle": null, "shoulder": null, "junction": null, "railway": null, "is_in": null, "abandoned:railway": null, "sidewalk": null, "lit": null, "razed:railway": null, "old_name": null, "short_name": null, "postal_code": null, "bicycle": null, "access": null, "lanes": "2", "surface": "asphalt", "maxspeed:type": null, "maxspeed": null, "oneway": null, "name:etymology:wikidata": null, "name:etymology": null, "ref": "66", "nat_name": "Calamba-Santa Cruz-Famy Junction Road", "name": "National Highway", "designation": "national_secondary_road", "Road_Class": "National Road" }, "geometry": { "type": "MultiLineString", "coordinates": [ [ [ 121.4736589, 14.3156123 ], [ 121.473133, 14.3148905 ], [ 121.4727353, 14.314361 ], [ 121.4724488, 14.3139373 ], [ 121.4721132, 14.3135592 ], [ 121.4718663, 14.313285 ], [ 121.4717209, 14.3131681 ], [ 121.4715363, 14.31305 ], [ 121.4708825, 14.3127777 ], [ 121.4705298, 14.312595 ], [ 121.4704066, 14.3124846 ], [ 121.4703208, 14.3123598 ], [ 121.4700983, 14.3119657 ], [ 121.4698273, 14.3115152 ], [ 121.4695316, 14.3110148 ], [ 121.4692801, 14.3105847 ], [ 121.4690655, 14.3101929 ], [ 121.4686457, 14.3094815 ], [ 121.4681563, 14.3086576 ], [ 121.4679914, 14.3082326 ], [ 121.4679243, 14.3080013 ], [ 121.4678613, 14.3078103 ], [ 121.467658, 14.3073063 ], [ 121.4675381, 14.3070388 ], [ 121.4672577, 14.3066498 ], [ 121.4669956, 14.3063565 ], [ 121.4666871, 14.3060541 ] ] ] } },
{ "type": "Feature", "properties": { "full_id": "w214073749", "osm_id": "214073749", "osm_type": "way", "highway": "service", "motor_vehicle": null, "bus_bay": null, "embankment": null, "handrail": null, "tunnel": null, "covered": null, "horse": null, "description": null, "bridge:structure": null, "bridge:name": null, "source_ref": null, "width": null, "motorcycle": null, "service": null, "reg_name": null, "foot": null, "source:name": null, "narrow": null, "source:nat_name": null, "shoulder:surface": null, "overtaking": null, "maxweight": null, "layer": null, "bridge": null, "shoulder:line": null, "shoulder:bicycle": null, "shoulder": null, "junction": null, "railway": null, "is_in": null, "abandoned:railway": null, "sidewalk": null, "lit": null, "razed:railway": null, "old_name": null, "short_name": null, "postal_code": null, "bicycle": null, "access": null, "lanes": null, "surface": null, "maxspeed:type": null, "maxspeed": null, "oneway": null, "name:etymology:wikidata": null, "name:etymology": null, "ref": null, "nat_name": null, "name": null, "designation": null, "Road_Class": "Barangay Road" }, "geometry": { "type": "MultiLineString", "coordinates": [ [ [ 121.4672324, 14.3044212 ], [ 121.4671614, 14.3044876 ], [ 121.4670997, 14.304567 ], [ 121.4670614, 14.3046424 ], [ 121.4670553, 14.304722 ], [ 121.4670723, 14.3048182 ], [ 121.4671049, 14.3048799 ] ] ] } },
{ "type": "Feature", "properties": { "full_id": "w287903284", "osm_id": "287903284", "osm_type": "way", "highway": "service", "motor_vehicle": null, "bus_bay": null, "embankment": null, "handrail": null, "tunnel": null, "covered": null, "horse": null, "description": null, "bridge:structure": null, "bridge:name": null, "source_ref": null, "width": null, "motorcycle": null, "service": null, "reg_name": null, "foot": null, "source:name": null, "narrow": null, "source:nat_name": null, "shoulder:surface": null, "overtaking": null, "maxweight": null, "layer": null, "bridge": null, "shoulder:line": null, "shoulder:bicycle": null, "shoulder": null, "junction": null, "railway": null, "is_in": null, "abandoned:railway": null, "sidewalk": null, "lit": null, "razed:railway": null, "old_name": null, "short_name": null, "postal_code": null, "bicycle": null, "access": null, "lanes": null, "surface": null, "maxspeed:type": null, "maxspeed": null, "oneway": null, "name:etymology:wikidata": null, "name:etymology": null, "ref": null, "nat_name": null, "name": null, "designation": null, "Road_Class": "Barangay Road" }, "geometry": { "type": "MultiLineString", "coordinates": [ [ [ 121.4863102, 14.3089084 ], [ 121.485924, 14.3086459 ], [ 121.485745, 14.3085259 ] ] ] } },
{ "type": "Feature", "properties": { "full_id": "w342826064", "osm_id": "342826064", "osm_type": "way", "highway": "path", "motor_vehicle": null, "bus_bay": null, "embankment": null, "handrail": null, "tunnel": null, "covered": null, "horse": null, "description": null, "bridge:structure": null, "bridge:name": null, "source_ref": null, "width": null, "motorcycle": null, "service": null, "reg_name": null, "foot": null, "source:name": null, "narrow": null, "source:nat_name": null, "shoulder:surface": null, "overtaking": null, "maxweight": null, "layer": null, "bridge": null, "shoulder:line": null, "shoulder:bicycle": null, "shoulder": null, "junction": null, "railway": null, "is_in": null, "abandoned:railway": null, "sidewalk": null, "lit": null, "razed:railway": null, "old_name": null, "short_name": null, "postal_code": null, "bicycle": null, "access": null, "lanes": null, "surface": null, "maxspeed:type": null, "maxspeed": null, "oneway": null, "name:etymology:wikidata": null, "name:etymology": null, "ref": null, "nat_name": null, "name": null, "designation": null, "Road_Class": "Other" }, "geometry": { "type": "MultiLineString", "coordinates": [ [ [ 121.4890046, 14.3005897 ], [ 121.4890029, 14.30021 ], [ 121.4890119, 14.299965 ], [ 121.48903, 14.2995495 ], [ 121.4889803, 14.2994226 ], [ 121.4886553, 14.2992257 ], [ 121.4883889, 14.2989851 ], [ 121.4881632, 14.2988233 ], [ 121.4878066, 14.2986964 ], [ 121.4875176, 14.2986177 ] ] ] } },
{ "type": "Feature", "properties": { "full_id": "w342826065", "osm_id": "342826065", "osm_type": "way", "highway": "path", "motor_vehicle": null, "bus_bay": null, "embankment": null, "handrail": null, "tunnel": null, "covered": null, "horse": null, "description": null, "bridge:structure": null, "bridge:name": null, "source_ref": null, "width": null, "motorcycle": null, "service": null, "reg_name": null, "foot": null, "source:name": null, "narrow": null, "source:nat_name": null, "shoulder:surface": null, "overtaking": null, "maxweight": null, "layer": null, "bridge": null, "shoulder:line": null, "shoulder:bicycle": null, "shoulder": null, "junction": null, "railway": null, "is_in": null, "abandoned:railway": null, "sidewalk": null, "lit": null, "razed:railway": null, "old_name": null, "short_name": null, "postal_code": null, "bicycle": null, "access": null, "lanes": null, "surface": null, "maxspeed:type": null, "maxspeed": null, "oneway": null, "name:etymology:wikidata": null, "name:etymology": null, "ref": null, "nat_name": null, "name": null, "designation": null, "Road_Class": "Other" }, "geometry": { "type": "MultiLineString", "coordinates": [ [ [ 121.490199, 14.3012884 ], [ 121.490007, 14.3011666 ], [ 121.4898856, 14.3010784 ], [ 121.4896989, 14.3009856 ], [ 121.4894978, 14.3009222 ], [ 121.4890046, 14.3005897 ], [ 121.4887428, 14.3004536 ], [ 121.4882927, 14.2999989 ], [ 121.4880278, 14.2997638 ], [ 121.4876639, 14.2995225 ], [ 121.4874835, 14.2993848 ] ] ] } },
{ "type": "Feature", "properties": { "full_id": "w342826073", "osm_id": "342826073", "osm_type": "way", "highway": "track", "motor_vehicle": null, "bus_bay": null, "embankment": null, "handrail": null, "tunnel": null, "covered": null, "horse": null, "description": null, "bridge:structure": null, "bridge:name": null, "source_ref": null, "width": null, "motorcycle": null, "service": null, "reg_name": null, "foot": null, "source:name": null, "narrow": null, "source:nat_name": null, "shoulder:surface": null, "overtaking": null, "maxweight": null, "layer": null, "bridge": null, "shoulder:line": null, "shoulder:bicycle": null, "shoulder": null, "junction": null, "railway": null, "is_in": null, "abandoned:railway": null, "sidewalk": null, "lit": null, "razed:railway": null, "old_name": null, "short_name": null, "postal_code": null, "bicycle": null, "access": null, "lanes": null, "surface": null, "maxspeed:type": null, "maxspeed": null, "oneway": null, "name:etymology:wikidata": null, "name:etymology": null, "ref": null, "nat_name": null, "name": null, "designation": null, "Road_Class": "Other" }, "geometry": { "type": "MultiLineString", "coordinates": [ [ [ 121.4779363, 14.3006843 ], [ 121.4780284, 14.3008544 ], [ 121.4783334, 14.300916 ], [ 121.4785418, 14.3010138 ], [ 121.4786932, 14.3011712 ], [ 121.4789346, 14.3013115 ], [ 121.479086, 14.3014072 ], [ 121.4792154, 14.3015666 ], [ 121.4792308, 14.3017644 ], [ 121.4792966, 14.3020578 ], [ 121.4794392, 14.3023256 ], [ 121.4799351, 14.302551 ], [ 121.4805275, 14.3023129 ], [ 121.480997, 14.3019897 ], [ 121.482103, 14.3023318 ], [ 121.4826559, 14.302521 ], [ 121.4839921, 14.3029122 ], [ 121.4843366, 14.3030419 ], [ 121.4848654, 14.3032822 ], [ 121.4857649, 14.3036266 ], [ 121.4874059, 14.3042001 ], [ 121.4877659, 14.304426 ], [ 121.4890491, 14.304712 ] ] ] } },
{ "type": "Feature", "properties": { "full_id": "w342826078", "osm_id": "342826078", "osm_type": "way", "highway": "track", "motor_vehicle": null, "bus_bay": null, "embankment": null, "handrail": null, "tunnel": null, "covered": null, "horse": null, "description": null, "bridge:structure": null, "bridge:name": null, "source_ref": null, "width": null, "motorcycle": null, "service": null, "reg_name": null, "foot": null, "source:name": null, "narrow": null, "source:nat_name": null, "shoulder:surface": null, "overtaking": null, "maxweight": null, "layer": null, "bridge": null, "shoulder:line": null, "shoulder:bicycle": null, "shoulder": null, "junction": null, "railway": null, "is_in": null, "abandoned:railway": null, "sidewalk": null, "lit": null, "razed:railway": null, "old_name": null, "short_name": null, "postal_code": null, "bicycle": null, "access": null, "lanes": null, "surface": null, "maxspeed:type": null, "maxspeed": null, "oneway": null, "name:etymology:wikidata": null, "name:etymology": null, "ref": null, "nat_name": null, "name": null, "designation": null, "Road_Class": "Other" }, "geometry": { "type": "MultiLineString", "coordinates": [ [ [ 121.4778726, 14.3005844 ], [ 121.4779341, 14.3003696 ], [ 121.4781622, 14.3002208 ], [ 121.4782873, 14.3001336 ], [ 121.4783882, 14.3000337 ] ] ] } },
{ "type": "Feature", "properties": { "full_id": "w342826079", "osm_id": "342826079", "osm_type": "way", "highway": "service", "motor_vehicle": null, "bus_bay": null, "embankment": null, "handrail": null, "tunnel": null, "covered": null, "horse": null, "description": null, "bridge:structure": null, "bridge:name": null, "source_ref": null, "width": null, "motorcycle": null, "service": null, "reg_name": null, "foot": null, "source:name": null, "narrow": null, "source:nat_name": null, "shoulder:surface": null, "overtaking": null, "maxweight": null, "layer": null, "bridge": null, "shoulder:line": null, "shoulder:bicycle": null, "shoulder": null, "junction": null, "railway": null, "is_in": null, "abandoned:railway": null, "sidewalk": null, "lit": null, "razed:railway": null, "old_name": null, "short_name": null, "postal_code": null, "bicycle": null, "access": null, "lanes": null, "surface": null, "maxspeed:type": null, "maxspeed": null, "oneway": null, "name:etymology:wikidata": null, "name:etymology": null, "ref": null, "nat_name": null, "name": null, "designation": null, "Road_Class": "Barangay Road" }, "geometry": { "type": "MultiLineString", "coordinates": [ [ [ 121.4890491, 14.304712 ], [ 121.48908, 14.3043521 ], [ 121.4890896, 14.304195 ], [ 121.4891229, 14.3041065 ], [ 121.4891942, 14.3039702 ], [ 121.4892276, 14.3038504 ], [ 121.4892317, 14.3037805 ], [ 121.4891497, 14.3036438 ], [ 121.4887567, 14.3032167 ] ] ] } },
{ "type": "Feature", "properties": { "full_id": "w342826080", "osm_id": "342826080", "osm_type": "way", "highway": "path", "motor_vehicle": null, "bus_bay": null, "embankment": null, "handrail": null, "tunnel": null, "covered": null, "horse": null, "description": null, "bridge:structure": null, "bridge:name": null, "source_ref": null, "width": null, "motorcycle": null, "service": null, "reg_name": null, "foot": null, "source:name": null, "narrow": null, "source:nat_name": null, "shoulder:surface": null, "overtaking": null, "maxweight": null, "layer": null, "bridge": null, "shoulder:line": null, "shoulder:bicycle": null, "shoulder": null, "junction": null, "railway": null, "is_in": null, "abandoned:railway": null, "sidewalk": null, "lit": null, "razed:railway": null, "old_name": null, "short_name": null, "postal_code": null, "bicycle": null, "access": null, "lanes": null, "surface": null, "maxspeed:type": null, "maxspeed": null, "oneway": null, "name:etymology:wikidata": null, "name:etymology": null, "ref": null, "nat_name": null, "name": null, "designation": null, "Road_Class": "Other" }, "geometry": { "type": "MultiLineString", "coordinates": [ [ [ 121.4889803, 14.2994226 ], [ 121.4891519, 14.2990201 ], [ 121.489021, 14.2988145 ], [ 121.488881, 14.2986701 ], [ 121.4887456, 14.2984733 ], [ 121.4886733, 14.2982283 ] ] ] } },
{ "type": "Feature", "properties": { "full_id": "w684550061", "osm_id": "684550061", "osm_type": "way", "highway": "unclassified", "motor_vehicle": null, "bus_bay": null, "embankment": null, "handrail": null, "tunnel": null, "covered": null, "horse": null, "description": null, "bridge:structure": null, "bridge:name": null, "source_ref": null, "width": null, "motorcycle": null, "service": null, "reg_name": null, "foot": null, "source:name": null, "narrow": null, "source:nat_name": null, "shoulder:surface": null, "overtaking": null, "maxweight": null, "layer": null, "bridge": null, "shoulder:line": null, "shoulder:bicycle": null, "shoulder": null, "junction": null, "railway": null, "is_in": null, "abandoned:railway": null, "sidewalk": null, "lit": null, "razed:railway": null, "old_name": null, "short_name": null, "postal_code": null, "bicycle": null, "access": null, "lanes": null, "surface": null, "maxspeed:type": null, "maxspeed": null, "oneway": null, "name:etymology:wikidata": null, "name:etymology": null, "ref": null, "nat_name": null, "name": null, "designation": null, "Road_Class": "Barangay Road" }, "geometry": { "type": "MultiLineString", "coordinates": [ [ [ 121.4827226, 14.3067824 ], [ 121.4829142, 14.3069724 ] ] ] } },
{ "type": "Feature", "properties": { "full_id": "w684551121", "osm_id": "684551121", "osm_type": "way", "highway": "secondary", "motor_vehicle": null, "bus_bay": null, "embankment": null, "handrail": null, "tunnel": null, "covered": null, "horse": null, "description": null, "bridge:structure": null, "bridge:name": null, "source_ref": null, "width": null, "motorcycle": null, "service": null, "reg_name": null, "foot": null, "source:name": null, "narrow": null, "source:nat_name": null, "shoulder:surface": null, "overtaking": null, "maxweight": null, "layer": null, "bridge": null, "shoulder:line": null, "shoulder:bicycle": null, "shoulder": null, "junction": null, "railway": null, "is_in": null, "abandoned:railway": null, "sidewalk": null, "lit": null, "razed:railway": null, "old_name": null, "short_name": null, "postal_code": null, "bicycle": null, "access": null, "lanes": "2", "surface": "asphalt", "maxspeed:type": null, "maxspeed": null, "oneway": null, "name:etymology:wikidata": null, "name:etymology": null, "ref": "602-2", "nat_name": null, "name": "Caliraya-Cavinti Arterial Road", "designation": null, "Road_Class": "Provincial Road" }, "geometry": { "type": "MultiLineString", "coordinates": [ [ [ 121.4733515, 14.3113126 ], [ 121.4734653, 14.3114071 ], [ 121.4735685, 14.3114464 ], [ 121.473676, 14.3114815 ], [ 121.4738083, 14.3115022 ], [ 121.4740244, 14.3115077 ], [ 121.4741731, 14.3114942 ], [ 121.4742674, 14.311514 ], [ 121.4743269, 14.3115511 ], [ 121.4743858, 14.3115983 ], [ 121.4744511, 14.3116789 ] ] ] } },
{ "type": "Feature", "properties": { "full_id": "w860516730", "osm_id": "860516730", "osm_type": "way", "highway": "residential", "motor_vehicle": null, "bus_bay": null, "embankment": null, "handrail": null, "tunnel": null, "covered": null, "horse": null, "description": null, "bridge:structure": null, "bridge:name": null, "source_ref": null, "width": null, "motorcycle": null, "service": null, "reg_name": null, "foot": null, "source:name": null, "narrow": null, "source:nat_name": null, "shoulder:surface": null, "overtaking": null, "maxweight": null, "layer": null, "bridge": null, "shoulder:line": null, "shoulder:bicycle": null, "shoulder": null, "junction": null, "railway": null, "is_in": null, "abandoned:railway": null, "sidewalk": null, "lit": null, "razed:railway": null, "old_name": null, "short_name": null, "postal_code": null, "bicycle": null, "access": null, "lanes": "1", "surface": null, "maxspeed:type": null, "maxspeed": null, "oneway": "yes", "name:etymology:wikidata": null, "name:etymology": null, "ref": null, "nat_name": null, "name": null, "designation": null, "Road_Class": "Barangay Road" }, "geometry": { "type": "MultiLineString", "coordinates": [ [ [ 121.4609259, 14.2974248 ], [ 121.4603174, 14.2973264 ] ] ] } },
{ "type": "Feature", "properties": { "full_id": "w886956683", "osm_id": "886956683", "osm_type": "way", "highway": "service", "motor_vehicle": null, "bus_bay": null, "embankment": null, "handrail": null, "tunnel": null, "covered": null, "horse": null, "description": null, "bridge:structure": null, "bridge:name": null, "source_ref": null, "width": null, "motorcycle": null, "service": null, "reg_name": null, "foot": null, "source:name": null, "narrow": null, "source:nat_name": null, "shoulder:surface": null, "overtaking": null, "maxweight": null, "layer": null, "bridge": null, "shoulder:line": null, "shoulder:bicycle": null, "shoulder": null, "junction": null, "railway": null, "is_in": null, "abandoned:railway": null, "sidewalk": null, "lit": null, "razed:railway": null, "old_name": null, "short_name": null, "postal_code": null, "bicycle": null, "access": null, "lanes": null, "surface": null, "maxspeed:type": null, "maxspeed": null, "oneway": null, "name:etymology:wikidata": null, "name:etymology": null, "ref": null, "nat_name": null, "name": null, "designation": null, "Road_Class": "Barangay Road" }, "geometry": { "type": "MultiLineString", "coordinates": [ [ [ 121.4717009, 14.3154499 ], [ 121.4719525, 14.3156772 ], [ 121.47208384574563, 14.315836167684424 ] ] ] } },
{ "type": "Feature", "properties": { "full_id": "w887716802", "osm_id": "887716802", "osm_type": "way", "highway": "service", "motor_vehicle": null, "bus_bay": null, "embankment": null, "handrail": null, "tunnel": null, "covered": null, "horse": null, "description": null, "bridge:structure": null, "bridge:name": null, "source_ref": null, "width": null, "motorcycle": null, "service": null, "reg_name": null, "foot": null, "source:name": null, "narrow": null, "source:nat_name": null, "shoulder:surface": null, "overtaking": null, "maxweight": null, "layer": null, "bridge": null, "shoulder:line": null, "shoulder:bicycle": null, "shoulder": null, "junction": null, "railway": null, "is_in": null, "abandoned:railway": null, "sidewalk": null, "lit": null, "razed:railway": null, "old_name": null, "short_name": null, "postal_code": null, "bicycle": null, "access": null, "lanes": null, "surface": null, "maxspeed:type": null, "maxspeed": null, "oneway": null, "name:etymology:wikidata": null, "name:etymology": null, "ref": null, "nat_name": null, "name": null, "designation": null, "Road_Class": "Barangay Road" }, "geometry": { "type": "MultiLineString", "coordinates": [ [ [ 121.4921797, 14.299206 ], [ 121.4923632, 14.2993152 ], [ 121.4924142, 14.2993698 ], [ 121.4924276, 14.2995648 ] ] ] } },
{ "type": "Feature", "properties": { "full_id": "w887716803", "osm_id": "887716803", "osm_type": "way", "highway": "service", "motor_vehicle": null, "bus_bay": null, "embankment": null, "handrail": null, "tunnel": null, "covered": null, "horse": null, "description": null, "bridge:structure": null, "bridge:name": null, "source_ref": null, "width": null, "motorcycle": null, "service": null, "reg_name": null, "foot": null, "source:name": null, "narrow": null, "source:nat_name": null, "shoulder:surface": null, "overtaking": null, "maxweight": null, "layer": null, "bridge": null, "shoulder:line": null, "shoulder:bicycle": null, "shoulder": null, "junction": null, "railway": null, "is_in": null, "abandoned:railway": null, "sidewalk": null, "lit": null, "razed:railway": null, "old_name": null, "short_name": null, "postal_code": null, "bicycle": null, "access": null, "lanes": null, "surface": null, "maxspeed:type": null, "maxspeed": null, "oneway": null, "name:etymology:wikidata": null, "name:etymology": null, "ref": null, "nat_name": null, "name": null, "designation": null, "Road_Class": "Barangay Road" }, "geometry": { "type": "MultiLineString", "coordinates": [ [ [ 121.4899884, 14.3015613 ], [ 121.490314, 14.3017324 ], [ 121.4903569, 14.3018065 ], [ 121.4903931, 14.3018741 ] ] ] } },
{ "type": "Feature", "properties": { "full_id": "w887716804", "osm_id": "887716804", "osm_type": "way", "highway": "service", "motor_vehicle": null, "bus_bay": null, "embankment": null, "handrail": null, "tunnel": null, "covered": null, "horse": null, "description": null, "bridge:structure": null, "bridge:name": null, "source_ref": null, "width": null, "motorcycle": null, "service": null, "reg_name": null, "foot": null, "source:name": null, "narrow": null, "source:nat_name": null, "shoulder:surface": null, "overtaking": null, "maxweight": null, "layer": null, "bridge": null, "shoulder:line": null, "shoulder:bicycle": null, "shoulder": null, "junction": null, "railway": null, "is_in": null, "abandoned:railway": null, "sidewalk": null, "lit": null, "razed:railway": null, "old_name": null, "short_name": null, "postal_code": null, "bicycle": null, "access": null, "lanes": null, "surface": null, "maxspeed:type": null, "maxspeed": null, "oneway": null, "name:etymology:wikidata": null, "name:etymology": null, "ref": null, "nat_name": null, "name": null, "designation": null, "Road_Class": "Barangay Road" }, "geometry": { "type": "MultiLineString", "coordinates": [ [ [ 121.4783098, 14.3062049 ], [ 121.4784855, 14.3060962 ], [ 121.4786732, 14.3058857 ] ] ] } },
{ "type": "Feature", "properties": { "full_id": "w961538055", "osm_id": "961538055", "osm_type": "way", "highway": "service", "motor_vehicle": null, "bus_bay": null, "embankment": null, "handrail": null, "tunnel": null, "covered": null, "horse": null, "description": null, "bridge:structure": null, "bridge:name": null, "source_ref": null, "width": null, "motorcycle": null, "service": null, "reg_name": null, "foot": null, "source:name": null, "narrow": null, "source:nat_name": null, "shoulder:surface": null, "overtaking": null, "maxweight": null, "layer": null, "bridge": null, "shoulder:line": null, "shoulder:bicycle": null, "shoulder": null, "junction": null, "railway": null, "is_in": null, "abandoned:railway": null, "sidewalk": null, "lit": null, "razed:railway": null, "old_name": null, "short_name": null, "postal_code": null, "bicycle": null, "access": null, "lanes": null, "surface": null, "maxspeed:type": null, "maxspeed": null, "oneway": null, "name:etymology:wikidata": null, "name:etymology": null, "ref": null, "nat_name": null, "name": null, "designation": null, "Road_Class": "Barangay Road" }, "geometry": { "type": "MultiLineString", "coordinates": [ [ [ 121.4630964, 14.3046698 ], [ 121.4632374, 14.304219 ] ] ] } },
{ "type": "Feature", "properties": { "full_id": "w961553519", "osm_id": "961553519", "osm_type": "way", "highway": "unclassified", "motor_vehicle": null, "bus_bay": null, "embankment": null, "handrail": null, "tunnel": null, "covered": null, "horse": null, "description": null, "bridge:structure": null, "bridge:name": null, "source_ref": null, "width": null, "motorcycle": null, "service": null, "reg_name": null, "foot": null, "source:name": null, "narrow": null, "source:nat_name": null, "shoulder:surface": null, "overtaking": null, "maxweight": null, "layer": null, "bridge": null, "shoulder:line": null, "shoulder:bicycle": null, "shoulder": null, "junction": null, "railway": null, "is_in": null, "abandoned:railway": null, "sidewalk": null, "lit": null, "razed:railway": null, "old_name": null, "short_name": null, "postal_code": null, "bicycle": null, "access": null, "lanes": null, "surface": null, "maxspeed:type": null, "maxspeed": null, "oneway": null, "name:etymology:wikidata": null, "name:etymology": null, "ref": null, "nat_name": null, "name": null, "designation": null, "Road_Class": "Barangay Road" }, "geometry": { "type": "MultiLineString", "coordinates": [ [ [ 121.4610882, 14.2982806 ], [ 121.4610377, 14.2982392 ], [ 121.4609299, 14.2980985 ] ] ] } },
{ "type": "Feature", "properties": { "full_id": "w961553520", "osm_id": "961553520", "osm_type": "way", "highway": "unclassified", "motor_vehicle": null, "bus_bay": null, "embankment": null, "handrail": null, "tunnel": null, "covered": null, "horse": null, "description": null, "bridge:structure": null, "bridge:name": null, "source_ref": null, "width": null, "motorcycle": null, "service": null, "reg_name": null, "foot": null, "source:name": null, "narrow": null, "source:nat_name": null, "shoulder:surface": null, "overtaking": null, "maxweight": null, "layer": "1", "bridge": "yes", "shoulder:line": null, "shoulder:bicycle": null, "shoulder": null, "junction": null, "railway": null, "is_in": null, "abandoned:railway": null, "sidewalk": null, "lit": null, "razed:railway": null, "old_name": null, "short_name": null, "postal_code": null, "bicycle": null, "access": null, "lanes": null, "surface": null, "maxspeed:type": null, "maxspeed": null, "oneway": null, "name:etymology:wikidata": null, "name:etymology": null, "ref": null, "nat_name": null, "name": null, "designation": null, "Road_Class": "Barangay Road" }, "geometry": { "type": "MultiLineString", "coordinates": [ [ [ 121.4611707, 14.2982971 ], [ 121.4610882, 14.2982806 ] ] ] } },
{ "type": "Feature", "properties": { "full_id": "w961559519", "osm_id": "961559519", "osm_type": "way", "highway": "service", "motor_vehicle": null, "bus_bay": null, "embankment": null, "handrail": null, "tunnel": null, "covered": null, "horse": null, "description": null, "bridge:structure": null, "bridge:name": null, "source_ref": null, "width": null, "motorcycle": null, "service": null, "reg_name": null, "foot": null, "source:name": null, "narrow": null, "source:nat_name": null, "shoulder:surface": null, "overtaking": null, "maxweight": null, "layer": null, "bridge": null, "shoulder:line": null, "shoulder:bicycle": null, "shoulder": null, "junction": null, "railway": null, "is_in": null, "abandoned:railway": null, "sidewalk": null, "lit": null, "razed:railway": null, "old_name": null, "short_name": null, "postal_code": null, "bicycle": null, "access": null, "lanes": null, "surface": null, "maxspeed:type": null, "maxspeed": null, "oneway": null, "name:etymology:wikidata": null, "name:etymology": null, "ref": null, "nat_name": null, "name": null, "designation": null, "Road_Class": "Barangay Road" }, "geometry": { "type": "MultiLineString", "coordinates": [ [ [ 121.4610377, 14.2982392 ], [ 121.4609972, 14.2983235 ], [ 121.4609788, 14.2983824 ], [ 121.460964, 14.2984432 ], [ 121.4609603, 14.2984914 ] ] ] } },
{ "type": "Feature", "properties": { "full_id": "w961870414", "osm_id": "961870414", "osm_type": "way", "highway": "service", "motor_vehicle": null, "bus_bay": null, "embankment": null, "handrail": null, "tunnel": null, "covered": null, "horse": null, "description": null, "bridge:structure": null, "bridge:name": null, "source_ref": null, "width": null, "motorcycle": null, "service": null, "reg_name": null, "foot": null, "source:name": null, "narrow": null, "source:nat_name": null, "shoulder:surface": null, "overtaking": null, "maxweight": null, "layer": null, "bridge": null, "shoulder:line": null, "shoulder:bicycle": null, "shoulder": null, "junction": null, "railway": null, "is_in": null, "abandoned:railway": null, "sidewalk": null, "lit": null, "razed:railway": null, "old_name": null, "short_name": null, "postal_code": null, "bicycle": null, "access": null, "lanes": null, "surface": null, "maxspeed:type": null, "maxspeed": null, "oneway": null, "name:etymology:wikidata": null, "name:etymology": null, "ref": null, "nat_name": null, "name": null, "designation": null, "Road_Class": "Barangay Road" }, "geometry": { "type": "MultiLineString", "coordinates": [ [ [ 121.4715419, 14.30923 ], [ 121.4716311, 14.309176 ] ] ] } },
{ "type": "Feature", "properties": { "full_id": "w962427618", "osm_id": "962427618", "osm_type": "way", "highway": "service", "motor_vehicle": null, "bus_bay": null, "embankment": null, "handrail": null, "tunnel": null, "covered": null, "horse": null, "description": null, "bridge:structure": null, "bridge:name": null, "source_ref": null, "width": null, "motorcycle": null, "service": null, "reg_name": null, "foot": null, "source:name": null, "narrow": null, "source:nat_name": null, "shoulder:surface": null, "overtaking": null, "maxweight": null, "layer": null, "bridge": null, "shoulder:line": null, "shoulder:bicycle": null, "shoulder": null, "junction": null, "railway": null, "is_in": null, "abandoned:railway": null, "sidewalk": null, "lit": null, "razed:railway": null, "old_name": null, "short_name": null, "postal_code": null, "bicycle": null, "access": null, "lanes": null, "surface": null, "maxspeed:type": null, "maxspeed": null, "oneway": null, "name:etymology:wikidata": null, "name:etymology": null, "ref": null, "nat_name": null, "name": null, "designation": null, "Road_Class": "Barangay Road" }, "geometry": { "type": "MultiLineString", "coordinates": [ [ [ 121.4668735, 14.3028565 ], [ 121.4669453, 14.302863 ], [ 121.4669707, 14.3028637 ], [ 121.4669895, 14.3028591 ], [ 121.4670123, 14.3028448 ], [ 121.4670452, 14.3028045 ], [ 121.467182, 14.3026161 ] ] ] } },
{ "type": "Feature", "properties": { "full_id": "w962427619", "osm_id": "962427619", "osm_type": "way", "highway": "service", "motor_vehicle": null, "bus_bay": null, "embankment": null, "handrail": null, "tunnel": null, "covered": null, "horse": null, "description": null, "bridge:structure": null, "bridge:name": null, "source_ref": null, "width": null, "motorcycle": null, "service": null, "reg_name": null, "foot": null, "source:name": null, "narrow": null, "source:nat_name": null, "shoulder:surface": null, "overtaking": null, "maxweight": null, "layer": null, "bridge": null, "shoulder:line": null, "shoulder:bicycle": null, "shoulder": null, "junction": null, "railway": null, "is_in": null, "abandoned:railway": null, "sidewalk": null, "lit": null, "razed:railway": null, "old_name": null, "short_name": null, "postal_code": null, "bicycle": null, "access": null, "lanes": null, "surface": null, "maxspeed:type": null, "maxspeed": null, "oneway": null, "name:etymology:wikidata": null, "name:etymology": null, "ref": null, "nat_name": null, "name": null, "designation": null, "Road_Class": "Barangay Road" }, "geometry": { "type": "MultiLineString", "coordinates": [ [ [ 121.4667137, 14.3033832 ], [ 121.466791, 14.3032607 ], [ 121.4668393, 14.3031658 ], [ 121.4668755, 14.3030735 ], [ 121.4668903, 14.3029904 ], [ 121.4668735, 14.3028565 ], [ 121.4668494, 14.3027532 ] ] ] } },
{ "type": "Feature", "properties": { "full_id": "w1148136740", "osm_id": "1148136740", "osm_type": "way", "highway": "primary", "motor_vehicle": null, "bus_bay": null, "embankment": null, "handrail": null, "tunnel": null, "covered": null, "horse": null, "description": null, "bridge:structure": null, "bridge:name": null, "source_ref": null, "width": null, "motorcycle": null, "service": null, "reg_name": null, "foot": null, "source:name": null, "narrow": null, "source:nat_name": null, "shoulder:surface": null, "overtaking": null, "maxweight": null, "layer": null, "bridge": null, "shoulder:line": null, "shoulder:bicycle": null, "shoulder": null, "junction": null, "railway": null, "is_in": null, "abandoned:railway": null, "sidewalk": null, "lit": null, "razed:railway": null, "old_name": null, "short_name": null, "postal_code": null, "bicycle": null, "access": null, "lanes": "2", "surface": "asphalt", "maxspeed:type": null, "maxspeed": null, "oneway": null, "name:etymology:wikidata": null, "name:etymology": null, "ref": "66", "nat_name": "Calamba-Santa Cruz-Famy Junction Road", "name": "Zamora Street", "designation": "national_secondary_road", "Road_Class": "National Road" }, "geometry": { "type": "MultiLineString", "coordinates": [ [ [ 121.461652, 14.2925075 ], [ 121.4613296, 14.2923963 ], [ 121.4610353, 14.2922949 ], [ 121.4607853, 14.2922087 ], [ 121.4604647, 14.2920982 ], [ 121.4603453, 14.292057 ], [ 121.4602017, 14.2920075 ] ] ] } },
{ "type": "Feature", "properties": { "full_id": "w1259361926", "osm_id": "1259361926", "osm_type": "way", "highway": "primary", "motor_vehicle": null, "bus_bay": null, "embankment": null, "handrail": null, "tunnel": null, "covered": null, "horse": null, "description": "Aqueduct", "bridge:structure": null, "bridge:name": null, "source_ref": null, "width": null, "motorcycle": null, "service": null, "reg_name": null, "foot": null, "source:name": null, "narrow": null, "source:nat_name": null, "shoulder:surface": null, "overtaking": null, "maxweight": null, "layer": null, "bridge": null, "shoulder:line": null, "shoulder:bicycle": null, "shoulder": null, "junction": null, "railway": null, "is_in": null, "abandoned:railway": null, "sidewalk": null, "lit": null, "razed:railway": null, "old_name": null, "short_name": null, "postal_code": null, "bicycle": null, "access": null, "lanes": "2", "surface": "asphalt", "maxspeed:type": null, "maxspeed": null, "oneway": null, "name:etymology:wikidata": null, "name:etymology": null, "ref": "66", "nat_name": "Calamba-Santa Cruz-Famy Junction Road", "name": "National Highway", "designation": null, "Road_Class": "National Road" }, "geometry": { "type": "MultiLineString", "coordinates": [ [ [ 121.474388307730862, 14.316640625675927 ], [ 121.4736589, 14.3156123 ] ] ] } },
{ "type": "Feature", "properties": { "full_id": "w1309222982", "osm_id": "1309222982", "osm_type": "way", "highway": "pedestrian", "motor_vehicle": null, "bus_bay": null, "embankment": null, "handrail": null, "tunnel": null, "covered": null, "horse": null, "description": null, "bridge:structure": null, "bridge:name": null, "source_ref": null, "width": null, "motorcycle": null, "service": null, "reg_name": null, "foot": null, "source:name": null, "narrow": null, "source:nat_name": null, "shoulder:surface": null, "overtaking": null, "maxweight": null, "layer": null, "bridge": null, "shoulder:line": null, "shoulder:bicycle": null, "shoulder": null, "junction": null, "railway": null, "is_in": null, "abandoned:railway": null, "sidewalk": null, "lit": null, "razed:railway": null, "old_name": null, "short_name": null, "postal_code": null, "bicycle": null, "access": null, "lanes": null, "surface": null, "maxspeed:type": null, "maxspeed": null, "oneway": null, "name:etymology:wikidata": null, "name:etymology": null, "ref": null, "nat_name": null, "name": null, "designation": null, "Road_Class": "Other" }, "geometry": { "type": "MultiLineString", "coordinates": [ [ [ 121.4612679, 14.292672 ], [ 121.4615828, 14.2927369 ] ] ] } },
{ "type": "Feature", "properties": { "full_id": "w1309222983", "osm_id": "1309222983", "osm_type": "way", "highway": "residential", "motor_vehicle": null, "bus_bay": null, "embankment": null, "handrail": null, "tunnel": null, "covered": null, "horse": null, "description": null, "bridge:structure": null, "bridge:name": null, "source_ref": null, "width": null, "motorcycle": null, "service": null, "reg_name": null, "foot": null, "source:name": null, "narrow": null, "source:nat_name": null, "shoulder:surface": null, "overtaking": null, "maxweight": null, "layer": null, "bridge": null, "shoulder:line": null, "shoulder:bicycle": null, "shoulder": null, "junction": null, "railway": null, "is_in": null, "abandoned:railway": null, "sidewalk": "no", "lit": "yes", "razed:railway": null, "old_name": null, "short_name": null, "postal_code": null, "bicycle": null, "access": null, "lanes": "2", "surface": "asphalt", "maxspeed:type": null, "maxspeed": null, "oneway": null, "name:etymology:wikidata": null, "name:etymology": null, "ref": null, "nat_name": null, "name": "Bonifacio Street", "designation": null, "Road_Class": "Barangay Road" }, "geometry": { "type": "MultiLineString", "coordinates": [ [ [ 121.4613296, 14.2923963 ], [ 121.4612679, 14.292672 ] ] ] } },
{ "type": "Feature", "properties": { "full_id": "w1309222984", "osm_id": "1309222984", "osm_type": "way", "highway": "residential", "motor_vehicle": null, "bus_bay": null, "embankment": null, "handrail": null, "tunnel": null, "covered": null, "horse": null, "description": null, "bridge:structure": null, "bridge:name": null, "source_ref": null, "width": null, "motorcycle": null, "service": null, "reg_name": null, "foot": null, "source:name": null, "narrow": null, "source:nat_name": null, "shoulder:surface": null, "overtaking": null, "maxweight": null, "layer": null, "bridge": null, "shoulder:line": null, "shoulder:bicycle": null, "shoulder": null, "junction": null, "railway": null, "is_in": null, "abandoned:railway": null, "sidewalk": "no", "lit": "yes", "razed:railway": null, "old_name": null, "short_name": null, "postal_code": null, "bicycle": null, "access": null, "lanes": "2", "surface": "asphalt", "maxspeed:type": null, "maxspeed": null, "oneway": null, "name:etymology:wikidata": null, "name:etymology": null, "ref": null, "nat_name": null, "name": "Bonifacio Street", "designation": null, "Road_Class": "Barangay Road" }, "geometry": { "type": "MultiLineString", "coordinates": [ [ [ 121.4612679, 14.292672 ], [ 121.4611749, 14.2930982 ] ] ] } },
{ "type": "Feature", "properties": { "full_id": "w1309222985", "osm_id": "1309222985", "osm_type": "way", "highway": "pedestrian", "motor_vehicle": null, "bus_bay": null, "embankment": null, "handrail": null, "tunnel": null, "covered": null, "horse": null, "description": null, "bridge:structure": null, "bridge:name": null, "source_ref": null, "width": null, "motorcycle": null, "service": null, "reg_name": null, "foot": null, "source:name": null, "narrow": null, "source:nat_name": null, "shoulder:surface": null, "overtaking": null, "maxweight": null, "layer": null, "bridge": null, "shoulder:line": null, "shoulder:bicycle": null, "shoulder": null, "junction": null, "railway": null, "is_in": null, "abandoned:railway": null, "sidewalk": null, "lit": null, "razed:railway": null, "old_name": null, "short_name": null, "postal_code": null, "bicycle": null, "access": null, "lanes": null, "surface": null, "maxspeed:type": null, "maxspeed": null, "oneway": null, "name:etymology:wikidata": null, "name:etymology": null, "ref": null, "nat_name": null, "name": null, "designation": null, "Road_Class": "Other" }, "geometry": { "type": "MultiLineString", "coordinates": [ [ [ 121.4611749, 14.2930982 ], [ 121.4614819, 14.2931516 ] ] ] } },
{ "type": "Feature", "properties": { "full_id": "w77453035", "osm_id": "77453035", "osm_type": "way", "highway": "residential", "motor_vehicle": null, "bus_bay": null, "embankment": null, "handrail": null, "tunnel": null, "covered": null, "horse": null, "description": null, "bridge:structure": null, "bridge:name": null, "source_ref": null, "width": null, "motorcycle": null, "service": null, "reg_name": null, "foot": null, "source:name": null, "narrow": null, "source:nat_name": null, "shoulder:surface": null, "overtaking": null, "maxweight": null, "layer": null, "bridge": null, "shoulder:line": null, "shoulder:bicycle": null, "shoulder": null, "junction": null, "railway": null, "is_in": null, "abandoned:railway": null, "sidewalk": null, "lit": null, "razed:railway": null, "old_name": null, "short_name": null, "postal_code": null, "bicycle": null, "access": null, "lanes": null, "surface": null, "maxspeed:type": null, "maxspeed": null, "oneway": null, "name:etymology:wikidata": null, "name:etymology": null, "ref": null, "nat_name": null, "name": null, "designation": null, "Road_Class": "Barangay Road" }, "geometry": { "type": "MultiLineString", "coordinates": [ [ [ 121.4591776, 14.2978706 ], [ 121.4597837, 14.2979554 ] ] ] } },
{ "type": "Feature", "properties": { "full_id": "w96027958", "osm_id": "96027958", "osm_type": "way", "highway": "residential", "motor_vehicle": null, "bus_bay": null, "embankment": null, "handrail": null, "tunnel": null, "covered": null, "horse": null, "description": null, "bridge:structure": null, "bridge:name": null, "source_ref": null, "width": null, "motorcycle": null, "service": null, "reg_name": null, "foot": null, "source:name": null, "narrow": null, "source:nat_name": null, "shoulder:surface": null, "overtaking": null, "maxweight": null, "layer": null, "bridge": null, "shoulder:line": null, "shoulder:bicycle": null, "shoulder": null, "junction": null, "railway": null, "is_in": null, "abandoned:railway": null, "sidewalk": "no", "lit": "yes", "razed:railway": null, "old_name": null, "short_name": null, "postal_code": null, "bicycle": null, "access": null, "lanes": "2", "surface": "asphalt", "maxspeed:type": null, "maxspeed": null, "oneway": null, "name:etymology:wikidata": null, "name:etymology": null, "ref": null, "nat_name": null, "name": "Bonifacio Street", "designation": null, "Road_Class": "Barangay Road" }, "geometry": { "type": "MultiLineString", "coordinates": [ [ [ 121.4603174, 14.2973264 ], [ 121.4602035, 14.2980028 ] ] ] } },
{ "type": "Feature", "properties": { "full_id": "w96052664", "osm_id": "96052664", "osm_type": "way", "highway": "residential", "motor_vehicle": null, "bus_bay": null, "embankment": null, "handrail": null, "tunnel": null, "covered": null, "horse": null, "description": null, "bridge:structure": null, "bridge:name": null, "source_ref": null, "width": null, "motorcycle": null, "service": null, "reg_name": null, "foot": null, "source:name": null, "narrow": null, "source:nat_name": null, "shoulder:surface": null, "overtaking": null, "maxweight": null, "layer": null, "bridge": null, "shoulder:line": null, "shoulder:bicycle": null, "shoulder": null, "junction": null, "railway": null, "is_in": null, "abandoned:railway": null, "sidewalk": null, "lit": null, "razed:railway": null, "old_name": null, "short_name": null, "postal_code": null, "bicycle": null, "access": null, "lanes": null, "surface": null, "maxspeed:type": null, "maxspeed": null, "oneway": null, "name:etymology:wikidata": null, "name:etymology": null, "ref": null, "nat_name": null, "name": null, "designation": null, "Road_Class": "Barangay Road" }, "geometry": { "type": "MultiLineString", "coordinates": [ [ [ 121.4591776, 14.2978706 ], [ 121.459141, 14.2978667 ], [ 121.458942, 14.2978607 ] ] ] } },
{ "type": "Feature", "properties": { "full_id": "w111483520", "osm_id": "111483520", "osm_type": "way", "highway": "tertiary", "motor_vehicle": null, "bus_bay": null, "embankment": null, "handrail": null, "tunnel": null, "covered": null, "horse": null, "description": null, "bridge:structure": null, "bridge:name": null, "source_ref": null, "width": null, "motorcycle": null, "service": null, "reg_name": null, "foot": null, "source:name": null, "narrow": null, "source:nat_name": null, "shoulder:surface": null, "overtaking": null, "maxweight": null, "layer": null, "bridge": null, "shoulder:line": null, "shoulder:bicycle": null, "shoulder": null, "junction": null, "railway": null, "is_in": null, "abandoned:railway": null, "sidewalk": null, "lit": null, "razed:railway": null, "old_name": null, "short_name": null, "postal_code": null, "bicycle": null, "access": null, "lanes": null, "surface": null, "maxspeed:type": null, "maxspeed": null, "oneway": null, "name:etymology:wikidata": null, "name:etymology": null, "ref": null, "nat_name": null, "name": "General Luna Street", "designation": null, "Road_Class": "Municipal Road" }, "geometry": { "type": "MultiLineString", "coordinates": [ [ [ 121.4597837, 14.2979554 ], [ 121.4598428, 14.2972996 ], [ 121.4597817, 14.2971991 ] ] ] } },
{ "type": "Feature", "properties": { "full_id": "w143793008", "osm_id": "143793008", "osm_type": "way", "highway": "service", "motor_vehicle": null, "bus_bay": null, "embankment": null, "handrail": null, "tunnel": null, "covered": null, "horse": null, "description": null, "bridge:structure": null, "bridge:name": null, "source_ref": null, "width": null, "motorcycle": null, "service": null, "reg_name": null, "foot": null, "source:name": null, "narrow": null, "source:nat_name": null, "shoulder:surface": null, "overtaking": null, "maxweight": null, "layer": null, "bridge": null, "shoulder:line": null, "shoulder:bicycle": null, "shoulder": null, "junction": null, "railway": null, "is_in": null, "abandoned:railway": null, "sidewalk": null, "lit": null, "razed:railway": null, "old_name": null, "short_name": null, "postal_code": null, "bicycle": null, "access": null, "lanes": null, "surface": null, "maxspeed:type": null, "maxspeed": null, "oneway": null, "name:etymology:wikidata": null, "name:etymology": null, "ref": null, "nat_name": null, "name": null, "designation": null, "Road_Class": "Barangay Road" }, "geometry": { "type": "MultiLineString", "coordinates": [ [ [ 121.4591965, 14.2971151 ], [ 121.4591694, 14.2972605 ], [ 121.45914, 14.2978148 ], [ 121.459141, 14.2978667 ] ] ] } },
{ "type": "Feature", "properties": { "full_id": "w333926335", "osm_id": "333926335", "osm_type": "way", "highway": "residential", "motor_vehicle": null, "bus_bay": null, "embankment": null, "handrail": null, "tunnel": null, "covered": null, "horse": null, "description": null, "bridge:structure": null, "bridge:name": null, "source_ref": null, "width": null, "motorcycle": null, "service": null, "reg_name": null, "foot": null, "source:name": null, "narrow": null, "source:nat_name": null, "shoulder:surface": null, "overtaking": null, "maxweight": null, "layer": null, "bridge": null, "shoulder:line": null, "shoulder:bicycle": null, "shoulder": null, "junction": null, "railway": null, "is_in": null, "abandoned:railway": null, "sidewalk": null, "lit": null, "razed:railway": null, "old_name": null, "short_name": null, "postal_code": null, "bicycle": null, "access": null, "lanes": null, "surface": null, "maxspeed:type": null, "maxspeed": null, "oneway": null, "name:etymology:wikidata": null, "name:etymology": null, "ref": null, "nat_name": null, "name": null, "designation": null, "Road_Class": "Barangay Road" }, "geometry": { "type": "MultiLineString", "coordinates": [ [ [ 121.4602035, 14.2980028 ], [ 121.4597837, 14.2979554 ] ] ] } },
{ "type": "Feature", "properties": { "full_id": "w23434036", "osm_id": "23434036", "osm_type": "way", "highway": "tertiary", "motor_vehicle": null, "bus_bay": null, "embankment": null, "handrail": null, "tunnel": null, "covered": null, "horse": null, "description": null, "bridge:structure": null, "bridge:name": null, "source_ref": null, "width": null, "motorcycle": null, "service": null, "reg_name": null, "foot": null, "source:name": null, "narrow": null, "source:nat_name": null, "shoulder:surface": null, "overtaking": null, "maxweight": null, "layer": null, "bridge": null, "shoulder:line": null, "shoulder:bicycle": null, "shoulder": null, "junction": null, "railway": null, "is_in": null, "abandoned:railway": null, "sidewalk": null, "lit": null, "razed:railway": null, "old_name": null, "short_name": null, "postal_code": null, "bicycle": null, "access": null, "lanes": null, "surface": null, "maxspeed:type": null, "maxspeed": null, "oneway": "yes", "name:etymology:wikidata": "Q1500", "name:etymology": "José Rizal", "ref": null, "nat_name": null, "name": "J. P. Rizal Street", "designation": null, "Road_Class": "Municipal Road" }, "geometry": { "type": "MultiLineString", "coordinates": [ [ [ 121.4603453, 14.292057 ], [ 121.460214, 14.2924768 ], [ 121.4601158, 14.2928954 ], [ 121.4600098, 14.2933251 ], [ 121.4599202, 14.2937744 ], [ 121.4598231, 14.2941761 ], [ 121.4597156, 14.2946483 ], [ 121.4596586, 14.294954 ], [ 121.459577, 14.2953713 ] ] ] } },
{ "type": "Feature", "properties": { "full_id": "w35601201", "osm_id": "35601201", "osm_type": "way", "highway": "residential", "motor_vehicle": null, "bus_bay": null, "embankment": null, "handrail": null, "tunnel": null, "covered": null, "horse": null, "description": null, "bridge:structure": null, "bridge:name": null, "source_ref": null, "width": null, "motorcycle": null, "service": null, "reg_name": null, "foot": null, "source:name": null, "narrow": null, "source:nat_name": null, "shoulder:surface": null, "overtaking": null, "maxweight": null, "layer": null, "bridge": null, "shoulder:line": null, "shoulder:bicycle": null, "shoulder": null, "junction": null, "railway": null, "is_in": null, "abandoned:railway": null, "sidewalk": null, "lit": null, "razed:railway": null, "old_name": null, "short_name": null, "postal_code": null, "bicycle": null, "access": "private", "lanes": null, "surface": null, "maxspeed:type": null, "maxspeed": null, "oneway": null, "name:etymology:wikidata": null, "name:etymology": null, "ref": null, "nat_name": null, "name": null, "designation": null, "Road_Class": "Barangay Road" }, "geometry": { "type": "MultiLineString", "coordinates": [ [ [ 121.4552065, 14.2888633 ], [ 121.4576818, 14.2892807 ] ] ] } },
{ "type": "Feature", "properties": { "full_id": "w96027973", "osm_id": "96027973", "osm_type": "way", "highway": "residential", "motor_vehicle": null, "bus_bay": null, "embankment": null, "handrail": null, "tunnel": null, "covered": null, "horse": null, "description": null, "bridge:structure": null, "bridge:name": null, "source_ref": null, "width": null, "motorcycle": null, "service": null, "reg_name": null, "foot": null, "source:name": null, "narrow": null, "source:nat_name": null, "shoulder:surface": null, "overtaking": null, "maxweight": null, "layer": null, "bridge": null, "shoulder:line": null, "shoulder:bicycle": null, "shoulder": null, "junction": null, "railway": null, "is_in": null, "abandoned:railway": null, "sidewalk": null, "lit": null, "razed:railway": null, "old_name": null, "short_name": null, "postal_code": null, "bicycle": null, "access": null, "lanes": null, "surface": null, "maxspeed:type": null, "maxspeed": null, "oneway": null, "name:etymology:wikidata": null, "name:etymology": null, "ref": null, "nat_name": null, "name": "Mabini Street", "designation": null, "Road_Class": "Barangay Road" }, "geometry": { "type": "MultiLineString", "coordinates": [ [ [ 121.4594579, 14.2971596 ], [ 121.45953, 14.2968477 ], [ 121.4595554, 14.2967393 ], [ 121.4596267, 14.2964192 ], [ 121.4597009, 14.2960685 ], [ 121.45984, 14.2954254 ], [ 121.4599297, 14.2950057 ], [ 121.4599897, 14.2947076 ], [ 121.460092, 14.2942405 ], [ 121.4601747, 14.2938278 ], [ 121.4602563, 14.2933737 ], [ 121.4603601, 14.2929394 ], [ 121.4604632, 14.2925342 ] ] ] } },
{ "type": "Feature", "properties": { "full_id": "w97661857", "osm_id": "97661857", "osm_type": "way", "highway": "residential", "motor_vehicle": null, "bus_bay": null, "embankment": null, "handrail": null, "tunnel": null, "covered": null, "horse": null, "description": null, "bridge:structure": null, "bridge:name": null, "source_ref": null, "width": null, "motorcycle": null, "service": null, "reg_name": null, "foot": null, "source:name": null, "narrow": null, "source:nat_name": null, "shoulder:surface": null, "overtaking": null, "maxweight": null, "layer": null, "bridge": null, "shoulder:line": null, "shoulder:bicycle": null, "shoulder": null, "junction": null, "railway": null, "is_in": null, "abandoned:railway": null, "sidewalk": null, "lit": null, "razed:railway": null, "old_name": null, "short_name": null, "postal_code": null, "bicycle": null, "access": null, "lanes": null, "surface": null, "maxspeed:type": null, "maxspeed": null, "oneway": null, "name:etymology:wikidata": null, "name:etymology": null, "ref": null, "nat_name": null, "name": null, "designation": null, "Road_Class": "Barangay Road" }, "geometry": { "type": "MultiLineString", "coordinates": [ [ [ 121.4586008, 14.2843244 ], [ 121.45857, 14.2842659 ], [ 121.4580684, 14.2842009 ], [ 121.4580228, 14.2843959 ], [ 121.4581886, 14.2844328 ], [ 121.4585646, 14.284505 ] ] ] } },
{ "type": "Feature", "properties": { "full_id": "w97661886", "osm_id": "97661886", "osm_type": "way", "highway": "residential", "motor_vehicle": null, "bus_bay": null, "embankment": null, "handrail": null, "tunnel": null, "covered": null, "horse": null, "description": null, "bridge:structure": null, "bridge:name": null, "source_ref": null, "width": null, "motorcycle": null, "service": null, "reg_name": null, "foot": null, "source:name": null, "narrow": null, "source:nat_name": null, "shoulder:surface": null, "overtaking": null, "maxweight": null, "layer": null, "bridge": null, "shoulder:line": null, "shoulder:bicycle": null, "shoulder": null, "junction": null, "railway": null, "is_in": null, "abandoned:railway": null, "sidewalk": null, "lit": null, "razed:railway": null, "old_name": null, "short_name": null, "postal_code": null, "bicycle": null, "access": null, "lanes": null, "surface": null, "maxspeed:type": null, "maxspeed": null, "oneway": null, "name:etymology:wikidata": null, "name:etymology": null, "ref": null, "nat_name": null, "name": null, "designation": null, "Road_Class": "Barangay Road" }, "geometry": { "type": "MultiLineString", "coordinates": [ [ [ 121.4582092, 14.2846367 ], [ 121.4585181, 14.284697 ] ] ] } },
{ "type": "Feature", "properties": { "full_id": "w97661902", "osm_id": "97661902", "osm_type": "way", "highway": "residential", "motor_vehicle": null, "bus_bay": null, "embankment": null, "handrail": null, "tunnel": null, "covered": null, "horse": null, "description": null, "bridge:structure": null, "bridge:name": null, "source_ref": null, "width": null, "motorcycle": null, "service": null, "reg_name": null, "foot": null, "source:name": null, "narrow": null, "source:nat_name": null, "shoulder:surface": null, "overtaking": null, "maxweight": null, "layer": null, "bridge": null, "shoulder:line": null, "shoulder:bicycle": null, "shoulder": null, "junction": null, "railway": null, "is_in": null, "abandoned:railway": null, "sidewalk": null, "lit": null, "razed:railway": null, "old_name": null, "short_name": null, "postal_code": null, "bicycle": null, "access": null, "lanes": null, "surface": "unpaved", "maxspeed:type": null, "maxspeed": null, "oneway": null, "name:etymology:wikidata": null, "name:etymology": null, "ref": null, "nat_name": null, "name": null, "designation": null, "Road_Class": "Barangay Road" }, "geometry": { "type": "MultiLineString", "coordinates": [ [ [ 121.4579783, 14.2881658 ], [ 121.4587859, 14.2883571 ], [ 121.4589288, 14.287843 ], [ 121.4589616, 14.2877281 ] ] ] } },
{ "type": "Feature", "properties": { "full_id": "w97661905", "osm_id": "97661905", "osm_type": "way", "highway": "residential", "motor_vehicle": null, "bus_bay": null, "embankment": null, "handrail": null, "tunnel": null, "covered": null, "horse": null, "description": null, "bridge:structure": null, "bridge:name": null, "source_ref": null, "width": null, "motorcycle": null, "service": null, "reg_name": null, "foot": null, "source:name": null, "narrow": null, "source:nat_name": null, "shoulder:surface": null, "overtaking": null, "maxweight": null, "layer": null, "bridge": null, "shoulder:line": null, "shoulder:bicycle": null, "shoulder": null, "junction": null, "railway": null, "is_in": null, "abandoned:railway": null, "sidewalk": null, "lit": null, "razed:railway": null, "old_name": null, "short_name": null, "postal_code": null, "bicycle": null, "access": null, "lanes": null, "surface": null, "maxspeed:type": null, "maxspeed": null, "oneway": null, "name:etymology:wikidata": null, "name:etymology": null, "ref": null, "nat_name": null, "name": null, "designation": null, "Road_Class": "Barangay Road" }, "geometry": { "type": "MultiLineString", "coordinates": [ [ [ 121.4589562, 14.2856201 ], [ 121.4588114, 14.2855889 ], [ 121.4585966, 14.2855407 ], [ 121.4583312, 14.2854998 ] ] ] } },
{ "type": "Feature", "properties": { "full_id": "w97661909", "osm_id": "97661909", "osm_type": "way", "highway": "residential", "motor_vehicle": null, "bus_bay": null, "embankment": null, "handrail": null, "tunnel": null, "covered": null, "horse": null, "description": null, "bridge:structure": null, "bridge:name": null, "source_ref": null, "width": null, "motorcycle": null, "service": null, "reg_name": null, "foot": null, "source:name": null, "narrow": null, "source:nat_name": null, "shoulder:surface": null, "overtaking": null, "maxweight": null, "layer": null, "bridge": null, "shoulder:line": null, "shoulder:bicycle": null, "shoulder": null, "junction": null, "railway": null, "is_in": null, "abandoned:railway": null, "sidewalk": null, "lit": null, "razed:railway": null, "old_name": null, "short_name": null, "postal_code": null, "bicycle": null, "access": null, "lanes": null, "surface": null, "maxspeed:type": null, "maxspeed": null, "oneway": null, "name:etymology:wikidata": null, "name:etymology": null, "ref": null, "nat_name": null, "name": null, "designation": null, "Road_Class": "Barangay Road" }, "geometry": { "type": "MultiLineString", "coordinates": [ [ [ 121.45836, 14.2864307 ], [ 121.4585966, 14.2855407 ] ] ] } },
{ "type": "Feature", "properties": { "full_id": "w97661914", "osm_id": "97661914", "osm_type": "way", "highway": "residential", "motor_vehicle": null, "bus_bay": null, "embankment": null, "handrail": null, "tunnel": null, "covered": null, "horse": null, "description": null, "bridge:structure": null, "bridge:name": null, "source_ref": null, "width": null, "motorcycle": null, "service": null, "reg_name": null, "foot": null, "source:name": null, "narrow": null, "source:nat_name": null, "shoulder:surface": null, "overtaking": null, "maxweight": null, "layer": null, "bridge": null, "shoulder:line": null, "shoulder:bicycle": null, "shoulder": null, "junction": null, "railway": null, "is_in": null, "abandoned:railway": null, "sidewalk": null, "lit": null, "razed:railway": null, "old_name": null, "short_name": null, "postal_code": null, "bicycle": null, "access": null, "lanes": null, "surface": null, "maxspeed:type": null, "maxspeed": null, "oneway": null, "name:etymology:wikidata": null, "name:etymology": null, "ref": null, "nat_name": null, "name": null, "designation": null, "Road_Class": "Barangay Road" }, "geometry": { "type": "MultiLineString", "coordinates": [ [ [ 121.4585728, 14.2864688 ], [ 121.4588114, 14.2855889 ] ] ] } },
{ "type": "Feature", "properties": { "full_id": "w97661916", "osm_id": "97661916", "osm_type": "way", "highway": "residential", "motor_vehicle": null, "bus_bay": null, "embankment": null, "handrail": null, "tunnel": null, "covered": null, "horse": null, "description": null, "bridge:structure": null, "bridge:name": null, "source_ref": null, "width": null, "motorcycle": null, "service": null, "reg_name": null, "foot": null, "source:name": null, "narrow": null, "source:nat_name": null, "shoulder:surface": null, "overtaking": null, "maxweight": null, "layer": null, "bridge": null, "shoulder:line": null, "shoulder:bicycle": null, "shoulder": null, "junction": null, "railway": null, "is_in": null, "abandoned:railway": null, "sidewalk": null, "lit": null, "razed:railway": null, "old_name": null, "short_name": null, "postal_code": null, "bicycle": null, "access": null, "lanes": null, "surface": null, "maxspeed:type": null, "maxspeed": null, "oneway": null, "name:etymology:wikidata": null, "name:etymology": null, "ref": null, "nat_name": null, "name": null, "designation": null, "Road_Class": "Barangay Road" }, "geometry": { "type": "MultiLineString", "coordinates": [ [ [ 121.4583791, 14.285256 ], [ 121.4586636, 14.2853032 ], [ 121.4589744, 14.2853619 ] ] ] } },
{ "type": "Feature", "properties": { "full_id": "w97661921", "osm_id": "97661921", "osm_type": "way", "highway": "residential", "motor_vehicle": null, "bus_bay": null, "embankment": null, "handrail": null, "tunnel": null, "covered": null, "horse": null, "description": null, "bridge:structure": null, "bridge:name": null, "source_ref": null, "width": null, "motorcycle": null, "service": null, "reg_name": null, "foot": null, "source:name": null, "narrow": null, "source:nat_name": null, "shoulder:surface": null, "overtaking": null, "maxweight": null, "layer": null, "bridge": null, "shoulder:line": null, "shoulder:bicycle": null, "shoulder": null, "junction": null, "railway": null, "is_in": null, "abandoned:railway": null, "sidewalk": null, "lit": null, "razed:railway": null, "old_name": null, "short_name": null, "postal_code": null, "bicycle": null, "access": null, "lanes": null, "surface": null, "maxspeed:type": null, "maxspeed": null, "oneway": null, "name:etymology:wikidata": null, "name:etymology": null, "ref": null, "nat_name": null, "name": null, "designation": null, "Road_Class": "Barangay Road" }, "geometry": { "type": "MultiLineString", "coordinates": [ [ [ 121.4581886, 14.2844328 ], [ 121.4582092, 14.2846367 ], [ 121.4582294, 14.2849911 ], [ 121.4584374, 14.2850317 ] ] ] } },
{ "type": "Feature", "properties": { "full_id": "w97661922", "osm_id": "97661922", "osm_type": "way", "highway": "tertiary", "motor_vehicle": null, "bus_bay": null, "embankment": null, "handrail": null, "tunnel": null, "covered": null, "horse": null, "description": null, "bridge:structure": null, "bridge:name": null, "source_ref": null, "width": null, "motorcycle": null, "service": null, "reg_name": null, "foot": null, "source:name": null, "narrow": null, "source:nat_name": null, "shoulder:surface": null, "overtaking": null, "maxweight": null, "layer": null, "bridge": null, "shoulder:line": null, "shoulder:bicycle": null, "shoulder": null, "junction": null, "railway": null, "is_in": null, "abandoned:railway": null, "sidewalk": null, "lit": null, "razed:railway": null, "old_name": null, "short_name": null, "postal_code": null, "bicycle": null, "access": null, "lanes": null, "surface": null, "maxspeed:type": null, "maxspeed": null, "oneway": "yes", "name:etymology:wikidata": null, "name:etymology": null, "ref": null, "nat_name": null, "name": "General Luna Street", "designation": null, "Road_Class": "Municipal Road" }, "geometry": { "type": "MultiLineString", "coordinates": [ [ [ 121.4601187, 14.2954754 ], [ 121.4602052, 14.2950573 ], [ 121.4602663, 14.2947597 ], [ 121.4603669, 14.2943023 ], [ 121.4604536, 14.2938836 ], [ 121.4605352, 14.2934314 ], [ 121.4606258, 14.2929911 ], [ 121.4607011, 14.2925839 ] ] ] } },
{ "type": "Feature", "properties": { "full_id": "w97661929", "osm_id": "97661929", "osm_type": "way", "highway": "residential", "motor_vehicle": null, "bus_bay": null, "embankment": null, "handrail": null, "tunnel": null, "covered": null, "horse": null, "description": null, "bridge:structure": null, "bridge:name": null, "source_ref": null, "width": null, "motorcycle": null, "service": null, "reg_name": null, "foot": null, "source:name": null, "narrow": null, "source:nat_name": null, "shoulder:surface": null, "overtaking": null, "maxweight": null, "layer": null, "bridge": null, "shoulder:line": null, "shoulder:bicycle": null, "shoulder": null, "junction": null, "railway": null, "is_in": null, "abandoned:railway": null, "sidewalk": null, "lit": null, "razed:railway": null, "old_name": null, "short_name": null, "postal_code": null, "bicycle": null, "access": null, "lanes": null, "surface": null, "maxspeed:type": null, "maxspeed": null, "oneway": null, "name:etymology:wikidata": null, "name:etymology": null, "ref": null, "nat_name": null, "name": null, "designation": null, "Road_Class": "Barangay Road" }, "geometry": { "type": "MultiLineString", "coordinates": [ [ [ 121.4587779, 14.2865533 ], [ 121.4585728, 14.2864688 ], [ 121.45836, 14.2864307 ], [ 121.4581114, 14.2863817 ], [ 121.4580064, 14.2863725 ], [ 121.4578434, 14.2863611 ] ] ] } },
{ "type": "Feature", "properties": { "full_id": "w112748747", "osm_id": "112748747", "osm_type": "way", "highway": "residential", "motor_vehicle": null, "bus_bay": null, "embankment": null, "handrail": null, "tunnel": null, "covered": null, "horse": null, "description": null, "bridge:structure": null, "bridge:name": null, "source_ref": null, "width": null, "motorcycle": null, "service": null, "reg_name": null, "foot": null, "source:name": null, "narrow": null, "source:nat_name": null, "shoulder:surface": null, "overtaking": null, "maxweight": null, "layer": null, "bridge": null, "shoulder:line": null, "shoulder:bicycle": null, "shoulder": null, "junction": null, "railway": null, "is_in": null, "abandoned:railway": null, "sidewalk": null, "lit": null, "razed:railway": null, "old_name": null, "short_name": null, "postal_code": null, "bicycle": null, "access": null, "lanes": null, "surface": "dirt", "maxspeed:type": null, "maxspeed": null, "oneway": null, "name:etymology:wikidata": null, "name:etymology": null, "ref": null, "nat_name": null, "name": null, "designation": null, "Road_Class": "Barangay Road" }, "geometry": { "type": "MultiLineString", "coordinates": [ [ [ 121.4589288, 14.287843 ], [ 121.4592861, 14.2880997 ], [ 121.4593478, 14.2881205 ], [ 121.4595919, 14.2882401 ], [ 121.4597607, 14.2883149 ], [ 121.4599199, 14.2883474 ] ] ] } },
{ "type": "Feature", "properties": { "full_id": "w118023058", "osm_id": "118023058", "osm_type": "way", "highway": "residential", "motor_vehicle": null, "bus_bay": null, "embankment": null, "handrail": null, "tunnel": null, "covered": null, "horse": null, "description": null, "bridge:structure": null, "bridge:name": null, "source_ref": null, "width": null, "motorcycle": null, "service": null, "reg_name": null, "foot": null, "source:name": null, "narrow": null, "source:nat_name": null, "shoulder:surface": null, "overtaking": null, "maxweight": null, "layer": null, "bridge": null, "shoulder:line": null, "shoulder:bicycle": null, "shoulder": null, "junction": null, "railway": null, "is_in": null, "abandoned:railway": null, "sidewalk": null, "lit": null, "razed:railway": null, "old_name": null, "short_name": null, "postal_code": null, "bicycle": null, "access": null, "lanes": null, "surface": null, "maxspeed:type": null, "maxspeed": null, "oneway": null, "name:etymology:wikidata": null, "name:etymology": null, "ref": null, "nat_name": null, "name": null, "designation": null, "Road_Class": "Barangay Road" }, "geometry": { "type": "MultiLineString", "coordinates": [ [ [ 121.458731, 14.2849157 ], [ 121.4590528, 14.2849911 ] ] ] } },
{ "type": "Feature", "properties": { "full_id": "w118023062", "osm_id": "118023062", "osm_type": "way", "highway": "residential", "motor_vehicle": null, "bus_bay": null, "embankment": null, "handrail": null, "tunnel": null, "covered": null, "horse": null, "description": null, "bridge:structure": null, "bridge:name": null, "source_ref": null, "width": null, "motorcycle": null, "service": null, "reg_name": null, "foot": null, "source:name": null, "narrow": null, "source:nat_name": null, "shoulder:surface": null, "overtaking": null, "maxweight": null, "layer": null, "bridge": null, "shoulder:line": null, "shoulder:bicycle": null, "shoulder": null, "junction": null, "railway": null, "is_in": null, "abandoned:railway": null, "sidewalk": null, "lit": null, "razed:railway": null, "old_name": null, "short_name": null, "postal_code": null, "bicycle": null, "access": null, "lanes": null, "surface": null, "maxspeed:type": null, "maxspeed": null, "oneway": null, "name:etymology:wikidata": null, "name:etymology": null, "ref": null, "nat_name": null, "name": null, "designation": null, "Road_Class": "Barangay Road" }, "geometry": { "type": "MultiLineString", "coordinates": [ [ [ 121.4585331, 14.2872839 ], [ 121.4579014, 14.28719 ] ] ] } },
{ "type": "Feature", "properties": { "full_id": "w118023064", "osm_id": "118023064", "osm_type": "way", "highway": "residential", "motor_vehicle": null, "bus_bay": null, "embankment": null, "handrail": null, "tunnel": null, "covered": null, "horse": null, "description": null, "bridge:structure": null, "bridge:name": null, "source_ref": null, "width": null, "motorcycle": null, "service": null, "reg_name": null, "foot": null, "source:name": null, "narrow": null, "source:nat_name": null, "shoulder:surface": null, "overtaking": null, "maxweight": null, "layer": null, "bridge": null, "shoulder:line": null, "shoulder:bicycle": null, "shoulder": null, "junction": null, "railway": null, "is_in": null, "abandoned:railway": null, "sidewalk": null, "lit": null, "razed:railway": null, "old_name": null, "short_name": null, "postal_code": null, "bicycle": null, "access": null, "lanes": null, "surface": null, "maxspeed:type": null, "maxspeed": null, "oneway": null, "name:etymology:wikidata": null, "name:etymology": null, "ref": null, "nat_name": null, "name": null, "designation": null, "Road_Class": "Barangay Road" }, "geometry": { "type": "MultiLineString", "coordinates": [ [ [ 121.4590157, 14.2851708 ], [ 121.4586948, 14.2851049 ] ] ] } },
{ "type": "Feature", "properties": { "full_id": "w118023075", "osm_id": "118023075", "osm_type": "way", "highway": "residential", "motor_vehicle": null, "bus_bay": null, "embankment": null, "handrail": null, "tunnel": null, "covered": null, "horse": null, "description": null, "bridge:structure": null, "bridge:name": null, "source_ref": null, "width": null, "motorcycle": null, "service": null, "reg_name": null, "foot": null, "source:name": null, "narrow": null, "source:nat_name": null, "shoulder:surface": null, "overtaking": null, "maxweight": null, "layer": null, "bridge": null, "shoulder:line": null, "shoulder:bicycle": null, "shoulder": null, "junction": null, "railway": null, "is_in": null, "abandoned:railway": null, "sidewalk": null, "lit": null, "razed:railway": null, "old_name": null, "short_name": null, "postal_code": null, "bicycle": null, "access": null, "lanes": null, "surface": "dirt", "maxspeed:type": null, "maxspeed": null, "oneway": null, "name:etymology:wikidata": null, "name:etymology": null, "ref": null, "nat_name": null, "name": null, "designation": null, "Road_Class": "Barangay Road" }, "geometry": { "type": "MultiLineString", "coordinates": [ [ [ 121.4594442, 14.2878476 ], [ 121.4593478, 14.2881205 ] ] ] } },
{ "type": "Feature", "properties": { "full_id": "w118023077", "osm_id": "118023077", "osm_type": "way", "highway": "residential", "motor_vehicle": null, "bus_bay": null, "embankment": null, "handrail": null, "tunnel": null, "covered": null, "horse": null, "description": null, "bridge:structure": null, "bridge:name": null, "source_ref": null, "width": null, "motorcycle": null, "service": null, "reg_name": null, "foot": null, "source:name": null, "narrow": null, "source:nat_name": null, "shoulder:surface": null, "overtaking": null, "maxweight": null, "layer": null, "bridge": null, "shoulder:line": null, "shoulder:bicycle": null, "shoulder": null, "junction": null, "railway": null, "is_in": null, "abandoned:railway": null, "sidewalk": null, "lit": null, "razed:railway": null, "old_name": null, "short_name": null, "postal_code": null, "bicycle": null, "access": null, "lanes": null, "surface": null, "maxspeed:type": null, "maxspeed": null, "oneway": null, "name:etymology:wikidata": null, "name:etymology": null, "ref": null, "nat_name": null, "name": null, "designation": null, "Road_Class": "Barangay Road" }, "geometry": { "type": "MultiLineString", "coordinates": [ [ [ 121.4588476, 14.2843296 ], [ 121.458731, 14.2849157 ], [ 121.4586948, 14.2851049 ], [ 121.4586636, 14.2853032 ] ] ] } },
{ "type": "Feature", "properties": { "full_id": "w118023079", "osm_id": "118023079", "osm_type": "way", "highway": "service", "motor_vehicle": null, "bus_bay": null, "embankment": null, "handrail": null, "tunnel": null, "covered": null, "horse": null, "description": null, "bridge:structure": null, "bridge:name": null, "source_ref": null, "width": null, "motorcycle": null, "service": null, "reg_name": null, "foot": null, "source:name": null, "narrow": null, "source:nat_name": null, "shoulder:surface": null, "overtaking": null, "maxweight": null, "layer": null, "bridge": null, "shoulder:line": null, "shoulder:bicycle": null, "shoulder": null, "junction": null, "railway": null, "is_in": null, "abandoned:railway": null, "sidewalk": null, "lit": null, "razed:railway": null, "old_name": null, "short_name": null, "postal_code": null, "bicycle": null, "access": null, "lanes": null, "surface": "dirt", "maxspeed:type": null, "maxspeed": null, "oneway": null, "name:etymology:wikidata": null, "name:etymology": null, "ref": null, "nat_name": null, "name": null, "designation": null, "Road_Class": "Barangay Road" }, "geometry": { "type": "MultiLineString", "coordinates": [ [ [ 121.4578754, 14.2897373 ], [ 121.4578908, 14.2897861 ], [ 121.4579022, 14.2897952 ], [ 121.4580633, 14.2898267 ] ] ] } },
{ "type": "Feature", "properties": { "full_id": "w118023093", "osm_id": "118023093", "osm_type": "way", "highway": "residential", "motor_vehicle": null, "bus_bay": null, "embankment": null, "handrail": null, "tunnel": null, "covered": null, "horse": null, "description": null, "bridge:structure": null, "bridge:name": null, "source_ref": null, "width": null, "motorcycle": null, "service": null, "reg_name": null, "foot": null, "source:name": null, "narrow": null, "source:nat_name": null, "shoulder:surface": null, "overtaking": null, "maxweight": null, "layer": null, "bridge": null, "shoulder:line": null, "shoulder:bicycle": null, "shoulder": null, "junction": null, "railway": null, "is_in": null, "abandoned:railway": null, "sidewalk": null, "lit": null, "razed:railway": null, "old_name": null, "short_name": null, "postal_code": null, "bicycle": null, "access": null, "lanes": null, "surface": "dirt", "maxspeed:type": null, "maxspeed": null, "oneway": null, "name:etymology:wikidata": null, "name:etymology": null, "ref": null, "nat_name": null, "name": null, "designation": null, "Road_Class": "Barangay Road" }, "geometry": { "type": "MultiLineString", "coordinates": [ [ [ 121.4589616, 14.2877281 ], [ 121.4594442, 14.2878476 ], [ 121.4596994, 14.2878927 ], [ 121.4600055, 14.2879388 ] ] ] } },
{ "type": "Feature", "properties": { "full_id": "w118023096", "osm_id": "118023096", "osm_type": "way", "highway": "residential", "motor_vehicle": null, "bus_bay": null, "embankment": null, "handrail": null, "tunnel": null, "covered": null, "horse": null, "description": null, "bridge:structure": null, "bridge:name": null, "source_ref": null, "width": null, "motorcycle": null, "service": null, "reg_name": null, "foot": null, "source:name": null, "narrow": null, "source:nat_name": null, "shoulder:surface": null, "overtaking": null, "maxweight": null, "layer": null, "bridge": null, "shoulder:line": null, "shoulder:bicycle": null, "shoulder": null, "junction": null, "railway": null, "is_in": null, "abandoned:railway": null, "sidewalk": null, "lit": null, "razed:railway": null, "old_name": null, "short_name": null, "postal_code": null, "bicycle": null, "access": null, "lanes": null, "surface": null, "maxspeed:type": null, "maxspeed": null, "oneway": null, "name:etymology:wikidata": null, "name:etymology": null, "ref": null, "nat_name": null, "name": null, "designation": null, "Road_Class": "Barangay Road" }, "geometry": { "type": "MultiLineString", "coordinates": [ [ [ 121.4586008, 14.2843244 ], [ 121.4588476, 14.2843296 ] ] ] } },
{ "type": "Feature", "properties": { "full_id": "w118023102", "osm_id": "118023102", "osm_type": "way", "highway": "residential", "motor_vehicle": null, "bus_bay": null, "embankment": null, "handrail": null, "tunnel": null, "covered": null, "horse": null, "description": null, "bridge:structure": null, "bridge:name": null, "source_ref": null, "width": null, "motorcycle": null, "service": null, "reg_name": null, "foot": null, "source:name": null, "narrow": null, "source:nat_name": null, "shoulder:surface": null, "overtaking": null, "maxweight": null, "layer": null, "bridge": null, "shoulder:line": null, "shoulder:bicycle": null, "shoulder": null, "junction": null, "railway": null, "is_in": null, "abandoned:railway": null, "sidewalk": null, "lit": null, "razed:railway": null, "old_name": null, "short_name": null, "postal_code": null, "bicycle": null, "access": null, "lanes": null, "surface": "dirt", "maxspeed:type": null, "maxspeed": null, "oneway": null, "name:etymology:wikidata": null, "name:etymology": null, "ref": null, "nat_name": null, "name": null, "designation": null, "Road_Class": "Barangay Road" }, "geometry": { "type": "MultiLineString", "coordinates": [ [ [ 121.4599199, 14.2883474 ], [ 121.4599674, 14.2881509 ], [ 121.4600055, 14.2879388 ] ] ] } },
{ "type": "Feature", "properties": { "full_id": "w118023108", "osm_id": "118023108", "osm_type": "way", "highway": "residential", "motor_vehicle": null, "bus_bay": null, "embankment": null, "handrail": null, "tunnel": null, "covered": null, "horse": null, "description": null, "bridge:structure": null, "bridge:name": null, "source_ref": null, "width": null, "motorcycle": null, "service": null, "reg_name": null, "foot": null, "source:name": null, "narrow": null, "source:nat_name": null, "shoulder:surface": null, "overtaking": null, "maxweight": null, "layer": null, "bridge": null, "shoulder:line": null, "shoulder:bicycle": null, "shoulder": null, "junction": null, "railway": null, "is_in": null, "abandoned:railway": null, "sidewalk": null, "lit": null, "razed:railway": null, "old_name": null, "short_name": null, "postal_code": null, "bicycle": null, "access": null, "lanes": null, "surface": null, "maxspeed:type": null, "maxspeed": null, "oneway": null, "name:etymology:wikidata": null, "name:etymology": null, "ref": null, "nat_name": null, "name": null, "designation": null, "Road_Class": "Barangay Road" }, "geometry": { "type": "MultiLineString", "coordinates": [ [ [ 121.4596994, 14.2878927 ], [ 121.4595919, 14.2882401 ] ] ] } },
{ "type": "Feature", "properties": { "full_id": "w118023111", "osm_id": "118023111", "osm_type": "way", "highway": "residential", "motor_vehicle": null, "bus_bay": null, "embankment": null, "handrail": null, "tunnel": null, "covered": null, "horse": null, "description": null, "bridge:structure": null, "bridge:name": null, "source_ref": null, "width": null, "motorcycle": null, "service": null, "reg_name": null, "foot": null, "source:name": null, "narrow": null, "source:nat_name": null, "shoulder:surface": null, "overtaking": null, "maxweight": null, "layer": null, "bridge": null, "shoulder:line": null, "shoulder:bicycle": null, "shoulder": null, "junction": null, "railway": null, "is_in": null, "abandoned:railway": null, "sidewalk": null, "lit": null, "razed:railway": null, "old_name": null, "short_name": null, "postal_code": null, "bicycle": null, "access": null, "lanes": null, "surface": null, "maxspeed:type": null, "maxspeed": null, "oneway": null, "name:etymology:wikidata": null, "name:etymology": null, "ref": null, "nat_name": null, "name": null, "designation": null, "Road_Class": "Barangay Road" }, "geometry": { "type": "MultiLineString", "coordinates": [ [ [ 121.4590528, 14.2849911 ], [ 121.4590157, 14.2851708 ], [ 121.4589744, 14.2853619 ], [ 121.4589703, 14.2854057 ], [ 121.4589562, 14.2856201 ], [ 121.4589536, 14.2858463 ], [ 121.4589133, 14.2861088 ], [ 121.4587779, 14.2865533 ] ] ] } },
{ "type": "Feature", "properties": { "full_id": "w122479744", "osm_id": "122479744", "osm_type": "way", "highway": "service", "motor_vehicle": null, "bus_bay": null, "embankment": null, "handrail": null, "tunnel": null, "covered": null, "horse": null, "description": null, "bridge:structure": null, "bridge:name": null, "source_ref": null, "width": null, "motorcycle": null, "service": "alley", "reg_name": null, "foot": null, "source:name": null, "narrow": null, "source:nat_name": null, "shoulder:surface": null, "overtaking": null, "maxweight": null, "layer": null, "bridge": null, "shoulder:line": null, "shoulder:bicycle": null, "shoulder": null, "junction": null, "railway": null, "is_in": null, "abandoned:railway": null, "sidewalk": null, "lit": null, "razed:railway": null, "old_name": null, "short_name": null, "postal_code": null, "bicycle": null, "access": null, "lanes": null, "surface": null, "maxspeed:type": null, "maxspeed": null, "oneway": null, "name:etymology:wikidata": null, "name:etymology": null, "ref": null, "nat_name": null, "name": null, "designation": null, "Road_Class": "Barangay Road" }, "geometry": { "type": "MultiLineString", "coordinates": [ [ [ 121.4587672, 14.2888754 ], [ 121.4586747, 14.2892302 ], [ 121.458493, 14.28919 ], [ 121.4583973, 14.2894558 ] ] ] } },
{ "type": "Feature", "properties": { "full_id": "w159015378", "osm_id": "159015378", "osm_type": "way", "highway": "residential", "motor_vehicle": null, "bus_bay": null, "embankment": null, "handrail": null, "tunnel": null, "covered": null, "horse": null, "description": null, "bridge:structure": null, "bridge:name": null, "source_ref": null, "width": null, "motorcycle": null, "service": null, "reg_name": null, "foot": null, "source:name": null, "narrow": null, "source:nat_name": null, "shoulder:surface": null, "overtaking": null, "maxweight": null, "layer": null, "bridge": null, "shoulder:line": null, "shoulder:bicycle": null, "shoulder": null, "junction": null, "railway": null, "is_in": null, "abandoned:railway": null, "sidewalk": null, "lit": null, "razed:railway": null, "old_name": null, "short_name": null, "postal_code": null, "bicycle": null, "access": null, "lanes": null, "surface": null, "maxspeed:type": null, "maxspeed": null, "oneway": null, "name:etymology:wikidata": null, "name:etymology": null, "ref": null, "nat_name": null, "name": "Cosme Street", "designation": null, "Road_Class": "Barangay Road" }, "geometry": { "type": "MultiLineString", "coordinates": [ [ [ 121.4593191, 14.2908527 ], [ 121.4595095, 14.2901886 ], [ 121.4591259, 14.2900716 ], [ 121.4590642, 14.2901262 ], [ 121.4589768, 14.2904985 ], [ 121.4589114, 14.2907695 ] ] ] } },
{ "type": "Feature", "properties": { "full_id": "w159015435", "osm_id": "159015435", "osm_type": "way", "highway": "residential", "motor_vehicle": null, "bus_bay": null, "embankment": null, "handrail": null, "tunnel": null, "covered": null, "horse": null, "description": null, "bridge:structure": null, "bridge:name": null, "source_ref": null, "width": null, "motorcycle": null, "service": null, "reg_name": null, "foot": null, "source:name": null, "narrow": null, "source:nat_name": null, "shoulder:surface": null, "overtaking": null, "maxweight": null, "layer": null, "bridge": null, "shoulder:line": null, "shoulder:bicycle": null, "shoulder": null, "junction": null, "railway": null, "is_in": null, "abandoned:railway": null, "sidewalk": null, "lit": null, "razed:railway": null, "old_name": null, "short_name": null, "postal_code": null, "bicycle": null, "access": null, "lanes": null, "surface": null, "maxspeed:type": null, "maxspeed": null, "oneway": null, "name:etymology:wikidata": null, "name:etymology": null, "ref": null, "nat_name": null, "name": null, "designation": null, "Road_Class": "Barangay Road" }, "geometry": { "type": "MultiLineString", "coordinates": [ [ [ 121.4581114, 14.2863817 ], [ 121.4583312, 14.2854998 ], [ 121.4583791, 14.285256 ], [ 121.4584374, 14.2850317 ], [ 121.4585181, 14.284697 ], [ 121.4585646, 14.284505 ], [ 121.4586008, 14.2843244 ] ] ] } },
{ "type": "Feature", "properties": { "full_id": "w886876961", "osm_id": "886876961", "osm_type": "way", "highway": "residential", "motor_vehicle": null, "bus_bay": null, "embankment": null, "handrail": null, "tunnel": null, "covered": null, "horse": null, "description": null, "bridge:structure": null, "bridge:name": null, "source_ref": null, "width": null, "motorcycle": null, "service": null, "reg_name": null, "foot": null, "source:name": null, "narrow": null, "source:nat_name": null, "shoulder:surface": null, "overtaking": null, "maxweight": null, "layer": null, "bridge": null, "shoulder:line": null, "shoulder:bicycle": null, "shoulder": null, "junction": null, "railway": null, "is_in": null, "abandoned:railway": null, "sidewalk": null, "lit": null, "razed:railway": null, "old_name": null, "short_name": null, "postal_code": null, "bicycle": null, "access": null, "lanes": null, "surface": null, "maxspeed:type": null, "maxspeed": null, "oneway": null, "name:etymology:wikidata": null, "name:etymology": null, "ref": null, "nat_name": null, "name": null, "designation": null, "Road_Class": "Barangay Road" }, "geometry": { "type": "MultiLineString", "coordinates": [ [ [ 121.4587859, 14.2883571 ], [ 121.4589496, 14.2884338 ], [ 121.4590676, 14.2885118 ], [ 121.4591078, 14.2885586 ], [ 121.4591213, 14.2886314 ], [ 121.4590944, 14.288825 ] ] ] } },
{ "type": "Feature", "properties": { "full_id": "w886956684", "osm_id": "886956684", "osm_type": "way", "highway": "residential", "motor_vehicle": null, "bus_bay": null, "embankment": null, "handrail": null, "tunnel": null, "covered": null, "horse": null, "description": null, "bridge:structure": null, "bridge:name": null, "source_ref": null, "width": null, "motorcycle": null, "service": null, "reg_name": null, "foot": null, "source:name": null, "narrow": null, "source:nat_name": null, "shoulder:surface": null, "overtaking": null, "maxweight": null, "layer": null, "bridge": null, "shoulder:line": null, "shoulder:bicycle": null, "shoulder": null, "junction": null, "railway": null, "is_in": null, "abandoned:railway": null, "sidewalk": null, "lit": null, "razed:railway": null, "old_name": null, "short_name": null, "postal_code": null, "bicycle": null, "access": null, "lanes": null, "surface": null, "maxspeed:type": null, "maxspeed": null, "oneway": null, "name:etymology:wikidata": null, "name:etymology": null, "ref": null, "nat_name": null, "name": null, "designation": null, "Road_Class": "Barangay Road" }, "geometry": { "type": "MultiLineString", "coordinates": [ [ [ 121.460214, 14.2924768 ], [ 121.460355, 14.292509 ], [ 121.4604632, 14.2925342 ] ] ] } },
{ "type": "Feature", "properties": { "full_id": "w888065947", "osm_id": "888065947", "osm_type": "way", "highway": "residential", "motor_vehicle": null, "bus_bay": null, "embankment": null, "handrail": null, "tunnel": null, "covered": null, "horse": null, "description": null, "bridge:structure": null, "bridge:name": null, "source_ref": null, "width": null, "motorcycle": null, "service": null, "reg_name": null, "foot": null, "source:name": null, "narrow": null, "source:nat_name": null, "shoulder:surface": null, "overtaking": null, "maxweight": null, "layer": null, "bridge": null, "shoulder:line": null, "shoulder:bicycle": null, "shoulder": null, "junction": null, "railway": null, "is_in": null, "abandoned:railway": null, "sidewalk": null, "lit": null, "razed:railway": null, "old_name": null, "short_name": null, "postal_code": null, "bicycle": null, "access": null, "lanes": null, "surface": null, "maxspeed:type": null, "maxspeed": null, "oneway": null, "name:etymology:wikidata": null, "name:etymology": null, "ref": null, "nat_name": null, "name": null, "designation": null, "Road_Class": "Barangay Road" }, "geometry": { "type": "MultiLineString", "coordinates": [ [ [ 121.454125, 14.2894767 ], [ 121.454592, 14.2897084 ] ] ] } },
{ "type": "Feature", "properties": { "full_id": "w971618253", "osm_id": "971618253", "osm_type": "way", "highway": "service", "motor_vehicle": null, "bus_bay": null, "embankment": null, "handrail": null, "tunnel": null, "covered": null, "horse": null, "description": null, "bridge:structure": null, "bridge:name": null, "source_ref": null, "width": null, "motorcycle": null, "service": null, "reg_name": null, "foot": null, "source:name": null, "narrow": null, "source:nat_name": null, "shoulder:surface": null, "overtaking": null, "maxweight": null, "layer": null, "bridge": null, "shoulder:line": null, "shoulder:bicycle": null, "shoulder": null, "junction": null, "railway": null, "is_in": null, "abandoned:railway": null, "sidewalk": null, "lit": null, "razed:railway": null, "old_name": null, "short_name": null, "postal_code": null, "bicycle": null, "access": null, "lanes": null, "surface": null, "maxspeed:type": null, "maxspeed": null, "oneway": null, "name:etymology:wikidata": null, "name:etymology": null, "ref": null, "nat_name": null, "name": null, "designation": null, "Road_Class": "Barangay Road" }, "geometry": { "type": "MultiLineString", "coordinates": [ [ [ 121.4577944, 14.2855668 ], [ 121.4580229, 14.2855571 ], [ 121.4580457, 14.2855467 ], [ 121.4580638, 14.28552 ], [ 121.4580671, 14.2854304 ], [ 121.4580484, 14.2854089 ], [ 121.4580061, 14.2853888 ], [ 121.4577789, 14.2853167 ] ] ] } },
{ "type": "Feature", "properties": { "full_id": "w1311569470", "osm_id": "1311569470", "osm_type": "way", "highway": "residential", "motor_vehicle": null, "bus_bay": null, "embankment": null, "handrail": null, "tunnel": null, "covered": null, "horse": null, "description": null, "bridge:structure": null, "bridge:name": null, "source_ref": null, "width": null, "motorcycle": null, "service": null, "reg_name": null, "foot": null, "source:name": null, "narrow": null, "source:nat_name": null, "shoulder:surface": null, "overtaking": null, "maxweight": null, "layer": null, "bridge": null, "shoulder:line": null, "shoulder:bicycle": null, "shoulder": null, "junction": null, "railway": null, "is_in": null, "abandoned:railway": null, "sidewalk": null, "lit": null, "razed:railway": null, "old_name": null, "short_name": null, "postal_code": null, "bicycle": null, "access": "permissive", "lanes": null, "surface": null, "maxspeed:type": null, "maxspeed": null, "oneway": null, "name:etymology:wikidata": null, "name:etymology": null, "ref": null, "nat_name": null, "name": null, "designation": null, "Road_Class": "Barangay Road" }, "geometry": { "type": "MultiLineString", "coordinates": [ [ [ 121.4576818, 14.2892807 ], [ 121.4580405, 14.2893777 ] ] ] } },
{ "type": "Feature", "properties": { "full_id": "w1388058835", "osm_id": "1388058835", "osm_type": "way", "highway": "service", "motor_vehicle": null, "bus_bay": null, "embankment": null, "handrail": null, "tunnel": null, "covered": "yes", "horse": null, "description": null, "bridge:structure": null, "bridge:name": null, "source_ref": null, "width": null, "motorcycle": null, "service": null, "reg_name": null, "foot": null, "source:name": null, "narrow": null, "source:nat_name": null, "shoulder:surface": null, "overtaking": null, "maxweight": null, "layer": null, "bridge": null, "shoulder:line": null, "shoulder:bicycle": null, "shoulder": null, "junction": null, "railway": null, "is_in": null, "abandoned:railway": null, "sidewalk": null, "lit": null, "razed:railway": null, "old_name": null, "short_name": null, "postal_code": null, "bicycle": null, "access": null, "lanes": null, "surface": "dirt", "maxspeed:type": null, "maxspeed": null, "oneway": null, "name:etymology:wikidata": null, "name:etymology": null, "ref": null, "nat_name": null, "name": null, "designation": null, "Road_Class": "Barangay Road" }, "geometry": { "type": "MultiLineString", "coordinates": [ [ [ 121.4578734, 14.2896412 ], [ 121.4578754, 14.2897373 ] ] ] } },
{ "type": "Feature", "properties": { "full_id": "w1388058836", "osm_id": "1388058836", "osm_type": "way", "highway": "service", "motor_vehicle": null, "bus_bay": null, "embankment": null, "handrail": null, "tunnel": null, "covered": null, "horse": null, "description": null, "bridge:structure": null, "bridge:name": null, "source_ref": null, "width": null, "motorcycle": null, "service": null, "reg_name": null, "foot": null, "source:name": null, "narrow": null, "source:nat_name": null, "shoulder:surface": null, "overtaking": null, "maxweight": null, "layer": null, "bridge": null, "shoulder:line": null, "shoulder:bicycle": null, "shoulder": null, "junction": null, "railway": null, "is_in": null, "abandoned:railway": null, "sidewalk": null, "lit": null, "razed:railway": null, "old_name": null, "short_name": null, "postal_code": null, "bicycle": null, "access": null, "lanes": null, "surface": "dirt", "maxspeed:type": null, "maxspeed": null, "oneway": null, "name:etymology:wikidata": null, "name:etymology": null, "ref": null, "nat_name": null, "name": null, "designation": null, "Road_Class": "Barangay Road" }, "geometry": { "type": "MultiLineString", "coordinates": [ [ [ 121.4580497, 14.2896256 ], [ 121.4578807, 14.2896288 ], [ 121.4578734, 14.2896412 ] ] ] } },
{ "type": "Feature", "properties": { "full_id": "w1494109749", "osm_id": "1494109749", "osm_type": "way", "highway": "service", "motor_vehicle": null, "bus_bay": null, "embankment": null, "handrail": null, "tunnel": null, "covered": null, "horse": null, "description": null, "bridge:structure": null, "bridge:name": null, "source_ref": null, "width": null, "motorcycle": null, "service": null, "reg_name": null, "foot": null, "source:name": null, "narrow": null, "source:nat_name": null, "shoulder:surface": null, "overtaking": null, "maxweight": null, "layer": null, "bridge": null, "shoulder:line": null, "shoulder:bicycle": null, "shoulder": null, "junction": null, "railway": null, "is_in": null, "abandoned:railway": null, "sidewalk": null, "lit": null, "razed:railway": null, "old_name": null, "short_name": null, "postal_code": null, "bicycle": null, "access": null, "lanes": null, "surface": null, "maxspeed:type": null, "maxspeed": null, "oneway": null, "name:etymology:wikidata": null, "name:etymology": null, "ref": null, "nat_name": null, "name": null, "designation": null, "Road_Class": "Barangay Road" }, "geometry": { "type": "MultiLineString", "coordinates": [ [ [ 121.4576831, 14.2835385 ], [ 121.4579129, 14.283529 ], [ 121.4579478, 14.2835387 ], [ 121.4579639, 14.2835647 ], [ 121.4579652, 14.2837421 ], [ 121.4579511, 14.2837616 ], [ 121.457927, 14.2837785 ], [ 121.4576937, 14.2837911 ] ] ] } },
{ "type": "Feature", "properties": { "full_id": "w113645155", "osm_id": "113645155", "osm_type": "way", "highway": "unclassified", "motor_vehicle": null, "bus_bay": null, "embankment": null, "handrail": null, "tunnel": null, "covered": null, "horse": null, "description": null, "bridge:structure": null, "bridge:name": null, "source_ref": null, "width": null, "motorcycle": null, "service": null, "reg_name": null, "foot": "yes", "source:name": null, "narrow": null, "source:nat_name": null, "shoulder:surface": null, "overtaking": null, "maxweight": null, "layer": null, "bridge": null, "shoulder:line": null, "shoulder:bicycle": null, "shoulder": null, "junction": null, "railway": null, "is_in": null, "abandoned:railway": null, "sidewalk": null, "lit": null, "razed:railway": null, "old_name": null, "short_name": null, "postal_code": null, "bicycle": null, "access": null, "lanes": null, "surface": "dirt", "maxspeed:type": null, "maxspeed": null, "oneway": null, "name:etymology:wikidata": null, "name:etymology": null, "ref": null, "nat_name": null, "name": null, "designation": null, "Road_Class": "Barangay Road" }, "geometry": { "type": "MultiLineString", "coordinates": [ [ [ 121.431602477491026, 14.271209150309641 ], [ 121.4313911, 14.2718748 ], [ 121.431351, 14.2720463 ], [ 121.4313415, 14.2721322 ], [ 121.4313445, 14.2722466 ], [ 121.4313375, 14.2723869 ], [ 121.4313271, 14.2724139 ], [ 121.4313135, 14.2724492 ], [ 121.4312732, 14.2725142 ], [ 121.4308869, 14.2729926 ], [ 121.430769, 14.2731719 ], [ 121.4306214, 14.2734786 ], [ 121.4305848, 14.273594 ] ] ] } },
{ "type": "Feature", "properties": { "full_id": "w119556621", "osm_id": "119556621", "osm_type": "way", "highway": "unclassified", "motor_vehicle": null, "bus_bay": null, "embankment": null, "handrail": null, "tunnel": null, "covered": null, "horse": null, "description": null, "bridge:structure": null, "bridge:name": null, "source_ref": null, "width": null, "motorcycle": null, "service": null, "reg_name": null, "foot": "yes", "source:name": null, "narrow": null, "source:nat_name": null, "shoulder:surface": null, "overtaking": null, "maxweight": null, "layer": null, "bridge": null, "shoulder:line": null, "shoulder:bicycle": null, "shoulder": null, "junction": null, "railway": null, "is_in": null, "abandoned:railway": null, "sidewalk": null, "lit": null, "razed:railway": null, "old_name": null, "short_name": null, "postal_code": null, "bicycle": null, "access": null, "lanes": null, "surface": "dirt", "maxspeed:type": null, "maxspeed": null, "oneway": null, "name:etymology:wikidata": null, "name:etymology": null, "ref": null, "nat_name": null, "name": null, "designation": null, "Road_Class": "Barangay Road" }, "geometry": { "type": "MultiLineString", "coordinates": [ [ [ 121.4305848, 14.273594 ], [ 121.4305678, 14.2736554 ], [ 121.4305524, 14.2737564 ], [ 121.43054, 14.2738185 ], [ 121.4305382, 14.2738816 ], [ 121.4305355, 14.2740323 ], [ 121.4305383, 14.2742844 ], [ 121.4305543, 14.2744769 ], [ 121.4305705, 14.2746639 ], [ 121.4306027, 14.2748589 ], [ 121.4306329, 14.27496 ], [ 121.4306455, 14.2750019 ], [ 121.4306858, 14.2751578 ], [ 121.4307019, 14.2752514 ], [ 121.4307125, 14.2753632 ], [ 121.4307132, 14.2754255 ], [ 121.4307153, 14.2756205 ], [ 121.4307216, 14.2757373 ], [ 121.4307233, 14.2757688 ], [ 121.4307377, 14.2759578 ], [ 121.4307475, 14.2760858 ], [ 121.4307636, 14.276169 ], [ 121.4307985, 14.2762399 ], [ 121.4308815, 14.2763718 ], [ 121.4311337, 14.2765434 ], [ 121.4316433, 14.2768163 ], [ 121.4317539, 14.2769489 ], [ 121.4319544, 14.277718 ], [ 121.4321368, 14.2778116 ], [ 121.4323377, 14.2781184 ], [ 121.4325346, 14.2783239 ], [ 121.4326115, 14.2784094 ], [ 121.4326412, 14.2785113 ], [ 121.4325973, 14.2787156 ], [ 121.4324898, 14.2791069 ], [ 121.4323051, 14.2792119 ], [ 121.4322505, 14.2792603 ], [ 121.4322604, 14.2793906 ], [ 121.4323093, 14.279689 ], [ 121.4323734, 14.2799619 ], [ 121.4323889, 14.2801198 ], [ 121.4323489, 14.2805699 ], [ 121.4321441, 14.2821239 ] ] ] } },
{ "type": "Feature", "properties": { "full_id": "w886098768", "osm_id": "886098768", "osm_type": "way", "highway": "residential", "motor_vehicle": null, "bus_bay": null, "embankment": null, "handrail": null, "tunnel": null, "covered": null, "horse": null, "description": null, "bridge:structure": null, "bridge:name": null, "source_ref": null, "width": null, "motorcycle": null, "service": null, "reg_name": null, "foot": null, "source:name": null, "narrow": null, "source:nat_name": null, "shoulder:surface": null, "overtaking": null, "maxweight": null, "layer": null, "bridge": null, "shoulder:line": null, "shoulder:bicycle": null, "shoulder": null, "junction": null, "railway": null, "is_in": null, "abandoned:railway": null, "sidewalk": null, "lit": null, "razed:railway": null, "old_name": null, "short_name": null, "postal_code": null, "bicycle": null, "access": null, "lanes": null, "surface": null, "maxspeed:type": null, "maxspeed": null, "oneway": null, "name:etymology:wikidata": null, "name:etymology": null, "ref": null, "nat_name": null, "name": null, "designation": null, "Road_Class": "Barangay Road" }, "geometry": { "type": "MultiLineString", "coordinates": [ [ [ 121.4313375, 14.2723869 ], [ 121.4319572, 14.2724623 ], [ 121.432043, 14.2724804 ], [ 121.4323863, 14.2725636 ], [ 121.4327323, 14.2726364 ] ] ] } },
{ "type": "Feature", "properties": { "full_id": "w886177808", "osm_id": "886177808", "osm_type": "way", "highway": "residential", "motor_vehicle": null, "bus_bay": null, "embankment": null, "handrail": null, "tunnel": null, "covered": null, "horse": null, "description": null, "bridge:structure": null, "bridge:name": null, "source_ref": null, "width": null, "motorcycle": null, "service": null, "reg_name": null, "foot": null, "source:name": null, "narrow": null, "source:nat_name": null, "shoulder:surface": null, "overtaking": null, "maxweight": null, "layer": null, "bridge": null, "shoulder:line": null, "shoulder:bicycle": null, "shoulder": null, "junction": null, "railway": null, "is_in": null, "abandoned:railway": null, "sidewalk": null, "lit": null, "razed:railway": null, "old_name": null, "short_name": null, "postal_code": null, "bicycle": null, "access": null, "lanes": null, "surface": null, "maxspeed:type": null, "maxspeed": null, "oneway": null, "name:etymology:wikidata": null, "name:etymology": null, "ref": null, "nat_name": null, "name": null, "designation": null, "Road_Class": "Barangay Road" }, "geometry": { "type": "MultiLineString", "coordinates": [ [ [ 121.432043, 14.2724804 ], [ 121.4320296, 14.2726078 ], [ 121.432027, 14.2726533 ], [ 121.4323367, 14.2727287 ], [ 121.432558, 14.2727768 ], [ 121.432782, 14.2728106 ] ] ] } },
{ "type": "Feature", "properties": { "full_id": "w961785005", "osm_id": "961785005", "osm_type": "way", "highway": "service", "motor_vehicle": null, "bus_bay": null, "embankment": null, "handrail": null, "tunnel": null, "covered": null, "horse": null, "description": null, "bridge:structure": null, "bridge:name": null, "source_ref": null, "width": null, "motorcycle": null, "service": null, "reg_name": null, "foot": null, "source:name": null, "narrow": null, "source:nat_name": null, "shoulder:surface": null, "overtaking": null, "maxweight": null, "layer": null, "bridge": null, "shoulder:line": null, "shoulder:bicycle": null, "shoulder": null, "junction": null, "railway": null, "is_in": null, "abandoned:railway": null, "sidewalk": null, "lit": null, "razed:railway": null, "old_name": null, "short_name": null, "postal_code": null, "bicycle": null, "access": null, "lanes": null, "surface": null, "maxspeed:type": null, "maxspeed": null, "oneway": null, "name:etymology:wikidata": null, "name:etymology": null, "ref": null, "nat_name": null, "name": null, "designation": null, "Road_Class": "Barangay Road" }, "geometry": { "type": "MultiLineString", "coordinates": [ [ [ 121.4306027, 14.2748589 ], [ 121.4306724, 14.2748381 ], [ 121.4306992, 14.2748069 ], [ 121.4307824, 14.2746665 ] ] ] } },
{ "type": "Feature", "properties": { "full_id": "w961785006", "osm_id": "961785006", "osm_type": "way", "highway": "service", "motor_vehicle": null, "bus_bay": null, "embankment": null, "handrail": null, "tunnel": null, "covered": null, "horse": null, "description": null, "bridge:structure": null, "bridge:name": null, "source_ref": null, "width": null, "motorcycle": null, "service": null, "reg_name": null, "foot": null, "source:name": null, "narrow": null, "source:nat_name": null, "shoulder:surface": null, "overtaking": null, "maxweight": null, "layer": null, "bridge": null, "shoulder:line": null, "shoulder:bicycle": null, "shoulder": null, "junction": null, "railway": null, "is_in": null, "abandoned:railway": null, "sidewalk": null, "lit": null, "razed:railway": null, "old_name": null, "short_name": null, "postal_code": null, "bicycle": null, "access": null, "lanes": null, "surface": null, "maxspeed:type": null, "maxspeed": null, "oneway": null, "name:etymology:wikidata": null, "name:etymology": null, "ref": null, "nat_name": null, "name": null, "designation": null, "Road_Class": "Barangay Road" }, "geometry": { "type": "MultiLineString", "coordinates": [ [ [ 121.4307377, 14.2759578 ], [ 121.4305732, 14.2759558 ] ] ] } },
{ "type": "Feature", "properties": { "full_id": "w961785007", "osm_id": "961785007", "osm_type": "way", "highway": "service", "motor_vehicle": null, "bus_bay": null, "embankment": null, "handrail": null, "tunnel": null, "covered": null, "horse": null, "description": null, "bridge:structure": null, "bridge:name": null, "source_ref": null, "width": null, "motorcycle": null, "service": null, "reg_name": null, "foot": null, "source:name": null, "narrow": null, "source:nat_name": null, "shoulder:surface": null, "overtaking": null, "maxweight": null, "layer": null, "bridge": null, "shoulder:line": null, "shoulder:bicycle": null, "shoulder": null, "junction": null, "railway": null, "is_in": null, "abandoned:railway": null, "sidewalk": null, "lit": null, "razed:railway": null, "old_name": null, "short_name": null, "postal_code": null, "bicycle": null, "access": null, "lanes": null, "surface": null, "maxspeed:type": null, "maxspeed": null, "oneway": null, "name:etymology:wikidata": null, "name:etymology": null, "ref": null, "nat_name": null, "name": null, "designation": null, "Road_Class": "Barangay Road" }, "geometry": { "type": "MultiLineString", "coordinates": [ [ [ 121.4307216, 14.2757373 ], [ 121.4303747, 14.2757661 ] ] ] } },
{ "type": "Feature", "properties": { "full_id": "w961785008", "osm_id": "961785008", "osm_type": "way", "highway": "service", "motor_vehicle": null, "bus_bay": null, "embankment": null, "handrail": null, "tunnel": null, "covered": null, "horse": null, "description": null, "bridge:structure": null, "bridge:name": null, "source_ref": null, "width": null, "motorcycle": null, "service": null, "reg_name": null, "foot": null, "source:name": null, "narrow": null, "source:nat_name": null, "shoulder:surface": null, "overtaking": null, "maxweight": null, "layer": null, "bridge": null, "shoulder:line": null, "shoulder:bicycle": null, "shoulder": null, "junction": null, "railway": null, "is_in": null, "abandoned:railway": null, "sidewalk": null, "lit": null, "razed:railway": null, "old_name": null, "short_name": null, "postal_code": null, "bicycle": null, "access": null, "lanes": null, "surface": null, "maxspeed:type": null, "maxspeed": null, "oneway": null, "name:etymology:wikidata": null, "name:etymology": null, "ref": null, "nat_name": null, "name": null, "designation": null, "Road_Class": "Barangay Road" }, "geometry": { "type": "MultiLineString", "coordinates": [ [ [ 121.4307132, 14.2754255 ], [ 121.4303988, 14.275423 ], [ 121.430364, 14.2754048 ], [ 121.4303586, 14.2753658 ], [ 121.430372, 14.2752488 ] ] ] } },
{ "type": "Feature", "properties": { "full_id": "w961785009", "osm_id": "961785009", "osm_type": "way", "highway": "service", "motor_vehicle": null, "bus_bay": null, "embankment": null, "handrail": null, "tunnel": null, "covered": null, "horse": null, "description": null, "bridge:structure": null, "bridge:name": null, "source_ref": null, "width": null, "motorcycle": null, "service": null, "reg_name": null, "foot": null, "source:name": null, "narrow": null, "source:nat_name": null, "shoulder:surface": null, "overtaking": null, "maxweight": null, "layer": null, "bridge": null, "shoulder:line": null, "shoulder:bicycle": null, "shoulder": null, "junction": null, "railway": null, "is_in": null, "abandoned:railway": null, "sidewalk": null, "lit": null, "razed:railway": null, "old_name": null, "short_name": null, "postal_code": null, "bicycle": null, "access": null, "lanes": null, "surface": null, "maxspeed:type": null, "maxspeed": null, "oneway": null, "name:etymology:wikidata": null, "name:etymology": null, "ref": null, "nat_name": null, "name": null, "designation": null, "Road_Class": "Barangay Road" }, "geometry": { "type": "MultiLineString", "coordinates": [ [ [ 121.4306329, 14.27496 ], [ 121.4303559, 14.2749551 ] ] ] } },
{ "type": "Feature", "properties": { "full_id": "w961785010", "osm_id": "961785010", "osm_type": "way", "highway": "service", "motor_vehicle": null, "bus_bay": null, "embankment": null, "handrail": null, "tunnel": null, "covered": null, "horse": null, "description": null, "bridge:structure": null, "bridge:name": null, "source_ref": null, "width": null, "motorcycle": null, "service": null, "reg_name": null, "foot": null, "source:name": null, "narrow": null, "source:nat_name": null, "shoulder:surface": null, "overtaking": null, "maxweight": null, "layer": null, "bridge": null, "shoulder:line": null, "shoulder:bicycle": null, "shoulder": null, "junction": null, "railway": null, "is_in": null, "abandoned:railway": null, "sidewalk": null, "lit": null, "razed:railway": null, "old_name": null, "short_name": null, "postal_code": null, "bicycle": null, "access": null, "lanes": null, "surface": null, "maxspeed:type": null, "maxspeed": null, "oneway": null, "name:etymology:wikidata": null, "name:etymology": null, "ref": null, "nat_name": null, "name": null, "designation": null, "Road_Class": "Barangay Road" }, "geometry": { "type": "MultiLineString", "coordinates": [ [ [ 121.43054, 14.2738185 ], [ 121.4300662, 14.2739153 ] ] ] } },
{ "type": "Feature", "properties": { "full_id": "w961785011", "osm_id": "961785011", "osm_type": "way", "highway": "service", "motor_vehicle": null, "bus_bay": null, "embankment": null, "handrail": null, "tunnel": null, "covered": null, "horse": null, "description": null, "bridge:structure": null, "bridge:name": null, "source_ref": null, "width": null, "motorcycle": null, "service": null, "reg_name": null, "foot": null, "source:name": null, "narrow": null, "source:nat_name": null, "shoulder:surface": null, "overtaking": null, "maxweight": null, "layer": null, "bridge": null, "shoulder:line": null, "shoulder:bicycle": null, "shoulder": null, "junction": null, "railway": null, "is_in": null, "abandoned:railway": null, "sidewalk": null, "lit": null, "razed:railway": null, "old_name": null, "short_name": null, "postal_code": null, "bicycle": null, "access": null, "lanes": null, "surface": null, "maxspeed:type": null, "maxspeed": null, "oneway": null, "name:etymology:wikidata": null, "name:etymology": null, "ref": null, "nat_name": null, "name": null, "designation": null, "Road_Class": "Barangay Road" }, "geometry": { "type": "MultiLineString", "coordinates": [ [ [ 121.4313271, 14.2724139 ], [ 121.4310881, 14.2723972 ] ] ] } },
{ "type": "Feature", "properties": { "full_id": "w110163136", "osm_id": "110163136", "osm_type": "way", "highway": "residential", "motor_vehicle": null, "bus_bay": null, "embankment": null, "handrail": null, "tunnel": null, "covered": null, "horse": null, "description": null, "bridge:structure": null, "bridge:name": null, "source_ref": null, "width": null, "motorcycle": null, "service": null, "reg_name": null, "foot": null, "source:name": null, "narrow": null, "source:nat_name": null, "shoulder:surface": null, "overtaking": null, "maxweight": null, "layer": null, "bridge": null, "shoulder:line": null, "shoulder:bicycle": null, "shoulder": null, "junction": null, "railway": null, "is_in": null, "abandoned:railway": null, "sidewalk": null, "lit": null, "razed:railway": null, "old_name": null, "short_name": null, "postal_code": null, "bicycle": null, "access": null, "lanes": null, "surface": null, "maxspeed:type": null, "maxspeed": null, "oneway": null, "name:etymology:wikidata": null, "name:etymology": null, "ref": null, "nat_name": null, "name": "Pescadores Street", "designation": null, "Road_Class": "Barangay Road" }, "geometry": { "type": "MultiLineString", "coordinates": [ [ [ 121.4603792, 14.3024407 ], [ 121.460335, 14.3026356 ], [ 121.4602746, 14.3029761 ], [ 121.460056, 14.3029514 ], [ 121.4598361, 14.3029254 ], [ 121.4596007, 14.3028841 ], [ 121.4592307, 14.3028329 ] ] ] } },
{ "type": "Feature", "properties": { "full_id": "w110163138", "osm_id": "110163138", "osm_type": "way", "highway": "residential", "motor_vehicle": null, "bus_bay": null, "embankment": null, "handrail": null, "tunnel": null, "covered": null, "horse": null, "description": null, "bridge:structure": null, "bridge:name": null, "source_ref": null, "width": null, "motorcycle": null, "service": null, "reg_name": null, "foot": null, "source:name": null, "narrow": null, "source:nat_name": null, "shoulder:surface": null, "overtaking": null, "maxweight": null, "layer": null, "bridge": null, "shoulder:line": null, "shoulder:bicycle": null, "shoulder": null, "junction": null, "railway": null, "is_in": null, "abandoned:railway": null, "sidewalk": null, "lit": null, "razed:railway": null, "old_name": null, "short_name": null, "postal_code": null, "bicycle": null, "access": null, "lanes": null, "surface": null, "maxspeed:type": null, "maxspeed": null, "oneway": null, "name:etymology:wikidata": null, "name:etymology": null, "ref": null, "nat_name": null, "name": null, "designation": null, "Road_Class": "Barangay Road" }, "geometry": { "type": "MultiLineString", "coordinates": [ [ [ 121.4605173, 14.3013634 ], [ 121.4603456, 14.3013478 ], [ 121.4601445, 14.3013244 ], [ 121.4598991, 14.301325 ] ] ] } },
{ "type": "Feature", "properties": { "full_id": "w114637665", "osm_id": "114637665", "osm_type": "way", "highway": "pedestrian", "motor_vehicle": null, "bus_bay": null, "embankment": null, "handrail": null, "tunnel": null, "covered": null, "horse": null, "description": null, "bridge:structure": null, "bridge:name": null, "source_ref": null, "width": null, "motorcycle": null, "service": null, "reg_name": null, "foot": null, "source:name": null, "narrow": null, "source:nat_name": null, "shoulder:surface": null, "overtaking": null, "maxweight": null, "layer": null, "bridge": null, "shoulder:line": null, "shoulder:bicycle": null, "shoulder": null, "junction": null, "railway": null, "is_in": null, "abandoned:railway": null, "sidewalk": null, "lit": null, "razed:railway": null, "old_name": null, "short_name": null, "postal_code": null, "bicycle": null, "access": null, "lanes": null, "surface": null, "maxspeed:type": null, "maxspeed": null, "oneway": null, "name:etymology:wikidata": null, "name:etymology": null, "ref": null, "nat_name": null, "name": null, "designation": null, "Road_Class": "Other" }, "geometry": { "type": "MultiLineString", "coordinates": [ [ [ 121.4588141, 14.3016025 ], [ 121.4592205, 14.3016082 ], [ 121.4596353, 14.3015875 ] ] ] } },
{ "type": "Feature", "properties": { "full_id": "w118127478", "osm_id": "118127478", "osm_type": "way", "highway": "pedestrian", "motor_vehicle": null, "bus_bay": null, "embankment": null, "handrail": null, "tunnel": null, "covered": null, "horse": null, "description": null, "bridge:structure": null, "bridge:name": null, "source_ref": null, "width": null, "motorcycle": null, "service": null, "reg_name": null, "foot": null, "source:name": null, "narrow": null, "source:nat_name": null, "shoulder:surface": null, "overtaking": null, "maxweight": null, "layer": null, "bridge": null, "shoulder:line": null, "shoulder:bicycle": null, "shoulder": null, "junction": null, "railway": null, "is_in": null, "abandoned:railway": null, "sidewalk": null, "lit": null, "razed:railway": null, "old_name": null, "short_name": null, "postal_code": null, "bicycle": null, "access": null, "lanes": null, "surface": null, "maxspeed:type": null, "maxspeed": null, "oneway": null, "name:etymology:wikidata": null, "name:etymology": null, "ref": null, "nat_name": null, "name": null, "designation": null, "Road_Class": "Other" }, "geometry": { "type": "MultiLineString", "coordinates": [ [ [ 121.4596111, 14.3024945 ], [ 121.4592284, 14.3024888 ], [ 121.4589031, 14.302494 ] ] ] } },
{ "type": "Feature", "properties": { "full_id": "w138878002", "osm_id": "138878002", "osm_type": "way", "highway": "pedestrian", "motor_vehicle": null, "bus_bay": null, "embankment": null, "handrail": null, "tunnel": null, "covered": null, "horse": null, "description": null, "bridge:structure": null, "bridge:name": null, "source_ref": null, "width": null, "motorcycle": null, "service": null, "reg_name": null, "foot": null, "source:name": null, "narrow": null, "source:nat_name": null, "shoulder:surface": null, "overtaking": null, "maxweight": null, "layer": null, "bridge": null, "shoulder:line": null, "shoulder:bicycle": null, "shoulder": null, "junction": null, "railway": null, "is_in": null, "abandoned:railway": null, "sidewalk": null, "lit": null, "razed:railway": null, "old_name": null, "short_name": null, "postal_code": null, "bicycle": null, "access": null, "lanes": null, "surface": null, "maxspeed:type": null, "maxspeed": null, "oneway": null, "name:etymology:wikidata": null, "name:etymology": null, "ref": null, "nat_name": null, "name": null, "designation": null, "Road_Class": "Other" }, "geometry": { "type": "MultiLineString", "coordinates": [ [ [ 121.4602678, 14.3020782 ], [ 121.4598696, 14.3020341 ], [ 121.4596235, 14.3020318 ], [ 121.4592251, 14.3020106 ], [ 121.4587852, 14.3020309 ] ] ] } },
{ "type": "Feature", "properties": { "full_id": "w138878005", "osm_id": "138878005", "osm_type": "way", "highway": "pedestrian", "motor_vehicle": null, "bus_bay": null, "embankment": null, "handrail": null, "tunnel": null, "covered": null, "horse": null, "description": null, "bridge:structure": null, "bridge:name": null, "source_ref": null, "width": null, "motorcycle": null, "service": null, "reg_name": null, "foot": null, "source:name": null, "narrow": null, "source:nat_name": null, "shoulder:surface": null, "overtaking": null, "maxweight": null, "layer": null, "bridge": null, "shoulder:line": null, "shoulder:bicycle": null, "shoulder": null, "junction": null, "railway": null, "is_in": null, "abandoned:railway": null, "sidewalk": null, "lit": null, "razed:railway": null, "old_name": null, "short_name": null, "postal_code": null, "bicycle": null, "access": null, "lanes": null, "surface": null, "maxspeed:type": null, "maxspeed": null, "oneway": null, "name:etymology:wikidata": null, "name:etymology": null, "ref": null, "nat_name": null, "name": null, "designation": null, "Road_Class": "Other" }, "geometry": { "type": "MultiLineString", "coordinates": [ [ [ 121.4587818, 14.3017507 ], [ 121.4592215, 14.301693 ] ] ] } },
{ "type": "Feature", "properties": { "full_id": "w159015427", "osm_id": "159015427", "osm_type": "way", "highway": "pedestrian", "motor_vehicle": null, "bus_bay": null, "embankment": null, "handrail": null, "tunnel": null, "covered": null, "horse": null, "description": null, "bridge:structure": null, "bridge:name": null, "source_ref": null, "width": null, "motorcycle": null, "service": null, "reg_name": null, "foot": null, "source:name": null, "narrow": null, "source:nat_name": null, "shoulder:surface": null, "overtaking": null, "maxweight": null, "layer": null, "bridge": null, "shoulder:line": null, "shoulder:bicycle": null, "shoulder": null, "junction": null, "railway": null, "is_in": null, "abandoned:railway": null, "sidewalk": null, "lit": null, "razed:railway": null, "old_name": null, "short_name": null, "postal_code": null, "bicycle": null, "access": null, "lanes": null, "surface": null, "maxspeed:type": null, "maxspeed": null, "oneway": null, "name:etymology:wikidata": null, "name:etymology": null, "ref": null, "nat_name": null, "name": null, "designation": null, "Road_Class": "Other" }, "geometry": { "type": "MultiLineString", "coordinates": [ [ [ 121.4596341, 14.3016342 ], [ 121.4598819, 14.3016435 ], [ 121.4605384, 14.3016963 ] ] ] } },
{ "type": "Feature", "properties": { "full_id": "w23434506", "osm_id": "23434506", "osm_type": "way", "highway": "tertiary", "motor_vehicle": null, "bus_bay": null, "embankment": null, "handrail": null, "tunnel": null, "covered": null, "horse": null, "description": null, "bridge:structure": null, "bridge:name": null, "source_ref": null, "width": null, "motorcycle": null, "service": null, "reg_name": null, "foot": null, "source:name": null, "narrow": null, "source:nat_name": null, "shoulder:surface": null, "overtaking": null, "maxweight": null, "layer": null, "bridge": null, "shoulder:line": null, "shoulder:bicycle": null, "shoulder": null, "junction": null, "railway": null, "is_in": null, "abandoned:railway": null, "sidewalk": null, "lit": null, "razed:railway": null, "old_name": null, "short_name": null, "postal_code": null, "bicycle": null, "access": null, "lanes": "2", "surface": "asphalt", "maxspeed:type": null, "maxspeed": null, "oneway": "yes", "name:etymology:wikidata": null, "name:etymology": null, "ref": null, "nat_name": null, "name": "General Luna Street", "designation": null, "Road_Class": "Municipal Road" }, "geometry": { "type": "MultiLineString", "coordinates": [ [ [ 121.4597817, 14.2971991 ], [ 121.4598359, 14.296766 ], [ 121.4599104, 14.2964652 ], [ 121.459982, 14.2961142 ], [ 121.4601187, 14.2954754 ] ] ] } },
{ "type": "Feature", "properties": { "full_id": "w70661893", "osm_id": "70661893", "osm_type": "way", "highway": "residential", "motor_vehicle": null, "bus_bay": null, "embankment": null, "handrail": null, "tunnel": null, "covered": null, "horse": null, "description": null, "bridge:structure": null, "bridge:name": null, "source_ref": null, "width": null, "motorcycle": null, "service": null, "reg_name": null, "foot": null, "source:name": null, "narrow": null, "source:nat_name": null, "shoulder:surface": null, "overtaking": null, "maxweight": null, "layer": null, "bridge": null, "shoulder:line": null, "shoulder:bicycle": null, "shoulder": null, "junction": null, "railway": null, "is_in": null, "abandoned:railway": null, "sidewalk": null, "lit": null, "razed:railway": null, "old_name": null, "short_name": null, "postal_code": null, "bicycle": null, "access": null, "lanes": null, "surface": null, "maxspeed:type": null, "maxspeed": null, "oneway": null, "name:etymology:wikidata": null, "name:etymology": null, "ref": null, "nat_name": null, "name": "E. Jacinto Street", "designation": null, "Road_Class": "Barangay Road" }, "geometry": { "type": "MultiLineString", "coordinates": [ [ [ 121.4589042, 14.2953068 ], [ 121.459577, 14.2953713 ] ] ] } },
{ "type": "Feature", "properties": { "full_id": "w110163942", "osm_id": "110163942", "osm_type": "way", "highway": "tertiary", "motor_vehicle": null, "bus_bay": null, "embankment": null, "handrail": null, "tunnel": null, "covered": null, "horse": null, "description": null, "bridge:structure": null, "bridge:name": null, "source_ref": null, "width": null, "motorcycle": null, "service": null, "reg_name": null, "foot": null, "source:name": null, "narrow": null, "source:nat_name": null, "shoulder:surface": null, "overtaking": null, "maxweight": null, "layer": null, "bridge": null, "shoulder:line": null, "shoulder:bicycle": null, "shoulder": null, "junction": null, "railway": null, "is_in": null, "abandoned:railway": null, "sidewalk": null, "lit": null, "razed:railway": null, "old_name": null, "short_name": null, "postal_code": null, "bicycle": null, "access": null, "lanes": null, "surface": null, "maxspeed:type": null, "maxspeed": null, "oneway": "yes", "name:etymology:wikidata": "Q1500", "name:etymology": "José Rizal", "ref": null, "nat_name": null, "name": "J. P. Rizal Street", "designation": null, "Road_Class": "Municipal Road" }, "geometry": { "type": "MultiLineString", "coordinates": [ [ [ 121.459577, 14.2953713 ], [ 121.4594266, 14.2960232 ], [ 121.4593476, 14.2963752 ], [ 121.4592584, 14.2967986 ], [ 121.4591965, 14.2971151 ] ] ] } },
{ "type": "Feature", "properties": { "full_id": "w110163009", "osm_id": "110163009", "osm_type": "way", "highway": "service", "motor_vehicle": null, "bus_bay": null, "embankment": null, "handrail": null, "tunnel": null, "covered": null, "horse": null, "description": null, "bridge:structure": null, "bridge:name": null, "source_ref": null, "width": null, "motorcycle": null, "service": null, "reg_name": null, "foot": null, "source:name": null, "narrow": null, "source:nat_name": null, "shoulder:surface": null, "overtaking": null, "maxweight": null, "layer": null, "bridge": null, "shoulder:line": null, "shoulder:bicycle": null, "shoulder": null, "junction": null, "railway": null, "is_in": null, "abandoned:railway": null, "sidewalk": null, "lit": null, "razed:railway": null, "old_name": null, "short_name": null, "postal_code": null, "bicycle": null, "access": null, "lanes": null, "surface": null, "maxspeed:type": null, "maxspeed": null, "oneway": null, "name:etymology:wikidata": null, "name:etymology": null, "ref": null, "nat_name": null, "name": null, "designation": null, "Road_Class": "Barangay Road" }, "geometry": { "type": "MultiLineString", "coordinates": [ [ [ 121.4603617, 14.3035231 ], [ 121.4605763, 14.3035777 ] ] ] } },
{ "type": "Feature", "properties": { "full_id": "w110163095", "osm_id": "110163095", "osm_type": "way", "highway": "residential", "motor_vehicle": null, "bus_bay": null, "embankment": null, "handrail": null, "tunnel": null, "covered": null, "horse": null, "description": null, "bridge:structure": null, "bridge:name": null, "source_ref": null, "width": null, "motorcycle": null, "service": null, "reg_name": null, "foot": null, "source:name": null, "narrow": null, "source:nat_name": null, "shoulder:surface": null, "overtaking": null, "maxweight": null, "layer": null, "bridge": null, "shoulder:line": null, "shoulder:bicycle": null, "shoulder": null, "junction": null, "railway": null, "is_in": null, "abandoned:railway": null, "sidewalk": null, "lit": null, "razed:railway": null, "old_name": null, "short_name": null, "postal_code": null, "bicycle": null, "access": null, "lanes": null, "surface": null, "maxspeed:type": null, "maxspeed": null, "oneway": null, "name:etymology:wikidata": null, "name:etymology": null, "ref": null, "nat_name": null, "name": null, "designation": null, "Road_Class": "Barangay Road" }, "geometry": { "type": "MultiLineString", "coordinates": [ [ [ 121.4598816, 14.3041235 ], [ 121.4601688, 14.3042138 ], [ 121.4603975, 14.3042762 ] ] ] } },
{ "type": "Feature", "properties": { "full_id": "w110163097", "osm_id": "110163097", "osm_type": "way", "highway": "residential", "motor_vehicle": null, "bus_bay": null, "embankment": null, "handrail": null, "tunnel": null, "covered": null, "horse": null, "description": null, "bridge:structure": null, "bridge:name": null, "source_ref": null, "width": null, "motorcycle": null, "service": null, "reg_name": null, "foot": null, "source:name": null, "narrow": null, "source:nat_name": null, "shoulder:surface": null, "overtaking": null, "maxweight": null, "layer": "1", "bridge": "yes", "shoulder:line": null, "shoulder:bicycle": null, "shoulder": null, "junction": null, "railway": null, "is_in": null, "abandoned:railway": null, "sidewalk": null, "lit": null, "razed:railway": null, "old_name": null, "short_name": null, "postal_code": null, "bicycle": null, "access": null, "lanes": null, "surface": null, "maxspeed:type": null, "maxspeed": null, "oneway": null, "name:etymology:wikidata": null, "name:etymology": null, "ref": null, "nat_name": null, "name": null, "designation": null, "Road_Class": "Barangay Road" }, "geometry": { "type": "MultiLineString", "coordinates": [ [ [ 121.4603975, 14.3042762 ], [ 121.4604373, 14.3042879 ] ] ] } },
{ "type": "Feature", "properties": { "full_id": "w110163113", "osm_id": "110163113", "osm_type": "way", "highway": "residential", "motor_vehicle": null, "bus_bay": null, "embankment": null, "handrail": null, "tunnel": null, "covered": null, "horse": null, "description": null, "bridge:structure": null, "bridge:name": null, "source_ref": null, "width": null, "motorcycle": null, "service": null, "reg_name": null, "foot": null, "source:name": null, "narrow": null, "source:nat_name": null, "shoulder:surface": null, "overtaking": null, "maxweight": null, "layer": null, "bridge": null, "shoulder:line": null, "shoulder:bicycle": null, "shoulder": null, "junction": null, "railway": null, "is_in": null, "abandoned:railway": null, "sidewalk": null, "lit": null, "razed:railway": null, "old_name": null, "short_name": null, "postal_code": null, "bicycle": null, "access": null, "lanes": null, "surface": null, "maxspeed:type": null, "maxspeed": null, "oneway": null, "name:etymology:wikidata": null, "name:etymology": null, "ref": null, "nat_name": null, "name": null, "designation": null, "Road_Class": "Barangay Road" }, "geometry": { "type": "MultiLineString", "coordinates": [ [ [ 121.460332, 14.3044669 ], [ 121.4603975, 14.3042762 ], [ 121.4604398, 14.3041642 ], [ 121.4604596, 14.3040579 ] ] ] } },
{ "type": "Feature", "properties": { "full_id": "w113919798", "osm_id": "113919798", "osm_type": "way", "highway": "residential", "motor_vehicle": null, "bus_bay": null, "embankment": null, "handrail": null, "tunnel": null, "covered": null, "horse": null, "description": null, "bridge:structure": null, "bridge:name": null, "source_ref": null, "width": null, "motorcycle": null, "service": null, "reg_name": null, "foot": null, "source:name": null, "narrow": null, "source:nat_name": null, "shoulder:surface": null, "overtaking": null, "maxweight": null, "layer": null, "bridge": null, "shoulder:line": null, "shoulder:bicycle": null, "shoulder": null, "junction": null, "railway": null, "is_in": null, "abandoned:railway": null, "sidewalk": null, "lit": null, "razed:railway": null, "old_name": null, "short_name": null, "postal_code": null, "bicycle": null, "access": null, "lanes": null, "surface": null, "maxspeed:type": null, "maxspeed": null, "oneway": null, "name:etymology:wikidata": null, "name:etymology": null, "ref": null, "nat_name": null, "name": "General Luna Street", "designation": null, "Road_Class": "Barangay Road" }, "geometry": { "type": "MultiLineString", "coordinates": [ [ [ 121.4591662, 14.3050827 ], [ 121.4594177, 14.3043861 ], [ 121.4595249, 14.3040144 ], [ 121.4595523, 14.3038747 ], [ 121.4596031, 14.3035806 ] ] ] } },
{ "type": "Feature", "properties": { "full_id": "w115225013", "osm_id": "115225013", "osm_type": "way", "highway": "residential", "motor_vehicle": null, "bus_bay": null, "embankment": null, "handrail": null, "tunnel": null, "covered": null, "horse": null, "description": null, "bridge:structure": null, "bridge:name": null, "source_ref": null, "width": null, "motorcycle": null, "service": null, "reg_name": null, "foot": null, "source:name": null, "narrow": null, "source:nat_name": null, "shoulder:surface": null, "overtaking": null, "maxweight": null, "layer": null, "bridge": null, "shoulder:line": null, "shoulder:bicycle": null, "shoulder": null, "junction": null, "railway": null, "is_in": null, "abandoned:railway": null, "sidewalk": null, "lit": null, "razed:railway": null, "old_name": null, "short_name": null, "postal_code": null, "bicycle": null, "access": null, "lanes": null, "surface": null, "maxspeed:type": null, "maxspeed": null, "oneway": null, "name:etymology:wikidata": null, "name:etymology": null, "ref": null, "nat_name": null, "name": null, "designation": null, "Road_Class": "Barangay Road" }, "geometry": { "type": "MultiLineString", "coordinates": [ [ [ 121.4596031, 14.3035806 ], [ 121.4594092, 14.3035392 ], [ 121.4591262, 14.3034686 ] ] ] } },
{ "type": "Feature", "properties": { "full_id": "w117167294", "osm_id": "117167294", "osm_type": "way", "highway": "residential", "motor_vehicle": null, "bus_bay": null, "embankment": null, "handrail": null, "tunnel": null, "covered": null, "horse": null, "description": null, "bridge:structure": null, "bridge:name": null, "source_ref": null, "width": null, "motorcycle": null, "service": null, "reg_name": null, "foot": null, "source:name": null, "narrow": null, "source:nat_name": null, "shoulder:surface": null, "overtaking": null, "maxweight": null, "layer": null, "bridge": null, "shoulder:line": null, "shoulder:bicycle": null, "shoulder": null, "junction": null, "railway": null, "is_in": null, "abandoned:railway": null, "sidewalk": null, "lit": null, "razed:railway": null, "old_name": null, "short_name": null, "postal_code": null, "bicycle": null, "access": null, "lanes": null, "surface": null, "maxspeed:type": null, "maxspeed": null, "oneway": null, "name:etymology:wikidata": null, "name:etymology": null, "ref": null, "nat_name": null, "name": null, "designation": null, "Road_Class": "Barangay Road" }, "geometry": { "type": "MultiLineString", "coordinates": [ [ [ 121.4590633, 14.305306 ], [ 121.4594149, 14.3054309 ], [ 121.4596402, 14.3054958 ] ] ] } },
{ "type": "Feature", "properties": { "full_id": "w886920764", "osm_id": "886920764", "osm_type": "way", "highway": "tertiary", "motor_vehicle": null, "bus_bay": null, "embankment": null, "handrail": null, "tunnel": null, "covered": null, "horse": null, "description": null, "bridge:structure": null, "bridge:name": null, "source_ref": null, "width": null, "motorcycle": null, "service": null, "reg_name": null, "foot": null, "source:name": null, "narrow": null, "source:nat_name": null, "shoulder:surface": null, "overtaking": null, "maxweight": null, "layer": null, "bridge": null, "shoulder:line": null, "shoulder:bicycle": null, "shoulder": null, "junction": null, "railway": null, "is_in": null, "abandoned:railway": null, "sidewalk": null, "lit": null, "razed:railway": null, "old_name": null, "short_name": null, "postal_code": null, "bicycle": null, "access": null, "lanes": null, "surface": null, "maxspeed:type": null, "maxspeed": null, "oneway": null, "name:etymology:wikidata": null, "name:etymology": null, "ref": null, "nat_name": null, "name": "General Luna Street", "designation": null, "Road_Class": "Municipal Road" }, "geometry": { "type": "MultiLineString", "coordinates": [ [ [ 121.4596031, 14.3035806 ], [ 121.4596026, 14.3034458 ], [ 121.4596007, 14.3028841 ] ] ] } },
{ "type": "Feature", "properties": { "full_id": "w961553517", "osm_id": "961553517", "osm_type": "way", "highway": "tertiary", "motor_vehicle": null, "bus_bay": null, "embankment": null, "handrail": null, "tunnel": null, "covered": null, "horse": null, "description": null, "bridge:structure": null, "bridge:name": null, "source_ref": null, "width": null, "motorcycle": null, "service": null, "reg_name": null, "foot": null, "source:name": null, "narrow": null, "source:nat_name": null, "shoulder:surface": null, "overtaking": null, "maxweight": null, "layer": null, "bridge": null, "shoulder:line": null, "shoulder:bicycle": null, "shoulder": null, "junction": null, "railway": null, "is_in": null, "abandoned:railway": null, "sidewalk": null, "lit": null, "razed:railway": null, "old_name": null, "short_name": null, "postal_code": null, "bicycle": null, "access": null, "lanes": null, "surface": null, "maxspeed:type": null, "maxspeed": null, "oneway": null, "name:etymology:wikidata": null, "name:etymology": null, "ref": null, "nat_name": null, "name": "Lagumbay Road", "designation": null, "Road_Class": "Municipal Road" }, "geometry": { "type": "MultiLineString", "coordinates": [ [ [ 121.4605248, 14.3038596 ], [ 121.4605136, 14.3038562 ], [ 121.4596031, 14.3035806 ] ] ] } },
{ "type": "Feature", "properties": { "full_id": "w961553518", "osm_id": "961553518", "osm_type": "way", "highway": "tertiary", "motor_vehicle": null, "bus_bay": null, "embankment": null, "handrail": null, "tunnel": null, "covered": null, "horse": null, "description": null, "bridge:structure": null, "bridge:name": null, "source_ref": null, "width": null, "motorcycle": null, "service": null, "reg_name": null, "foot": null, "source:name": null, "narrow": null, "source:nat_name": null, "shoulder:surface": null, "overtaking": null, "maxweight": null, "layer": "1", "bridge": "yes", "shoulder:line": null, "shoulder:bicycle": null, "shoulder": null, "junction": null, "railway": null, "is_in": null, "abandoned:railway": null, "sidewalk": null, "lit": null, "razed:railway": null, "old_name": null, "short_name": null, "postal_code": null, "bicycle": null, "access": null, "lanes": null, "surface": null, "maxspeed:type": null, "maxspeed": null, "oneway": null, "name:etymology:wikidata": null, "name:etymology": null, "ref": null, "nat_name": null, "name": "Lagumbay Road", "designation": null, "Road_Class": "Municipal Road" }, "geometry": { "type": "MultiLineString", "coordinates": [ [ [ 121.4606027, 14.3038833 ], [ 121.4605248, 14.3038596 ] ] ] } },
{ "type": "Feature", "properties": { "full_id": "w1148135222", "osm_id": "1148135222", "osm_type": "way", "highway": "footway", "motor_vehicle": null, "bus_bay": null, "embankment": null, "handrail": null, "tunnel": null, "covered": null, "horse": null, "description": null, "bridge:structure": null, "bridge:name": null, "source_ref": null, "width": null, "motorcycle": null, "service": null, "reg_name": null, "foot": null, "source:name": null, "narrow": null, "source:nat_name": null, "shoulder:surface": null, "overtaking": null, "maxweight": null, "layer": null, "bridge": null, "shoulder:line": null, "shoulder:bicycle": null, "shoulder": null, "junction": null, "railway": null, "is_in": null, "abandoned:railway": null, "sidewalk": null, "lit": null, "razed:railway": null, "old_name": null, "short_name": null, "postal_code": null, "bicycle": null, "access": null, "lanes": null, "surface": null, "maxspeed:type": null, "maxspeed": null, "oneway": null, "name:etymology:wikidata": null, "name:etymology": null, "ref": null, "nat_name": null, "name": null, "designation": null, "Road_Class": "Other" }, "geometry": { "type": "MultiLineString", "coordinates": [ [ [ 121.4601345, 14.3050267 ], [ 121.4603973, 14.3044101 ], [ 121.4604425, 14.3042895 ] ] ] } },
{ "type": "Feature", "properties": { "full_id": "w96027955", "osm_id": "96027955", "osm_type": "way", "highway": "tertiary", "motor_vehicle": null, "bus_bay": null, "embankment": null, "handrail": null, "tunnel": null, "covered": null, "horse": null, "description": null, "bridge:structure": null, "bridge:name": null, "source_ref": null, "width": null, "motorcycle": null, "service": null, "reg_name": null, "foot": null, "source:name": null, "narrow": null, "source:nat_name": null, "shoulder:surface": null, "overtaking": null, "maxweight": null, "layer": null, "bridge": null, "shoulder:line": null, "shoulder:bicycle": null, "shoulder": null, "junction": null, "railway": null, "is_in": null, "abandoned:railway": null, "sidewalk": null, "lit": null, "razed:railway": null, "old_name": null, "short_name": null, "postal_code": null, "bicycle": null, "access": null, "lanes": null, "surface": null, "maxspeed:type": null, "maxspeed": null, "oneway": null, "name:etymology:wikidata": null, "name:etymology": null, "ref": null, "nat_name": null, "name": null, "designation": null, "Road_Class": "Municipal Road" }, "geometry": { "type": "MultiLineString", "coordinates": [ [ [ 121.4591965, 14.2971151 ], [ 121.4594579, 14.2971596 ] ] ] } },
{ "type": "Feature", "properties": { "full_id": "w111483518", "osm_id": "111483518", "osm_type": "way", "highway": "residential", "motor_vehicle": null, "bus_bay": null, "embankment": null, "handrail": null, "tunnel": null, "covered": null, "horse": null, "description": null, "bridge:structure": null, "bridge:name": null, "source_ref": null, "width": null, "motorcycle": null, "service": null, "reg_name": null, "foot": null, "source:name": null, "narrow": null, "source:nat_name": null, "shoulder:surface": null, "overtaking": null, "maxweight": null, "layer": null, "bridge": null, "shoulder:line": null, "shoulder:bicycle": null, "shoulder": null, "junction": null, "railway": null, "is_in": null, "abandoned:railway": null, "sidewalk": null, "lit": null, "razed:railway": null, "old_name": null, "short_name": null, "postal_code": null, "bicycle": null, "access": null, "lanes": null, "surface": null, "maxspeed:type": null, "maxspeed": null, "oneway": null, "name:etymology:wikidata": null, "name:etymology": null, "ref": null, "nat_name": null, "name": null, "designation": null, "Road_Class": "Barangay Road" }, "geometry": { "type": "MultiLineString", "coordinates": [ [ [ 121.45953, 14.2968477 ], [ 121.4592584, 14.2967986 ] ] ] } },
{ "type": "Feature", "properties": { "full_id": "w138878004", "osm_id": "138878004", "osm_type": "way", "highway": "footway", "motor_vehicle": null, "bus_bay": null, "embankment": null, "handrail": null, "tunnel": null, "covered": null, "horse": null, "description": null, "bridge:structure": null, "bridge:name": null, "source_ref": null, "width": null, "motorcycle": null, "service": null, "reg_name": null, "foot": null, "source:name": null, "narrow": null, "source:nat_name": null, "shoulder:surface": null, "overtaking": null, "maxweight": null, "layer": null, "bridge": null, "shoulder:line": null, "shoulder:bicycle": null, "shoulder": null, "junction": null, "railway": null, "is_in": null, "abandoned:railway": null, "sidewalk": null, "lit": null, "razed:railway": null, "old_name": null, "short_name": null, "postal_code": null, "bicycle": null, "access": null, "lanes": null, "surface": null, "maxspeed:type": null, "maxspeed": null, "oneway": null, "name:etymology:wikidata": null, "name:etymology": null, "ref": null, "nat_name": null, "name": null, "designation": null, "Road_Class": "Other" }, "geometry": { "type": "MultiLineString", "coordinates": [ [ [ 121.4607318, 14.2971997 ], [ 121.4603567, 14.2971353 ] ] ] } },
{ "type": "Feature", "properties": { "full_id": "w143793198", "osm_id": "143793198", "osm_type": "way", "highway": "residential", "motor_vehicle": null, "bus_bay": null, "embankment": null, "handrail": null, "tunnel": null, "covered": null, "horse": null, "description": null, "bridge:structure": null, "bridge:name": null, "source_ref": null, "width": null, "motorcycle": null, "service": null, "reg_name": null, "foot": null, "source:name": null, "narrow": null, "source:nat_name": null, "shoulder:surface": null, "overtaking": null, "maxweight": null, "layer": null, "bridge": null, "shoulder:line": null, "shoulder:bicycle": null, "shoulder": null, "junction": null, "railway": null, "is_in": null, "abandoned:railway": null, "sidewalk": null, "lit": null, "razed:railway": null, "old_name": null, "short_name": null, "postal_code": null, "bicycle": null, "access": null, "lanes": null, "surface": null, "maxspeed:type": null, "maxspeed": null, "oneway": null, "name:etymology:wikidata": null, "name:etymology": null, "ref": null, "nat_name": null, "name": null, "designation": null, "Road_Class": "Barangay Road" }, "geometry": { "type": "MultiLineString", "coordinates": [ [ [ 121.4597817, 14.2971991 ], [ 121.4600545, 14.2972675 ], [ 121.4603174, 14.2973264 ] ] ] } },
{ "type": "Feature", "properties": { "full_id": "w860516731", "osm_id": "860516731", "osm_type": "way", "highway": "tertiary", "motor_vehicle": null, "bus_bay": null, "embankment": null, "handrail": null, "tunnel": null, "covered": null, "horse": null, "description": null, "bridge:structure": null, "bridge:name": null, "source_ref": null, "width": null, "motorcycle": null, "service": null, "reg_name": null, "foot": null, "source:name": null, "narrow": null, "source:nat_name": null, "shoulder:surface": null, "overtaking": null, "maxweight": null, "layer": null, "bridge": null, "shoulder:line": null, "shoulder:bicycle": null, "shoulder": null, "junction": null, "railway": null, "is_in": null, "abandoned:railway": null, "sidewalk": null, "lit": null, "razed:railway": null, "old_name": null, "short_name": null, "postal_code": null, "bicycle": null, "access": null, "lanes": null, "surface": null, "maxspeed:type": null, "maxspeed": null, "oneway": null, "name:etymology:wikidata": null, "name:etymology": null, "ref": null, "nat_name": null, "name": null, "designation": null, "Road_Class": "Municipal Road" }, "geometry": { "type": "MultiLineString", "coordinates": [ [ [ 121.4597817, 14.2971991 ], [ 121.4594579, 14.2971596 ] ] ] } },
{ "type": "Feature", "properties": { "full_id": "w110155757", "osm_id": "110155757", "osm_type": "way", "highway": "residential", "motor_vehicle": null, "bus_bay": null, "embankment": null, "handrail": null, "tunnel": null, "covered": null, "horse": null, "description": null, "bridge:structure": null, "bridge:name": null, "source_ref": null, "width": null, "motorcycle": null, "service": null, "reg_name": null, "foot": null, "source:name": null, "narrow": null, "source:nat_name": null, "shoulder:surface": null, "overtaking": null, "maxweight": null, "layer": null, "bridge": null, "shoulder:line": null, "shoulder:bicycle": null, "shoulder": null, "junction": null, "railway": null, "is_in": null, "abandoned:railway": null, "sidewalk": null, "lit": null, "razed:railway": null, "old_name": null, "short_name": null, "postal_code": null, "bicycle": null, "access": null, "lanes": null, "surface": null, "maxspeed:type": null, "maxspeed": null, "oneway": null, "name:etymology:wikidata": null, "name:etymology": null, "ref": null, "nat_name": null, "name": null, "designation": null, "Road_Class": "Barangay Road" }, "geometry": { "type": "MultiLineString", "coordinates": [ [ [ 121.4551094, 14.3101389 ], [ 121.4551362, 14.310089 ], [ 121.4551442, 14.3100821 ], [ 121.4551533, 14.3100807 ], [ 121.4551637, 14.3100818 ], [ 121.4555284, 14.310278 ], [ 121.4556301, 14.3100804 ], [ 121.4557296, 14.3098869 ], [ 121.4558463, 14.3096907 ], [ 121.4559522, 14.3094905 ], [ 121.4560971, 14.3092215 ] ] ] } },
{ "type": "Feature", "properties": { "full_id": "w110155767", "osm_id": "110155767", "osm_type": "way", "highway": "residential", "motor_vehicle": null, "bus_bay": null, "embankment": null, "handrail": null, "tunnel": null, "covered": null, "horse": null, "description": null, "bridge:structure": null, "bridge:name": null, "source_ref": null, "width": null, "motorcycle": null, "service": null, "reg_name": null, "foot": null, "source:name": null, "narrow": null, "source:nat_name": null, "shoulder:surface": null, "overtaking": null, "maxweight": null, "layer": null, "bridge": null, "shoulder:line": null, "shoulder:bicycle": null, "shoulder": null, "junction": null, "railway": null, "is_in": null, "abandoned:railway": null, "sidewalk": null, "lit": null, "razed:railway": null, "old_name": null, "short_name": null, "postal_code": null, "bicycle": null, "access": null, "lanes": null, "surface": null, "maxspeed:type": null, "maxspeed": null, "oneway": null, "name:etymology:wikidata": null, "name:etymology": null, "ref": null, "nat_name": null, "name": null, "designation": null, "Road_Class": "Barangay Road" }, "geometry": { "type": "MultiLineString", "coordinates": [ [ [ 121.4550242, 14.3095126 ], [ 121.4553048, 14.3096519 ], [ 121.4557296, 14.3098869 ], [ 121.4560327, 14.3100831 ] ] ] } },
{ "type": "Feature", "properties": { "full_id": "w110155784", "osm_id": "110155784", "osm_type": "way", "highway": "residential", "motor_vehicle": null, "bus_bay": null, "embankment": null, "handrail": null, "tunnel": null, "covered": null, "horse": null, "description": null, "bridge:structure": null, "bridge:name": null, "source_ref": null, "width": null, "motorcycle": null, "service": null, "reg_name": null, "foot": null, "source:name": null, "narrow": null, "source:nat_name": null, "shoulder:surface": null, "overtaking": null, "maxweight": null, "layer": null, "bridge": null, "shoulder:line": null, "shoulder:bicycle": null, "shoulder": null, "junction": null, "railway": null, "is_in": null, "abandoned:railway": null, "sidewalk": null, "lit": null, "razed:railway": null, "old_name": null, "short_name": null, "postal_code": null, "bicycle": null, "access": null, "lanes": null, "surface": null, "maxspeed:type": null, "maxspeed": null, "oneway": null, "name:etymology:wikidata": null, "name:etymology": null, "ref": null, "nat_name": null, "name": null, "designation": null, "Road_Class": "Barangay Road" }, "geometry": { "type": "MultiLineString", "coordinates": [ [ [ 121.4550926, 14.3092995 ], [ 121.4558463, 14.3096907 ], [ 121.4561708, 14.3098206 ] ] ] } },
{ "type": "Feature", "properties": { "full_id": "w110155795", "osm_id": "110155795", "osm_type": "way", "highway": "residential", "motor_vehicle": null, "bus_bay": null, "embankment": null, "handrail": null, "tunnel": null, "covered": null, "horse": null, "description": null, "bridge:structure": null, "bridge:name": null, "source_ref": null, "width": null, "motorcycle": null, "service": null, "reg_name": null, "foot": null, "source:name": null, "narrow": null, "source:nat_name": null, "shoulder:surface": null, "overtaking": null, "maxweight": null, "layer": null, "bridge": null, "shoulder:line": null, "shoulder:bicycle": null, "shoulder": null, "junction": null, "railway": null, "is_in": null, "abandoned:railway": null, "sidewalk": null, "lit": null, "razed:railway": null, "old_name": null, "short_name": null, "postal_code": null, "bicycle": null, "access": null, "lanes": null, "surface": null, "maxspeed:type": null, "maxspeed": null, "oneway": null, "name:etymology:wikidata": null, "name:etymology": null, "ref": null, "nat_name": null, "name": null, "designation": null, "Road_Class": "Barangay Road" }, "geometry": { "type": "MultiLineString", "coordinates": [ [ [ 121.4553246, 14.3091501 ], [ 121.4559522, 14.3094905 ] ] ] } },
{ "type": "Feature", "properties": { "full_id": "w110155842", "osm_id": "110155842", "osm_type": "way", "highway": "residential", "motor_vehicle": null, "bus_bay": null, "embankment": null, "handrail": null, "tunnel": null, "covered": null, "horse": null, "description": null, "bridge:structure": null, "bridge:name": null, "source_ref": null, "width": null, "motorcycle": null, "service": null, "reg_name": null, "foot": null, "source:name": null, "narrow": null, "source:nat_name": null, "shoulder:surface": null, "overtaking": null, "maxweight": null, "layer": null, "bridge": null, "shoulder:line": null, "shoulder:bicycle": null, "shoulder": null, "junction": null, "railway": null, "is_in": null, "abandoned:railway": null, "sidewalk": null, "lit": null, "razed:railway": null, "old_name": null, "short_name": null, "postal_code": null, "bicycle": null, "access": null, "lanes": null, "surface": null, "maxspeed:type": null, "maxspeed": null, "oneway": null, "name:etymology:wikidata": null, "name:etymology": null, "ref": null, "nat_name": null, "name": null, "designation": null, "Road_Class": "Barangay Road" }, "geometry": { "type": "MultiLineString", "coordinates": [ [ [ 121.4553688, 14.3088447 ], [ 121.4560971, 14.3092215 ], [ 121.4564458, 14.3093034 ] ] ] } },
{ "type": "Feature", "properties": { "full_id": "w110155933", "osm_id": "110155933", "osm_type": "way", "highway": "residential", "motor_vehicle": null, "bus_bay": null, "embankment": null, "handrail": null, "tunnel": null, "covered": null, "horse": null, "description": null, "bridge:structure": null, "bridge:name": null, "source_ref": null, "width": null, "motorcycle": null, "service": null, "reg_name": null, "foot": null, "source:name": null, "narrow": null, "source:nat_name": null, "shoulder:surface": null, "overtaking": null, "maxweight": null, "layer": null, "bridge": null, "shoulder:line": null, "shoulder:bicycle": null, "shoulder": null, "junction": null, "railway": null, "is_in": null, "abandoned:railway": null, "sidewalk": null, "lit": null, "razed:railway": null, "old_name": null, "short_name": null, "postal_code": null, "bicycle": null, "access": null, "lanes": null, "surface": null, "maxspeed:type": null, "maxspeed": null, "oneway": null, "name:etymology:wikidata": null, "name:etymology": null, "ref": null, "nat_name": null, "name": null, "designation": null, "Road_Class": "Barangay Road" }, "geometry": { "type": "MultiLineString", "coordinates": [ [ [ 121.4565675, 14.3080312 ], [ 121.4565743, 14.3085574 ], [ 121.4565836, 14.3088414 ], [ 121.4565757, 14.3090039 ], [ 121.4565325, 14.3090827 ] ] ] } },
{ "type": "Feature", "properties": { "full_id": "w110155971", "osm_id": "110155971", "osm_type": "way", "highway": "residential", "motor_vehicle": null, "bus_bay": null, "embankment": null, "handrail": null, "tunnel": null, "covered": null, "horse": null, "description": null, "bridge:structure": null, "bridge:name": null, "source_ref": null, "width": null, "motorcycle": null, "service": null, "reg_name": null, "foot": null, "source:name": null, "narrow": null, "source:nat_name": null, "shoulder:surface": null, "overtaking": null, "maxweight": null, "layer": null, "bridge": null, "shoulder:line": null, "shoulder:bicycle": null, "shoulder": null, "junction": null, "railway": null, "is_in": null, "abandoned:railway": null, "sidewalk": null, "lit": null, "razed:railway": null, "old_name": null, "short_name": null, "postal_code": null, "bicycle": null, "access": null, "lanes": null, "surface": null, "maxspeed:type": null, "maxspeed": null, "oneway": null, "name:etymology:wikidata": null, "name:etymology": null, "ref": null, "nat_name": null, "name": null, "designation": null, "Road_Class": "Barangay Road" }, "geometry": { "type": "MultiLineString", "coordinates": [ [ [ 121.4569587, 14.3082186 ], [ 121.4567666, 14.3085278 ], [ 121.4565836, 14.3088414 ] ] ] } },
{ "type": "Feature", "properties": { "full_id": "w110156050", "osm_id": "110156050", "osm_type": "way", "highway": "footway", "motor_vehicle": null, "bus_bay": null, "embankment": null, "handrail": null, "tunnel": null, "covered": null, "horse": null, "description": null, "bridge:structure": null, "bridge:name": null, "source_ref": null, "width": null, "motorcycle": null, "service": null, "reg_name": null, "foot": null, "source:name": null, "narrow": null, "source:nat_name": null, "shoulder:surface": null, "overtaking": null, "maxweight": null, "layer": null, "bridge": null, "shoulder:line": null, "shoulder:bicycle": null, "shoulder": null, "junction": null, "railway": null, "is_in": null, "abandoned:railway": null, "sidewalk": null, "lit": null, "razed:railway": null, "old_name": null, "short_name": null, "postal_code": null, "bicycle": null, "access": null, "lanes": null, "surface": null, "maxspeed:type": null, "maxspeed": null, "oneway": null, "name:etymology:wikidata": null, "name:etymology": null, "ref": null, "nat_name": null, "name": null, "designation": null, "Road_Class": "Other" }, "geometry": { "type": "MultiLineString", "coordinates": [ [ [ 121.4562727, 14.3089434 ], [ 121.4564538, 14.3085548 ], [ 121.4565155, 14.3085626 ], [ 121.4565743, 14.3085574 ], [ 121.456671, 14.3085366 ], [ 121.4567666, 14.3085278 ] ] ] } },
{ "type": "Feature", "properties": { "full_id": "w110156154", "osm_id": "110156154", "osm_type": "way", "highway": "residential", "motor_vehicle": null, "bus_bay": null, "embankment": null, "handrail": null, "tunnel": null, "covered": null, "horse": null, "description": null, "bridge:structure": null, "bridge:name": null, "source_ref": null, "width": null, "motorcycle": null, "service": null, "reg_name": null, "foot": null, "source:name": null, "narrow": null, "source:nat_name": null, "shoulder:surface": null, "overtaking": null, "maxweight": null, "layer": null, "bridge": null, "shoulder:line": null, "shoulder:bicycle": null, "shoulder": null, "junction": null, "railway": null, "is_in": null, "abandoned:railway": null, "sidewalk": null, "lit": null, "razed:railway": null, "old_name": null, "short_name": null, "postal_code": null, "bicycle": null, "access": null, "lanes": null, "surface": null, "maxspeed:type": null, "maxspeed": null, "oneway": null, "name:etymology:wikidata": null, "name:etymology": null, "ref": null, "nat_name": null, "name": null, "designation": null, "Road_Class": "Barangay Road" }, "geometry": { "type": "MultiLineString", "coordinates": [ [ [ 121.4556465, 14.3086069 ], [ 121.4558583, 14.3087082 ], [ 121.4560486, 14.308825 ], [ 121.4562727, 14.3089434 ], [ 121.4565325, 14.3090827 ], [ 121.4565758, 14.3091059 ] ] ] } },
{ "type": "Feature", "properties": { "full_id": "w110156274", "osm_id": "110156274", "osm_type": "way", "highway": "residential", "motor_vehicle": null, "bus_bay": null, "embankment": null, "handrail": null, "tunnel": null, "covered": null, "horse": null, "description": null, "bridge:structure": null, "bridge:name": null, "source_ref": null, "width": null, "motorcycle": null, "service": null, "reg_name": null, "foot": null, "source:name": null, "narrow": null, "source:nat_name": null, "shoulder:surface": null, "overtaking": null, "maxweight": null, "layer": null, "bridge": null, "shoulder:line": null, "shoulder:bicycle": null, "shoulder": null, "junction": null, "railway": null, "is_in": null, "abandoned:railway": null, "sidewalk": null, "lit": null, "razed:railway": null, "old_name": null, "short_name": null, "postal_code": null, "bicycle": null, "access": null, "lanes": null, "surface": null, "maxspeed:type": null, "maxspeed": null, "oneway": null, "name:etymology:wikidata": null, "name:etymology": null, "ref": null, "nat_name": null, "name": null, "designation": null, "Road_Class": "Barangay Road" }, "geometry": { "type": "MultiLineString", "coordinates": [ [ [ 121.4558181, 14.3082507 ], [ 121.4556465, 14.3086069 ] ] ] } },
{ "type": "Feature", "properties": { "full_id": "w110156362", "osm_id": "110156362", "osm_type": "way", "highway": "residential", "motor_vehicle": null, "bus_bay": null, "embankment": null, "handrail": null, "tunnel": null, "covered": null, "horse": null, "description": null, "bridge:structure": null, "bridge:name": null, "source_ref": null, "width": null, "motorcycle": null, "service": null, "reg_name": null, "foot": null, "source:name": null, "narrow": null, "source:nat_name": null, "shoulder:surface": null, "overtaking": null, "maxweight": null, "layer": null, "bridge": null, "shoulder:line": null, "shoulder:bicycle": null, "shoulder": null, "junction": null, "railway": null, "is_in": null, "abandoned:railway": null, "sidewalk": null, "lit": null, "razed:railway": null, "old_name": null, "short_name": null, "postal_code": null, "bicycle": null, "access": null, "lanes": null, "surface": null, "maxspeed:type": null, "maxspeed": null, "oneway": null, "name:etymology:wikidata": null, "name:etymology": null, "ref": null, "nat_name": null, "name": null, "designation": null, "Road_Class": "Barangay Road" }, "geometry": { "type": "MultiLineString", "coordinates": [ [ [ 121.4567851, 14.3090734 ], [ 121.4571686, 14.3083314 ] ] ] } },
{ "type": "Feature", "properties": { "full_id": "w113919801", "osm_id": "113919801", "osm_type": "way", "highway": "residential", "motor_vehicle": null, "bus_bay": null, "embankment": null, "handrail": null, "tunnel": null, "covered": null, "horse": null, "description": null, "bridge:structure": null, "bridge:name": null, "source_ref": null, "width": null, "motorcycle": null, "service": null, "reg_name": null, "foot": null, "source:name": null, "narrow": null, "source:nat_name": null, "shoulder:surface": null, "overtaking": null, "maxweight": null, "layer": null, "bridge": null, "shoulder:line": null, "shoulder:bicycle": null, "shoulder": null, "junction": null, "railway": null, "is_in": null, "abandoned:railway": null, "sidewalk": null, "lit": null, "razed:railway": null, "old_name": null, "short_name": null, "postal_code": null, "bicycle": null, "access": null, "lanes": null, "surface": null, "maxspeed:type": null, "maxspeed": null, "oneway": null, "name:etymology:wikidata": null, "name:etymology": null, "ref": null, "nat_name": null, "name": "General Luna Street", "designation": null, "Road_Class": "Barangay Road" }, "geometry": { "type": "MultiLineString", "coordinates": [ [ [ 121.4550135, 14.3112344 ], [ 121.4547633, 14.3110883 ], [ 121.4548679, 14.3108804 ], [ 121.4548659, 14.3108524 ], [ 121.4548599, 14.3108329 ], [ 121.4548458, 14.3108199 ], [ 121.4546741, 14.3107522 ] ] ] } },
{ "type": "Feature", "properties": { "full_id": "w122738193", "osm_id": "122738193", "osm_type": "way", "highway": "service", "motor_vehicle": null, "bus_bay": null, "embankment": null, "handrail": null, "tunnel": null, "covered": null, "horse": null, "description": null, "bridge:structure": null, "bridge:name": null, "source_ref": null, "width": null, "motorcycle": null, "service": null, "reg_name": null, "foot": null, "source:name": null, "narrow": null, "source:nat_name": null, "shoulder:surface": null, "overtaking": null, "maxweight": null, "layer": null, "bridge": null, "shoulder:line": null, "shoulder:bicycle": null, "shoulder": null, "junction": null, "railway": null, "is_in": null, "abandoned:railway": null, "sidewalk": null, "lit": null, "razed:railway": null, "old_name": null, "short_name": null, "postal_code": null, "bicycle": null, "access": null, "lanes": null, "surface": null, "maxspeed:type": null, "maxspeed": null, "oneway": null, "name:etymology:wikidata": null, "name:etymology": null, "ref": null, "nat_name": null, "name": null, "designation": null, "Road_Class": "Barangay Road" }, "geometry": { "type": "MultiLineString", "coordinates": [ [ [ 121.4505905, 14.3185836 ], [ 121.4506401, 14.3184004 ], [ 121.4506535, 14.3182711 ], [ 121.4506589, 14.3181736 ], [ 121.450675, 14.3180976 ], [ 121.4507125, 14.3180352 ], [ 121.4507675, 14.3180047 ], [ 121.4508238, 14.3179884 ], [ 121.4509284, 14.318004 ], [ 121.4510398, 14.3180424 ], [ 121.4510907, 14.3180657 ] ] ] } },
{ "type": "Feature", "properties": { "full_id": "w883669508", "osm_id": "883669508", "osm_type": "way", "highway": "residential", "motor_vehicle": null, "bus_bay": null, "embankment": null, "handrail": null, "tunnel": null, "covered": null, "horse": null, "description": null, "bridge:structure": null, "bridge:name": null, "source_ref": null, "width": null, "motorcycle": null, "service": null, "reg_name": null, "foot": null, "source:name": null, "narrow": null, "source:nat_name": null, "shoulder:surface": null, "overtaking": null, "maxweight": null, "layer": null, "bridge": null, "shoulder:line": null, "shoulder:bicycle": null, "shoulder": null, "junction": null, "railway": null, "is_in": null, "abandoned:railway": null, "sidewalk": null, "lit": null, "razed:railway": null, "old_name": null, "short_name": null, "postal_code": null, "bicycle": null, "access": null, "lanes": null, "surface": null, "maxspeed:type": null, "maxspeed": null, "oneway": null, "name:etymology:wikidata": null, "name:etymology": null, "ref": null, "nat_name": null, "name": null, "designation": null, "Road_Class": "Barangay Road" }, "geometry": { "type": "MultiLineString", "coordinates": [ [ [ 121.4547633, 14.3110883 ], [ 121.4546058, 14.3113878 ] ] ] } },
{ "type": "Feature", "properties": { "full_id": "w883669509", "osm_id": "883669509", "osm_type": "way", "highway": "residential", "motor_vehicle": null, "bus_bay": null, "embankment": null, "handrail": null, "tunnel": null, "covered": null, "horse": null, "description": null, "bridge:structure": null, "bridge:name": null, "source_ref": null, "width": null, "motorcycle": null, "service": null, "reg_name": null, "foot": null, "source:name": null, "narrow": null, "source:nat_name": null, "shoulder:surface": null, "overtaking": null, "maxweight": null, "layer": null, "bridge": null, "shoulder:line": null, "shoulder:bicycle": null, "shoulder": null, "junction": null, "railway": null, "is_in": null, "abandoned:railway": null, "sidewalk": null, "lit": null, "razed:railway": null, "old_name": null, "short_name": null, "postal_code": null, "bicycle": null, "access": null, "lanes": null, "surface": null, "maxspeed:type": null, "maxspeed": null, "oneway": null, "name:etymology:wikidata": null, "name:etymology": null, "ref": null, "nat_name": null, "name": null, "designation": null, "Road_Class": "Barangay Road" }, "geometry": { "type": "MultiLineString", "coordinates": [ [ [ 121.4511336, 14.3194445 ], [ 121.4514072, 14.3194678 ], [ 121.4515467, 14.319499 ], [ 121.4517405, 14.3195614 ], [ 121.452063, 14.3197004 ], [ 121.452287, 14.319818 ], [ 121.4527406, 14.320062 ], [ 121.4533451, 14.3203716 ], [ 121.4541645, 14.3207829 ], [ 121.4549236, 14.3211896 ], [ 121.4553997, 14.3214073 ], [ 121.4557081, 14.3215287 ] ] ] } },
{ "type": "Feature", "properties": { "full_id": "w883674961", "osm_id": "883674961", "osm_type": "way", "highway": "residential", "motor_vehicle": null, "bus_bay": null, "embankment": null, "handrail": null, "tunnel": null, "covered": null, "horse": null, "description": null, "bridge:structure": null, "bridge:name": null, "source_ref": null, "width": null, "motorcycle": null, "service": null, "reg_name": null, "foot": null, "source:name": null, "narrow": null, "source:nat_name": null, "shoulder:surface": null, "overtaking": null, "maxweight": null, "layer": null, "bridge": null, "shoulder:line": null, "shoulder:bicycle": null, "shoulder": null, "junction": null, "railway": null, "is_in": null, "abandoned:railway": null, "sidewalk": null, "lit": null, "razed:railway": null, "old_name": null, "short_name": null, "postal_code": null, "bicycle": null, "access": null, "lanes": null, "surface": null, "maxspeed:type": null, "maxspeed": null, "oneway": null, "name:etymology:wikidata": null, "name:etymology": null, "ref": null, "nat_name": null, "name": null, "designation": null, "Road_Class": "Barangay Road" }, "geometry": { "type": "MultiLineString", "coordinates": [ [ [ 121.4556301, 14.3100804 ], [ 121.455216, 14.3098576 ] ] ] } },
{ "type": "Feature", "properties": { "full_id": "w883675527", "osm_id": "883675527", "osm_type": "way", "highway": "service", "motor_vehicle": null, "bus_bay": null, "embankment": null, "handrail": null, "tunnel": null, "covered": null, "horse": null, "description": null, "bridge:structure": null, "bridge:name": null, "source_ref": null, "width": null, "motorcycle": null, "service": null, "reg_name": null, "foot": null, "source:name": null, "narrow": null, "source:nat_name": null, "shoulder:surface": null, "overtaking": null, "maxweight": null, "layer": null, "bridge": null, "shoulder:line": null, "shoulder:bicycle": null, "shoulder": null, "junction": null, "railway": null, "is_in": null, "abandoned:railway": null, "sidewalk": null, "lit": null, "razed:railway": null, "old_name": null, "short_name": null, "postal_code": null, "bicycle": null, "access": null, "lanes": null, "surface": null, "maxspeed:type": null, "maxspeed": null, "oneway": null, "name:etymology:wikidata": null, "name:etymology": null, "ref": null, "nat_name": null, "name": null, "designation": null, "Road_Class": "Barangay Road" }, "geometry": { "type": "MultiLineString", "coordinates": [ [ [ 121.4528142, 14.3141941 ], [ 121.4527242, 14.3143506 ], [ 121.4527027, 14.3143909 ], [ 121.4526565, 14.3144617 ], [ 121.4526363, 14.3144766 ], [ 121.4526068, 14.3144896 ] ] ] } },
{ "type": "Feature", "properties": { "full_id": "w883675528", "osm_id": "883675528", "osm_type": "way", "highway": "service", "motor_vehicle": null, "bus_bay": null, "embankment": null, "handrail": null, "tunnel": null, "covered": null, "horse": null, "description": null, "bridge:structure": null, "bridge:name": null, "source_ref": null, "width": null, "motorcycle": null, "service": null, "reg_name": null, "foot": null, "source:name": null, "narrow": null, "source:nat_name": null, "shoulder:surface": null, "overtaking": null, "maxweight": null, "layer": null, "bridge": null, "shoulder:line": null, "shoulder:bicycle": null, "shoulder": null, "junction": null, "railway": null, "is_in": null, "abandoned:railway": null, "sidewalk": null, "lit": null, "razed:railway": null, "old_name": null, "short_name": null, "postal_code": null, "bicycle": null, "access": null, "lanes": null, "surface": null, "maxspeed:type": null, "maxspeed": null, "oneway": null, "name:etymology:wikidata": null, "name:etymology": null, "ref": null, "nat_name": null, "name": null, "designation": null, "Road_Class": "Barangay Road" }, "geometry": { "type": "MultiLineString", "coordinates": [ [ [ 121.4529961, 14.3142814 ], [ 121.4528142, 14.3141941 ], [ 121.4527863, 14.3141795 ], [ 121.4523165, 14.3139335 ] ] ] } },
{ "type": "Feature", "properties": { "full_id": "w961553683", "osm_id": "961553683", "osm_type": "way", "highway": "service", "motor_vehicle": null, "bus_bay": null, "embankment": null, "handrail": null, "tunnel": null, "covered": null, "horse": null, "description": null, "bridge:structure": null, "bridge:name": null, "source_ref": null, "width": null, "motorcycle": null, "service": null, "reg_name": null, "foot": null, "source:name": null, "narrow": null, "source:nat_name": null, "shoulder:surface": null, "overtaking": null, "maxweight": null, "layer": null, "bridge": null, "shoulder:line": null, "shoulder:bicycle": null, "shoulder": null, "junction": null, "railway": null, "is_in": null, "abandoned:railway": null, "sidewalk": null, "lit": null, "razed:railway": null, "old_name": null, "short_name": null, "postal_code": null, "bicycle": null, "access": null, "lanes": null, "surface": null, "maxspeed:type": null, "maxspeed": null, "oneway": null, "name:etymology:wikidata": null, "name:etymology": null, "ref": null, "nat_name": null, "name": null, "designation": null, "Road_Class": "Barangay Road" }, "geometry": { "type": "MultiLineString", "coordinates": [ [ [ 121.4575727, 14.3083362 ], [ 121.457506, 14.3083037 ], [ 121.4574645, 14.3082805 ], [ 121.4574415, 14.3082662 ], [ 121.4574369, 14.3082555 ], [ 121.4574397, 14.3082376 ], [ 121.4574655, 14.3081965 ], [ 121.4575383, 14.3081108 ] ] ] } },
{ "type": "Feature", "properties": { "full_id": "w962171854", "osm_id": "962171854", "osm_type": "way", "highway": "footway", "motor_vehicle": null, "bus_bay": null, "embankment": null, "handrail": null, "tunnel": null, "covered": null, "horse": null, "description": null, "bridge:structure": null, "bridge:name": null, "source_ref": null, "width": null, "motorcycle": null, "service": null, "reg_name": null, "foot": null, "source:name": null, "narrow": null, "source:nat_name": null, "shoulder:surface": null, "overtaking": null, "maxweight": null, "layer": null, "bridge": null, "shoulder:line": null, "shoulder:bicycle": null, "shoulder": null, "junction": null, "railway": null, "is_in": null, "abandoned:railway": null, "sidewalk": null, "lit": null, "razed:railway": null, "old_name": null, "short_name": null, "postal_code": null, "bicycle": null, "access": null, "lanes": null, "surface": null, "maxspeed:type": null, "maxspeed": null, "oneway": null, "name:etymology:wikidata": null, "name:etymology": null, "ref": null, "nat_name": null, "name": null, "designation": null, "Road_Class": "Other" }, "geometry": { "type": "MultiLineString", "coordinates": [ [ [ 121.4511034, 14.3114658 ], [ 121.4511289, 14.3113787 ], [ 121.4511544, 14.3113157 ], [ 121.4511866, 14.3112572 ], [ 121.451194, 14.3112375 ], [ 121.4511945, 14.3112284 ], [ 121.4511925, 14.3112213 ], [ 121.4511826, 14.3112137 ], [ 121.451027, 14.3111461 ], [ 121.4502458, 14.3108238 ], [ 121.4501365, 14.3107679 ] ] ] } },
{ "type": "Feature", "properties": { "full_id": "w962171855", "osm_id": "962171855", "osm_type": "way", "highway": "footway", "motor_vehicle": null, "bus_bay": null, "embankment": null, "handrail": null, "tunnel": null, "covered": null, "horse": null, "description": null, "bridge:structure": null, "bridge:name": null, "source_ref": null, "width": null, "motorcycle": null, "service": null, "reg_name": null, "foot": null, "source:name": null, "narrow": null, "source:nat_name": null, "shoulder:surface": null, "overtaking": null, "maxweight": null, "layer": null, "bridge": null, "shoulder:line": null, "shoulder:bicycle": null, "shoulder": null, "junction": null, "railway": null, "is_in": null, "abandoned:railway": null, "sidewalk": null, "lit": null, "razed:railway": null, "old_name": null, "short_name": null, "postal_code": null, "bicycle": null, "access": null, "lanes": null, "surface": null, "maxspeed:type": null, "maxspeed": null, "oneway": null, "name:etymology:wikidata": null, "name:etymology": null, "ref": null, "nat_name": null, "name": null, "designation": null, "Road_Class": "Other" }, "geometry": { "type": "MultiLineString", "coordinates": [ [ [ 121.4498938, 14.3131245 ], [ 121.4502075, 14.3132462 ] ] ] } },
{ "type": "Feature", "properties": { "full_id": "w962171856", "osm_id": "962171856", "osm_type": "way", "highway": "service", "motor_vehicle": null, "bus_bay": null, "embankment": null, "handrail": null, "tunnel": null, "covered": null, "horse": null, "description": null, "bridge:structure": null, "bridge:name": null, "source_ref": null, "width": null, "motorcycle": null, "service": null, "reg_name": null, "foot": null, "source:name": null, "narrow": null, "source:nat_name": null, "shoulder:surface": null, "overtaking": null, "maxweight": null, "layer": null, "bridge": null, "shoulder:line": null, "shoulder:bicycle": null, "shoulder": null, "junction": null, "railway": null, "is_in": null, "abandoned:railway": null, "sidewalk": null, "lit": null, "razed:railway": null, "old_name": null, "short_name": null, "postal_code": null, "bicycle": null, "access": null, "lanes": null, "surface": null, "maxspeed:type": null, "maxspeed": null, "oneway": null, "name:etymology:wikidata": null, "name:etymology": null, "ref": null, "nat_name": null, "name": null, "designation": null, "Road_Class": "Barangay Road" }, "geometry": { "type": "MultiLineString", "coordinates": [ [ [ 121.4500113, 14.3135901 ], [ 121.4506106, 14.3138789 ] ] ] } },
{ "type": "Feature", "properties": { "full_id": "w962172417", "osm_id": "962172417", "osm_type": "way", "highway": "service", "motor_vehicle": null, "bus_bay": null, "embankment": null, "handrail": null, "tunnel": null, "covered": null, "horse": null, "description": null, "bridge:structure": null, "bridge:name": null, "source_ref": null, "width": null, "motorcycle": null, "service": null, "reg_name": null, "foot": null, "source:name": null, "narrow": null, "source:nat_name": null, "shoulder:surface": null, "overtaking": null, "maxweight": null, "layer": null, "bridge": null, "shoulder:line": null, "shoulder:bicycle": null, "shoulder": null, "junction": null, "railway": null, "is_in": null, "abandoned:railway": null, "sidewalk": null, "lit": null, "razed:railway": null, "old_name": null, "short_name": null, "postal_code": null, "bicycle": null, "access": null, "lanes": null, "surface": null, "maxspeed:type": null, "maxspeed": null, "oneway": null, "name:etymology:wikidata": null, "name:etymology": null, "ref": null, "nat_name": null, "name": null, "designation": null, "Road_Class": "Barangay Road" }, "geometry": { "type": "MultiLineString", "coordinates": [ [ [ 121.4497268, 14.3190169 ], [ 121.4499139, 14.3191651 ] ] ] } },
{ "type": "Feature", "properties": { "full_id": "w962173707", "osm_id": "962173707", "osm_type": "way", "highway": "service", "motor_vehicle": null, "bus_bay": null, "embankment": null, "handrail": null, "tunnel": null, "covered": null, "horse": null, "description": null, "bridge:structure": null, "bridge:name": null, "source_ref": null, "width": null, "motorcycle": null, "service": null, "reg_name": null, "foot": null, "source:name": null, "narrow": null, "source:nat_name": null, "shoulder:surface": null, "overtaking": null, "maxweight": null, "layer": null, "bridge": null, "shoulder:line": null, "shoulder:bicycle": null, "shoulder": null, "junction": null, "railway": null, "is_in": null, "abandoned:railway": null, "sidewalk": null, "lit": null, "razed:railway": null, "old_name": null, "short_name": null, "postal_code": null, "bicycle": null, "access": null, "lanes": null, "surface": null, "maxspeed:type": null, "maxspeed": null, "oneway": null, "name:etymology:wikidata": null, "name:etymology": null, "ref": null, "nat_name": null, "name": null, "designation": null, "Road_Class": "Barangay Road" }, "geometry": { "type": "MultiLineString", "coordinates": [ [ [ 121.4527863, 14.3141795 ], [ 121.4528757, 14.3140361 ] ] ] } },
{ "type": "Feature", "properties": { "full_id": "w962174765", "osm_id": "962174765", "osm_type": "way", "highway": "service", "motor_vehicle": null, "bus_bay": null, "embankment": null, "handrail": null, "tunnel": null, "covered": null, "horse": null, "description": null, "bridge:structure": null, "bridge:name": null, "source_ref": null, "width": null, "motorcycle": null, "service": null, "reg_name": null, "foot": null, "source:name": null, "narrow": null, "source:nat_name": null, "shoulder:surface": null, "overtaking": null, "maxweight": null, "layer": null, "bridge": null, "shoulder:line": null, "shoulder:bicycle": null, "shoulder": null, "junction": null, "railway": null, "is_in": null, "abandoned:railway": null, "sidewalk": null, "lit": null, "razed:railway": null, "old_name": null, "short_name": null, "postal_code": null, "bicycle": null, "access": null, "lanes": null, "surface": null, "maxspeed:type": null, "maxspeed": null, "oneway": null, "name:etymology:wikidata": null, "name:etymology": null, "ref": null, "nat_name": null, "name": null, "designation": null, "Road_Class": "Barangay Road" }, "geometry": { "type": "MultiLineString", "coordinates": [ [ [ 121.4546272, 14.31102 ], [ 121.4547633, 14.3110883 ] ] ] } },
{ "type": "Feature", "properties": { "full_id": "w962174766", "osm_id": "962174766", "osm_type": "way", "highway": "service", "motor_vehicle": null, "bus_bay": null, "embankment": null, "handrail": null, "tunnel": null, "covered": null, "horse": null, "description": null, "bridge:structure": null, "bridge:name": null, "source_ref": null, "width": null, "motorcycle": null, "service": null, "reg_name": null, "foot": null, "source:name": null, "narrow": null, "source:nat_name": null, "shoulder:surface": null, "overtaking": null, "maxweight": null, "layer": null, "bridge": null, "shoulder:line": null, "shoulder:bicycle": null, "shoulder": null, "junction": null, "railway": null, "is_in": null, "abandoned:railway": null, "sidewalk": null, "lit": null, "razed:railway": null, "old_name": null, "short_name": null, "postal_code": null, "bicycle": null, "access": null, "lanes": null, "surface": null, "maxspeed:type": null, "maxspeed": null, "oneway": null, "name:etymology:wikidata": null, "name:etymology": null, "ref": null, "nat_name": null, "name": null, "designation": null, "Road_Class": "Barangay Road" }, "geometry": { "type": "MultiLineString", "coordinates": [ [ [ 121.4524215, 14.3150434 ], [ 121.4520214, 14.3147989 ] ] ] } },
{ "type": "Feature", "properties": { "full_id": "w962174767", "osm_id": "962174767", "osm_type": "way", "highway": "service", "motor_vehicle": null, "bus_bay": null, "embankment": null, "handrail": null, "tunnel": null, "covered": null, "horse": null, "description": null, "bridge:structure": null, "bridge:name": null, "source_ref": null, "width": null, "motorcycle": null, "service": null, "reg_name": null, "foot": null, "source:name": null, "narrow": null, "source:nat_name": null, "shoulder:surface": null, "overtaking": null, "maxweight": null, "layer": null, "bridge": null, "shoulder:line": null, "shoulder:bicycle": null, "shoulder": null, "junction": null, "railway": null, "is_in": null, "abandoned:railway": null, "sidewalk": null, "lit": null, "razed:railway": null, "old_name": null, "short_name": null, "postal_code": null, "bicycle": null, "access": null, "lanes": null, "surface": null, "maxspeed:type": null, "maxspeed": null, "oneway": null, "name:etymology:wikidata": null, "name:etymology": null, "ref": null, "nat_name": null, "name": null, "designation": null, "Road_Class": "Barangay Road" }, "geometry": { "type": "MultiLineString", "coordinates": [ [ [ 121.4523098, 14.3152303 ], [ 121.4519329, 14.3150055 ] ] ] } },
{ "type": "Feature", "properties": { "full_id": "w962174768", "osm_id": "962174768", "osm_type": "way", "highway": "service", "motor_vehicle": null, "bus_bay": null, "embankment": null, "handrail": null, "tunnel": null, "covered": null, "horse": null, "description": null, "bridge:structure": null, "bridge:name": null, "source_ref": null, "width": null, "motorcycle": null, "service": null, "reg_name": null, "foot": null, "source:name": null, "narrow": null, "source:nat_name": null, "shoulder:surface": null, "overtaking": null, "maxweight": null, "layer": null, "bridge": null, "shoulder:line": null, "shoulder:bicycle": null, "shoulder": null, "junction": null, "railway": null, "is_in": null, "abandoned:railway": null, "sidewalk": null, "lit": null, "razed:railway": null, "old_name": null, "short_name": null, "postal_code": null, "bicycle": null, "access": null, "lanes": null, "surface": null, "maxspeed:type": null, "maxspeed": null, "oneway": null, "name:etymology:wikidata": null, "name:etymology": null, "ref": null, "nat_name": null, "name": null, "designation": null, "Road_Class": "Barangay Road" }, "geometry": { "type": "MultiLineString", "coordinates": [ [ [ 121.4524141, 14.3153663 ], [ 121.4523138, 14.3153148 ], [ 121.4523004, 14.3152869 ], [ 121.4522984, 14.3152589 ], [ 121.4523098, 14.3152303 ], [ 121.4524215, 14.3150434 ], [ 121.4524868, 14.3149341 ] ] ] } },
{ "type": "Feature", "properties": { "full_id": "w962175594", "osm_id": "962175594", "osm_type": "way", "highway": "residential", "motor_vehicle": null, "bus_bay": null, "embankment": null, "handrail": null, "tunnel": null, "covered": null, "horse": null, "description": null, "bridge:structure": null, "bridge:name": null, "source_ref": null, "width": null, "motorcycle": null, "service": null, "reg_name": null, "foot": null, "source:name": null, "narrow": null, "source:nat_name": null, "shoulder:surface": null, "overtaking": null, "maxweight": null, "layer": "1", "bridge": "yes", "shoulder:line": null, "shoulder:bicycle": null, "shoulder": null, "junction": null, "railway": null, "is_in": null, "abandoned:railway": null, "sidewalk": null, "lit": null, "razed:railway": null, "old_name": null, "short_name": null, "postal_code": null, "bicycle": null, "access": null, "lanes": null, "surface": null, "maxspeed:type": null, "maxspeed": null, "oneway": null, "name:etymology:wikidata": null, "name:etymology": null, "ref": null, "nat_name": null, "name": null, "designation": null, "Road_Class": "Barangay Road" }, "geometry": { "type": "MultiLineString", "coordinates": [ [ [ 121.4510518, 14.3194445 ], [ 121.4511336, 14.3194445 ] ] ] } },
{ "type": "Feature", "properties": { "full_id": "w962175595", "osm_id": "962175595", "osm_type": "way", "highway": "residential", "motor_vehicle": null, "bus_bay": null, "embankment": null, "handrail": null, "tunnel": null, "covered": null, "horse": null, "description": null, "bridge:structure": null, "bridge:name": null, "source_ref": null, "width": null, "motorcycle": null, "service": null, "reg_name": null, "foot": null, "source:name": null, "narrow": null, "source:nat_name": null, "shoulder:surface": null, "overtaking": null, "maxweight": null, "layer": null, "bridge": null, "shoulder:line": null, "shoulder:bicycle": null, "shoulder": null, "junction": null, "railway": null, "is_in": null, "abandoned:railway": null, "sidewalk": null, "lit": null, "razed:railway": null, "old_name": null, "short_name": null, "postal_code": null, "bicycle": null, "access": null, "lanes": null, "surface": null, "maxspeed:type": null, "maxspeed": null, "oneway": null, "name:etymology:wikidata": null, "name:etymology": null, "ref": null, "nat_name": null, "name": null, "designation": null, "Road_Class": "Barangay Road" }, "geometry": { "type": "MultiLineString", "coordinates": [ [ [ 121.4499139, 14.3191651 ], [ 121.4505369, 14.3194211 ], [ 121.4506294, 14.3194471 ], [ 121.4507541, 14.3194627 ], [ 121.4510518, 14.3194445 ] ] ] } },
{ "type": "Feature", "properties": { "full_id": "w962177517", "osm_id": "962177517", "osm_type": "way", "highway": "service", "motor_vehicle": null, "bus_bay": null, "embankment": null, "handrail": null, "tunnel": null, "covered": null, "horse": null, "description": null, "bridge:structure": null, "bridge:name": null, "source_ref": null, "width": null, "motorcycle": null, "service": null, "reg_name": null, "foot": null, "source:name": null, "narrow": null, "source:nat_name": null, "shoulder:surface": null, "overtaking": null, "maxweight": null, "layer": null, "bridge": null, "shoulder:line": null, "shoulder:bicycle": null, "shoulder": null, "junction": null, "railway": null, "is_in": null, "abandoned:railway": null, "sidewalk": null, "lit": null, "razed:railway": null, "old_name": null, "short_name": null, "postal_code": null, "bicycle": null, "access": null, "lanes": null, "surface": null, "maxspeed:type": null, "maxspeed": null, "oneway": null, "name:etymology:wikidata": null, "name:etymology": null, "ref": null, "nat_name": null, "name": null, "designation": null, "Road_Class": "Barangay Road" }, "geometry": { "type": "MultiLineString", "coordinates": [ [ [ 121.4552502, 14.3097381 ], [ 121.4553048, 14.3096519 ] ] ] } },
{ "type": "Feature", "properties": { "full_id": "w962534155", "osm_id": "962534155", "osm_type": "way", "highway": "service", "motor_vehicle": null, "bus_bay": null, "embankment": null, "handrail": null, "tunnel": null, "covered": null, "horse": null, "description": null, "bridge:structure": null, "bridge:name": null, "source_ref": null, "width": null, "motorcycle": null, "service": null, "reg_name": null, "foot": null, "source:name": null, "narrow": null, "source:nat_name": null, "shoulder:surface": null, "overtaking": null, "maxweight": null, "layer": null, "bridge": null, "shoulder:line": null, "shoulder:bicycle": null, "shoulder": null, "junction": null, "railway": null, "is_in": null, "abandoned:railway": null, "sidewalk": null, "lit": null, "razed:railway": null, "old_name": null, "short_name": null, "postal_code": null, "bicycle": null, "access": null, "lanes": null, "surface": null, "maxspeed:type": null, "maxspeed": null, "oneway": null, "name:etymology:wikidata": null, "name:etymology": null, "ref": null, "nat_name": null, "name": null, "designation": null, "Road_Class": "Barangay Road" }, "geometry": { "type": "MultiLineString", "coordinates": [ [ [ 121.4458957, 14.324533 ], [ 121.4458435, 14.3244712 ], [ 121.4458298, 14.3244231 ], [ 121.4458435, 14.324379 ], [ 121.4458794, 14.3243136 ], [ 121.446009, 14.32414 ] ] ] } },
{ "type": "Feature", "properties": { "full_id": "w962563813", "osm_id": "962563813", "osm_type": "way", "highway": "footway", "motor_vehicle": null, "bus_bay": null, "embankment": null, "handrail": null, "tunnel": null, "covered": null, "horse": null, "description": null, "bridge:structure": null, "bridge:name": null, "source_ref": null, "width": null, "motorcycle": null, "service": null, "reg_name": null, "foot": null, "source:name": null, "narrow": null, "source:nat_name": null, "shoulder:surface": null, "overtaking": null, "maxweight": null, "layer": null, "bridge": null, "shoulder:line": null, "shoulder:bicycle": null, "shoulder": null, "junction": null, "railway": null, "is_in": null, "abandoned:railway": null, "sidewalk": null, "lit": null, "razed:railway": null, "old_name": null, "short_name": null, "postal_code": null, "bicycle": null, "access": null, "lanes": null, "surface": null, "maxspeed:type": null, "maxspeed": null, "oneway": null, "name:etymology:wikidata": null, "name:etymology": null, "ref": null, "nat_name": null, "name": null, "designation": null, "Road_Class": "Other" }, "geometry": { "type": "MultiLineString", "coordinates": [ [ [ 121.4433021, 14.3294526 ], [ 121.443341, 14.3294639 ], [ 121.4433878, 14.3294601 ], [ 121.4434072, 14.3294464 ], [ 121.4438532, 14.3290188 ] ] ] } }
]
}
